[38;5;11mWARNING: [0mMCP server '[38;5;10mknowledge-base[0m' is already configured in agent config. Skipping duplicate from legacy mcp.json.
[38;5;11mWARNING: [0mMCP server '[38;5;10mkiro-investigation[0m' is already configured in agent config. Skipping duplicate from legacy mcp.json.
[38;5;11mWARNING: [0mMCP server '[38;5;10mkiro-agents[0m' is already configured in agent config. Skipping duplicate from legacy mcp.json.
[38;5;11mWARNING: [0mMCP server '[38;5;10mknowledge-base[0m' is already configured in agent config. Skipping duplicate from legacy mcp.json.
[38;5;11mWARNING: [0mMCP server '[38;5;10mkiro-investigation[0m' is already configured in agent config. Skipping duplicate from legacy mcp.json.
[38;5;11mWARNING: [0mMCP server '[38;5;10mkiro-agents[0m' is already configured in agent config. Skipping duplicate from legacy mcp.json.
[38;5;11mWARNING: [0mMCP server '[38;5;10mknowledge-base[0m' is already configured in agent config. Skipping duplicate from legacy mcp.json.
[38;5;11mWARNING: [0mMCP server '[38;5;10maws-support-troubleshooting-mcp[0m' is already configured in agent config. Skipping duplicate from legacy mcp.json.
[38;5;11mWARNING: [0mMCP server '[38;5;10mkiro-investigation[0m' is already configured in agent config. Skipping duplicate from legacy mcp.json.
[38;5;11mWARNING: [0mMCP server '[38;5;10mkiro-agents[0m' is already configured in agent config. Skipping duplicate from legacy mcp.json.
[38;5;11mWARNING: [0mMCP server '[38;5;10mknowledge-base[0m' is already configured in agent config. Skipping duplicate from legacy mcp.json.
[38;5;11mWARNING: [0mMCP server '[38;5;10mkiro-investigation[0m' is already configured in agent config. Skipping duplicate from legacy mcp.json.
[38;5;11mWARNING: [0mMCP server '[38;5;10mkiro-agents[0m' is already configured in agent config. Skipping duplicate from legacy mcp.json.
[38;5;11mWARNING: [0mMCP server '[38;5;10mknowledge-base[0m' is already configured in agent config. Skipping duplicate from legacy mcp.json.
[38;5;11mWARNING: [0mMCP server '[38;5;10maws-support-troubleshooting-mcp[0m' is already configured in agent config. Skipping duplicate from legacy mcp.json.
[38;5;11mWARNING: [0mMCP server '[38;5;10mkiro-investigation[0m' is already configured in agent config. Skipping duplicate from legacy mcp.json.
[38;5;11mWARNING: [0mMCP server '[38;5;10mkiro-agents[0m' is already configured in agent config. Skipping duplicate from legacy mcp.json.
[38;5;11mWARNING: [0mMCP server '[38;5;10mknowledge-base[0m' is already configured in agent config. Skipping duplicate from legacy mcp.json.
[38;5;11mWARNING: [0mMCP server '[38;5;10maws-support-troubleshooting-mcp[0m' is already configured in agent config. Skipping duplicate from legacy mcp.json.
[38;5;11mWARNING: [0mMCP server '[38;5;10mkiro-investigation[0m' is already configured in agent config. Skipping duplicate from legacy mcp.json.
[38;5;11mWARNING: [0mMCP server '[38;5;10mkiro-agents[0m' is already configured in agent config. Skipping duplicate from legacy mcp.json.
[38;5;11mWARNING: [0mMCP server '[38;5;10mknowledge-base[0m' is already configured in agent config. Skipping duplicate from legacy mcp.json.
[38;5;11mWARNING: [0mMCP server '[38;5;10mknowledge-base[0m' is already configured in agent config. Skipping duplicate from legacy mcp.json.
[38;5;11mWARNING: [0mMCP server '[38;5;10mknowledge-base[0m' is already configured in agent config. Skipping duplicate from legacy mcp.json.
[38;5;11mWARNING: [0mMCP server '[38;5;10mkiro-investigation[0m' is already configured in agent config. Skipping duplicate from legacy mcp.json.
[38;5;11mWARNING: [0mMCP server '[38;5;10mkiro-agents[0m' is already configured in agent config. Skipping duplicate from legacy mcp.json.
[38;5;11mWARNING: [0mMCP server '[38;5;10mknowledge-base[0m' is already configured in agent config. Skipping duplicate from legacy mcp.json.
[38;5;11mWARNING: [0mMCP server '[38;5;10mkiro-investigation[0m' is already configured in agent config. Skipping duplicate from legacy mcp.json.
[38;5;11mWARNING: [0mMCP server '[38;5;10mkiro-agents[0m' is already configured in agent config. Skipping duplicate from legacy mcp.json.
[38;5;11mWARNING: [0mMCP server '[38;5;10mknowledge-base[0m' is already configured in agent config. Skipping duplicate from legacy mcp.json.
[38;5;11mWARNING: [0mMCP server '[38;5;10mkiro-investigation[0m' is already configured in agent config. Skipping duplicate from legacy mcp.json.
[38;5;11mWARNING: [0mMCP server '[38;5;10mkiro-agents[0m' is already configured in agent config. Skipping duplicate from legacy mcp.json.
[38;5;11mWARNING: [0mMCP server '[38;5;10mknowledge-base[0m' is already configured in agent config. Skipping duplicate from legacy mcp.json.
[38;5;11mWARNING: [0mDuplicate agent with name [38;5;10maws-sap-c02-agent[0m was found in the global directory.
[0m[38;5;11mWARNING: [0mMCP server '[38;5;10mknowledge-base[0m' is already configured in agent config. Skipping duplicate from legacy mcp.json.
[38;5;11mWARNING: [0mMCP server '[38;5;10mkiro-investigation[0m' is already configured in agent config. Skipping duplicate from legacy mcp.json.
[38;5;11mWARNING: [0mMCP server '[38;5;10mkiro-agents[0m' is already configured in agent config. Skipping duplicate from legacy mcp.json.
[38;5;11mWARNING: [0mMCP server '[38;5;10mknowledge-base[0m' is already configured in agent config. Skipping duplicate from legacy mcp.json.
[38;5;11mWARNING: [0mMCP server '[38;5;10mkiro-investigation[0m' is already configured in agent config. Skipping duplicate from legacy mcp.json.
[38;5;11mWARNING: [0mMCP server '[38;5;10mkiro-agents[0m' is already configured in agent config. Skipping duplicate from legacy mcp.json.
[38;5;11mWARNING: [0mMCP server '[38;5;10mknowledge-base[0m' is already configured in agent config. Skipping duplicate from legacy mcp.json.
[38;5;11mWARNING: [0mMCP server '[38;5;10maws-support-troubleshooting-mcp[0m' is already configured in agent config. Skipping duplicate from legacy mcp.json.
[32mAll tools are now trusted ([0m[31m![0m[32m). Kiro will execute tools without asking for confirmation.[0m
Agents can sometimes do unexpected things so understand the risks.

Learn more at [38;5;141mhttps://kiro.dev/docs/cli/chat/security/#using-tools-trust-all-safely[0m


[38;5;12m[1m📷 Checkpoints are enabled! (took 1.21s)

[0m
[38;5;252m[0m[?25l[?25l[0m[0m[38;5;12mI'll share my reasoning process[0m[38;5;244m (using tool: thinking)[0m: I need to investigate the bible-expert project focusing on OT quality and the unified analysis HTML generator. Let me start by setting up the output files and then systematically examine the code.
[38;5;244m - Completed in 1.446s[0m
[38;5;12m[1m [1.1][0m[0m
[?25l[0m[?25l[0m[0mI will run the following command: [38;5;141mmkdir -p /Users/murivirg/work/github/bible-expert/investigation/cdd60333/c3-context && printf '%s|Starting investigation\n' "$(date +%H:%M:%S)" >> /Users/murivirg/work/github/bible-expert/investigation/cdd60333/c3-context/nodes[0m[38;5;244m (using tool: shell)[0m

[38;5;244m - Completed in 1.419s[0m
[38;5;12m[1m [1.2][0m[0m
[?25l[0m[?25l[0m[0mI will run the following command: [38;5;141mcat /Users/murivirg/work/github/bible-expert/investigation/cdd60333/directives.jsonl 2>/dev/null[0m[38;5;244m (using tool: shell)[0m

[38;5;244m - Completed in 1.535s[0m
[38;5;12m[1m [1.3][0m[0m
[?25l[0m[?25l[?25l[0m[0mGetting symbols from: [38;5;141m/Users/murivirg/work/github/bible-expert/study_html_generator.py[0m [[38;5;12mtop_level=true[0m][38;5;244m (using tool: code)[0mGetting symbols from: [38;5;141m/Users/murivirg/work/github/bible-expert/unified_html_generator.py[0m [[38;5;12mtop_level=true[0m][38;5;244m (using tool: code)[0m
⠋ Loading...⠙ Loading...[2K[1G[1A[?25l
  1. [38;5;12mFunction[0m [38;5;141m_build_html[0m at [38;5;141mstudy_html_generator.py[0m:[38;5;244m721:1
[0m  2. [38;5;12mFunction[0m [38;5;141mchapter_data_is_ot[0m at [38;5;141mstudy_html_generator.py[0m:[38;5;244m716:1
[0m  3. [38;5;12mFunction[0m [38;5;141mgenerate_study_html[0m at [38;5;141mstudy_html_generator.py[0m:[38;5;244m686:1
[0m  4. [38;5;12mFunction[0m [38;5;141m_generate_grounded_exegetical[0m at [38;5;141mstudy_html_generator.py[0m:[38;5;244m622:1
[0m  5. [38;5;12mFunction[0m [38;5;141m_generate_patristic_analysis[0m at [38;5;141mstudy_html_generator.py[0m:[38;5;244m491:1
[0m  [38;5;244m(8 more items found)
[0m[38;5;244m - Completed in 1.412s[0m
[38;5;12m[1m [1.4][0m[0m

⠋ Loading...⠙ Loading...[2K[1G[1A[?25l
  1. [38;5;12mFunction[0m [38;5;141m_build_unified_body[0m at [38;5;141munified_html_generator.py[0m:[38;5;244m721:1
[0m  2. [38;5;12mFunction[0m [38;5;141m_build_unified_page[0m at [38;5;141munified_html_generator.py[0m:[38;5;244m620:1
[0m  3. [38;5;12mFunction[0m [38;5;141m_find_variant_pos[0m at [38;5;141munified_html_generator.py[0m:[38;5;244m602:1
[0m  4. [38;5;12mFunction[0m [38;5;141m_render_tc_content[0m at [38;5;141munified_html_generator.py[0m:[38;5;244m494:1
[0m  5. [38;5;12mFunction[0m [38;5;141m_render_patr_theme_inline[0m at [38;5;141munified_html_generator.py[0m:[38;5;244m449:1
[0m  [38;5;244m(10 more items found)
[0m[38;5;244m - Completed in 1.348s[0m
[38;5;12m[1m [1.5][0m[0m
[?25l[0m[?25l[0m[0mReading file: [38;5;141m/Users/murivirg/work/github/bible-expert/study_html_generator.py[0m, from line [38;5;141m39[0m to [38;5;141m150[0m[38;5;244m (using tool: read)[0m
[38;5;10m ✓ [0mSuccessfully read [38;5;244m6291 bytes[0m from /Users/murivirg/work/github/bible-expert/study_html_generator.py
[38;5;244m - Completed in 1.282s[0m
[38;5;12m[1m [1.6][0m[0m
[?25l[0m[?25l[0m[0mReading file: [38;5;141m/Users/murivirg/work/github/bible-expert/study_html_generator.py[0m, from line [38;5;141m150[0m to [38;5;141m312[0m[38;5;244m (using tool: read)[0m
[38;5;10m ✓ [0mSuccessfully read [38;5;244m8469 bytes[0m from /Users/murivirg/work/github/bible-expert/study_html_generator.py
[38;5;244m - Completed in 1.272s[0m
[38;5;12m[1m [1.7][0m[0m
[?25l[0m[?25l[0m[0mI will run the following command: [38;5;141mprintf '%s|Reading gather_chapter_data\n' "$(date +%H:%M:%S)" >> /Users/murivirg/work/github/bible-expert/investigation/cdd60333/c3-context/nodes[0m[38;5;244m (using tool: shell)[0m

[38;5;244m - Completed in 1.329s[0m
[38;5;12m[1m [1.8][0m[0m
[?25l[0m[?25l[0m[0mI will run the following command: [38;5;141mecho '{"from":"c3-context","finding":"gather_chapter_data loads WLC morph as primary for OT, LXX morph as separate lxx_morphology dict, and generates LXX-ES translation via _translate_lxx"}' >> /Users/murivirg/work/github/bible-expert/investigation/cdd60333/shared_findings.jsonl[0m[38;5;244m (using tool: shell)[0m

[38;5;244m - Completed in 1.257s[0m
[38;5;12m[1m [1.9][0m[0m
[?25l[0m[38;5;141m> [0mNow let me look at the [38;5;10m_build_html[0m function in study_html_generator.py — the JS template:[0m[0m
[?25l[0m[0mReading file: [38;5;141m/Users/murivirg/work/github/bible-expert/study_html_generator.py[0m, from line [38;5;141m721[0m to [38;5;141m850[0m[38;5;244m (using tool: read)[0m
[38;5;10m ✓ [0mSuccessfully read [38;5;244m9303 bytes[0m from /Users/murivirg/work/github/bible-expert/study_html_generator.py
[38;5;244m - Completed in 1.264s[0m
[38;5;12m[1m [1.10][0m[0m
[?25l[0m[?25l[0m[0mReading file: [38;5;141m/Users/murivirg/work/github/bible-expert/study_html_generator.py[0m, from line [38;5;141m850[0m to [38;5;141m1050[0m[38;5;244m (using tool: read)[0m
[38;5;10m ✓ [0mSuccessfully read [38;5;244m12307 bytes[0m from /Users/murivirg/work/github/bible-expert/study_html_generator.py
[38;5;244m - Completed in 1.341s[0m
[38;5;12m[1m [1.11][0m[0m
[?25l[0m[?25l[0m[0mReading file: [38;5;141m/Users/murivirg/work/github/bible-expert/study_html_generator.py[0m, from line [38;5;141m1050[0m to [38;5;141m1200[0m[38;5;244m (using tool: read)[0m
[38;5;10m ✓ [0mSuccessfully read [38;5;244m9596 bytes[0m from /Users/murivirg/work/github/bible-expert/study_html_generator.py
[38;5;244m - Completed in 1.321s[0m
[38;5;12m[1m [1.12][0m[0m
[?25l[0m[?25l[0m[0mReading file: [38;5;141m/Users/murivirg/work/github/bible-expert/study_html_generator.py[0m, from line [38;5;141m1200[0m to [38;5;141m1380[0m[38;5;244m (using tool: read)[0m
[38;5;10m ✓ [0mSuccessfully read [38;5;244m11663 bytes[0m from /Users/murivirg/work/github/bible-expert/study_html_generator.py
[38;5;244m - Completed in 2.34s[0m
[38;5;12m[1m [1.13][0m[0m
[?25l[0m[?25l[0m[0mI will run the following command: [38;5;141mprintf '%s|Analyzing renderMorph JS\n' "$(date +%H:%M:%S)" >> /Users/murivirg/work/github/bible-expert/investigation/cdd60333/c3-context/nodes[0m[38;5;244m (using tool: shell)[0m

[38;5;244m - Completed in 1.367s[0m
[38;5;12m[1m [1.14][0m[0m
[?25l[0m[?25l[0m[0mI will run the following command: [38;5;141mecho '{"from":"c3-context","finding":"BUG: renderMorph for WLC uses D.morphology but WLC morph codes (OSHM like HNcmsa) go through explainEnding/verbTenseEs which expect RMAC V-AAI-3S format. These functions will silently fail (return empty string) for Hebrew codes."}' >> /Users/murivirg/work/github/bible-expert/investigation/cdd60333/shared_findings.jsonl[0m[38;5;244m (using tool: shell)[0m

[38;5;244m - Completed in 1.295s[0m
[38;5;12m[1m [1.15][0m[0m
[?25l[0m[38;5;141m> [0mNow let me look at the unified_html_generator.py:[0m[0m
[?25l[0m[0mReading file: [38;5;141m/Users/murivirg/work/github/bible-expert/unified_html_generator.py[0m, from line [38;5;141m1[0m to [38;5;141m138[0m[38;5;244m (using tool: read)[0m
[38;5;10m ✓ [0mSuccessfully read [38;5;244m10305 bytes[0m from /Users/murivirg/work/github/bible-expert/unified_html_generator.py
[38;5;244m - Completed in 1.357s[0m
[38;5;12m[1m [1.16][0m[0m
[?25l[0m[?25l[0m[0mReading file: [38;5;141m/Users/murivirg/work/github/bible-expert/unified_html_generator.py[0m, from line [38;5;141m139[0m to [38;5;141m410[0m[38;5;244m (using tool: read)[0m
[38;5;10m ✓ [0mSuccessfully read [38;5;244m11415 bytes[0m from /Users/murivirg/work/github/bible-expert/unified_html_generator.py
[38;5;244m - Completed in 1.330s[0m
[38;5;12m[1m [1.17][0m[0m
[?25l[0m[?25l[0m[0mReading file: [38;5;141m/Users/murivirg/work/github/bible-expert/unified_html_generator.py[0m, from line [38;5;141m410[0m to [38;5;141m620[0m[38;5;244m (using tool: read)[0m
[38;5;10m ✓ [0mSuccessfully read [38;5;244m10171 bytes[0m from /Users/murivirg/work/github/bible-expert/unified_html_generator.py
[38;5;244m - Completed in 1.307s[0m
[38;5;12m[1m [1.18][0m[0m
[?25l[0m[?25l[0m[0mReading file: [38;5;141m/Users/murivirg/work/github/bible-expert/unified_html_generator.py[0m, from line [38;5;141m620[0m to end of file[38;5;244m (using tool: read)[0m
[38;5;10m ✓ [0mSuccessfully read [38;5;244m18221 bytes[0m from /Users/murivirg/work/github/bible-expert/unified_html_generator.py
[38;5;244m - Completed in 1.314s[0m
[38;5;12m[1m [1.19][0m[0m
[?25l[0m[?25l[0m[0mI will run the following command: [38;5;141mprintf '%s|Checking unified gaps\n' "$(date +%H:%M:%S)" >> /Users/murivirg/work/github/bible-expert/investigation/cdd60333/c3-context/nodes[0m[38;5;244m (using tool: shell)[0m

[38;5;244m - Completed in 1.376s[0m
[38;5;12m[1m [1.20][0m[0m
[?25l[0m[?25l[0m[0mI will run the following command: [38;5;141mecho '{"from":"c3-context","finding":"unified_html_generator.py does NOT use lxx_morphology or lxx_spanish at all. It only renders D.morphology (which is WLC for OT). Missing: LXX line, LXX-ES translation, WLC text line. Only shows Greek line."}' >> /Users/murivirg/work/github/bible-expert/investigation/cdd60333/shared_findings.jsonl[0m[38;5;244m (using tool: shell)[0m

[38;5;244m - Completed in 1.292s[0m
[38;5;12m[1m [1.21][0m[0m
[?25l[0m[38;5;141m> [0mNow let me check how the [38;5;10mcandidates[0m list is built for OT books in server.py:[0m[0m
[?25l[0m[0mSearching for: [38;5;141mcandidates[0m in [38;5;141m/Users/murivirg/work/github/bible-expert[0m ([38;5;141m*.py[0m)[38;5;244m (using tool: grep)[0m
[38;5;10m ✓ [0mSuccessfully found [38;5;244m30 matches[0m in [38;5;244m3 files[0m under /Users/murivirg/work/github/bible-expert (result is truncated)
[38;5;244m - Completed in 1.439s[0m
[38;5;12m[1m [1.22][0m[0m
[?25l[0m[?25l[0m[0mSearching for: [38;5;141mget_all_db_names[0m in [38;5;141m/Users/murivirg/work/github/bible-expert[0m ([38;5;141m*.py[0m)[38;5;244m (using tool: grep)[0m
[38;5;10m ✓ [0mSuccessfully found [38;5;244m7 matches[0m in [38;5;244m2 files[0m under /Users/murivirg/work/github/bible-expert (result is truncated)
[38;5;244m - Completed in 1.354s[0m
[38;5;12m[1m [1.23][0m[0m
[?25l[0m[?25l[0m[0mLooking up symbols: ["[38;5;141mget_all_db_names[0m"][0m in [38;5;244m/Users/murivirg/work/github/bible-expert/books.py[0m[38;5;244m (using tool: code)[0m
⠋ Loading...⠙ Loading...[2K[1G[1A[?25l
Found [38;5;141m1[0m of [38;5;141m1[0m symbols:
  1. [38;5;12mFunction[0m [38;5;141mget_all_db_names[0m at [38;5;141mbooks.py[0m:[38;5;244m124:1
[0m[38;5;244m - Completed in 1.629s[0m
[38;5;12m[1m [1.24][0m[0m
[?25l[0m[?25l[0m[0mReading file: [38;5;141m/Users/murivirg/work/github/bible-expert/books.py[0m, from line [38;5;141m1[0m to [38;5;141m125[0m[38;5;244m (using tool: read)[0m
[38;5;10m ✓ [0mSuccessfully read [38;5;244m11041 bytes[0m from /Users/murivirg/work/github/bible-expert/books.py
[38;5;244m - Completed in 1.425s[0m
[38;5;12m[1m [1.25][0m[0m
[?25l[0m[38;5;141m> [0mGood. Now let me check the DB for OT morphology vs verse word counts and commentaries:[0m[0m
[?25l[0m[0mI will run the following command: [38;5;141msqlite3 ~/.kiro/mcp-servers/bible-tools/db/bible.db "SELECT version, COUNT(*) FROM morphology GROUP BY version;" 2>/dev/null[0m[38;5;244m (using tool: shell)[0m

LXX|623693
MorphGNT|138013
WLC|306785
[38;5;244m - Completed in 1.530s[0m
[38;5;12m[1m [1.26][0m[0m
[?25l[0m[?25l[0m[0mI will run the following command: [38;5;141msqlite3 ~/.kiro/mcp-servers/bible-tools/db/bible.db "SELECT COUNT(DISTINCT book) FROM commentaries;" 2>/dev/null && sqlite3 ~/.kiro/mcp-servers/bible-tools/db/bible.db "SELECT DISTINCT book FROM commentaries LIMIT 20;" 2>/dev/null[0m[38;5;244m (using tool: shell)[0m

27
1 Corinthians
1 John
1 Peter
1 Thessalonians
1 Timothy
2 Corinthians
2 John
2 Peter
2 Thessalonians
2 Timothy
3 John
Acts
Colossians
Ephesians
Galatians
Hebrews
James
John
Jude
Luke
[38;5;244m - Completed in 1.265s[0m
[38;5;12m[1m [1.27][0m[0m
[?25l[0m[?25l[0m[0mI will run the following command: [38;5;141msqlite3 ~/.kiro/mcp-servers/bible-tools/db/bible.db "SELECT DISTINCT book FROM commentaries ORDER BY book;" 2>/dev/null[0m[38;5;244m (using tool: shell)[0m

1 Corinthians
1 John
1 Peter
1 Thessalonians
1 Timothy
2 Corinthians
2 John
2 Peter
2 Thessalonians
2 Timothy
3 John
Acts
Colossians
Ephesians
Galatians
Hebrews
James
John
Jude
Luke
Mark
Matthew
Philemon
Philippians
Revelation
Romans
Titus
[38;5;244m - Completed in 1.256s[0m
[38;5;12m[1m [1.28][0m[0m
[?25l[0m[?25l[0m[0mI will run the following command: [38;5;141mecho '{"from":"c3-context","finding":"commentaries table is NT-ONLY (27 NT books). OT chapters get zero exegetical commentaries (Robertson, Vincent etc.) - the showExegetical button never appears for OT."}' >> /Users/murivirg/work/github/bible-expert/investigation/cdd60333/shared_findings.jsonl[0m[38;5;244m (using tool: shell)[0m

[38;5;244m - Completed in 1.397s[0m
[38;5;12m[1m [1.29][0m[0m
[?25l[0m[?25l[0m[0mI will run the following command: [38;5;141mprintf '%s|Checking DB integrity\n' "$(date +%H:%M:%S)" >> /Users/murivirg/work/github/bible-expert/investigation/cdd60333/c3-context/nodes[0m[38;5;244m (using tool: shell)[0m

[38;5;244m - Completed in 1.399s[0m
[38;5;12m[1m [1.30][0m[0m
[?25l[0m[38;5;141m> [0mNow let me check for WLC word count mismatches with verse text:[0m[0m
[?25l[0m[0mI will run the following command: [38;5;141msqlite3 ~/.kiro/mcp-servers/bible-tools/db/bible.db "
-- Compare WLC morphology word count vs WLC verse text word count per book
WITH morph_counts AS (
  SELECT book, COUNT(*) as morph_words FROM morphology WHERE version='WLC' GROUP BY book
),
verse_words AS (
  SELECT book, SUM(LENGTH(text) - LENGTH(REPLACE(text, ' ', '')) + 1) as text_words 
  FROM verses WHERE version='WLC' GROUP BY book
)
SELECT m.book, m.morph_words, v.text_words, m.morph_words - v.text_words as diff
FROM morph_counts m JOIN verse_words v ON m.book = v.book
WHERE ABS(m.morph_words - v.text_words) > 50
ORDER BY ABS(diff) DESC LIMIT 15;
" 2>/dev/null[0m[38;5;244m (using tool: shell)[0m

[38;5;244m - Completed in 1.637s[0m
[38;5;12m[1m [1.31][0m[0m
[?25l[0m[?25l[0m[0mI will run the following command: [38;5;141msqlite3 ~/.kiro/mcp-servers/bible-tools/db/bible.db "
WITH morph_counts AS (
  SELECT book, COUNT(*) as morph_words FROM morphology WHERE version='WLC' GROUP BY book
),
verse_words AS (
  SELECT book, SUM(LENGTH(text) - LENGTH(REPLACE(text, ' ', '')) + 1) as text_words 
  FROM verses WHERE version='WLC' GROUP BY book
)
SELECT m.book, m.morph_words, v.text_words, m.morph_words - v.text_words as diff
FROM morph_counts m JOIN verse_words v ON m.book = v.book
ORDER BY ABS(diff) DESC LIMIT 10;
" 2>/dev/null[0m[38;5;244m (using tool: shell)[0m

1Chr|10790|10790|0
1Kgs|13186|13186|0
1Sam|13335|13335|0
2Chr|13354|13354|0
2Kgs|12354|12354|0
2Sam|11130|11130|0
Amos|2045|2045|0
Dan|6035|6035|0
Deut|14320|14320|0
Eccl|2999|2999|0
[38;5;244m - Completed in 1.417s[0m
[38;5;12m[1m [1.32][0m[0m
[?25l[0m[?25l[0m[0mI will run the following command: [38;5;141msqlite3 ~/.kiro/mcp-servers/bible-tools/db/bible.db "
-- Check if morphology book names match the canonical ones from verses table
SELECT m.book, COUNT(*) FROM morphology m WHERE m.version='WLC' 
AND m.book NOT IN (SELECT DISTINCT book FROM verses WHERE version='WLC')
GROUP BY m.book;
" 2>/dev/null[0m[38;5;244m (using tool: shell)[0m

[38;5;244m - Completed in 1.418s[0m
[38;5;12m[1m [1.33][0m[0m
[?25l[0m[?25l[0m[0mI will run the following command: [38;5;141msqlite3 ~/.kiro/mcp-servers/bible-tools/db/bible.db "
-- Check book naming discrepancy between WLC morphology and the canonical book names
SELECT DISTINCT m.book FROM morphology m WHERE m.version='WLC' LIMIT 5;
" 2>/dev/null && echo "---" && sqlite3 ~/.kiro/mcp-servers/bible-tools/db/bible.db "SELECT DISTINCT book FROM verses WHERE version='WLC' LIMIT 5;" 2>/dev/null[0m[38;5;244m (using tool: shell)[0m

1Chr
1Kgs
1Sam
2Chr
2Kgs
---
1Chr
1Kgs
1Sam
2Chr
2Kgs
[38;5;244m - Completed in 1.544s[0m
[38;5;12m[1m [1.34][0m[0m
[?25l[0m[?25l[0m[0mI will run the following command: [38;5;141m# Check: are book names in morphology using abbreviated form while books.py uses full names?
sqlite3 ~/.kiro/mcp-servers/bible-tools/db/bible.db "SELECT DISTINCT book FROM morphology WHERE version='WLC' ORDER BY book;" 2>/dev/null[0m[38;5;244m (using tool: shell)[0m

1Chr
1Kgs
1Sam
2Chr
2Kgs
2Sam
Amos
Dan
Deut
Eccl
Esth
Exod
Ezek
Ezra
Gen
Hab
Hag
Hos
Isa
Jer
Job
Joel
Jonah
Josh
Judg
Lam
Lev
Mal
Mic
Nah
Neh
Num
Obad
Prov
Ps
Ruth
Song
Zech
Zeph
[38;5;244m - Completed in 1.380s[0m
[38;5;12m[1m [1.35][0m[0m
[?25l[0m[?25l[0m[0m[38;5;12mI'll share my reasoning process[0m[38;5;244m (using tool: thinking)[0m: This is a CRITICAL finding! The WLC morphology table uses abbreviated book names like "Gen", "Exod", "Ps", "1Sam" etc., while the books.py canonical names are "Genesis", "Exodus", "Psalms", "1 Samuel". The `candidates` list from `get_all_db_names("Genesis")` returns `["Genesis", "Gen", "Gn", "Génesis", ...]`, which DOES include "Gen" as an alias. So when the code does `for b in candidates:` and queries `WHERE book=?`, it will try "Genesis" first (no match), then "Gen" (match). So this should work. Let me verify this is the same for verses.
[38;5;244m - Completed in 1.266s[0m
[38;5;12m[1m [1.36][0m[0m
[?25l[0m[?25l[0m[0mI will run the following command: [38;5;141m# Verify that verses table also uses abbreviated names for WLC
sqlite3 ~/.kiro/mcp-servers/bible-tools/db/bible.db "SELECT DISTINCT book FROM verses WHERE version='WLC' ORDER BY book;" 2>/dev/null[0m[38;5;244m (using tool: shell)[0m

1Chr
1Kgs
1Sam
2Chr
2Kgs
2Sam
Amos
Dan
Deut
Eccl
Esth
Exod
Ezek
Ezra
Gen
Hab
Hag
Hos
Isa
Jer
Job
Joel
Jonah
Josh
Judg
Lam
Lev
Mal
Mic
Nah
Neh
Num
Obad
Prov
Ps
Ruth
Song
Zech
Zeph
[38;5;244m - Completed in 1.324s[0m
[38;5;12m[1m [1.37][0m[0m
[?25l[0m[?25l[0m[0mI will run the following command: [38;5;141m# Now check LXX morphology book names
sqlite3 ~/.kiro/mcp-servers/bible-tools/db/bible.db "SELECT DISTINCT book FROM morphology WHERE version='LXX' ORDER BY book;" 2>/dev/null[0m[38;5;244m (using tool: shell)[0m

1Chr
1Esdr
1Kgs
1Macc
1Sam
2Chr
2Esdr
2Kgs
2Macc
2Sam
3Macc
4Macc
Amos
Bar
BelOG
BelTh
DanOG
DanTh
Deut
Eccl
EpJer
Esth
Exod
Ezek
Gen
Hab
Hag
Hos
Isa
Jdt
Jer
Job
Joel
Jonah
JoshA
JoshB
JudgA
JudgB
Lam
Lev
Mal
Mic
Nah
Num
Obad
Odes
Prov
Ps
PsSol
Ruth
Sir
Song
SusOG
SusTh
TobBA
TobS
Wis
Zech
Zeph
[38;5;244m - Completed in 1.398s[0m
[38;5;12m[1m [1.38][0m[0m
[?25l[0m[?25l[0m[0m[38;5;12mI'll share my reasoning process[0m[38;5;244m (using tool: thinking)[0m: Interesting! LXX morphology uses "JoshA", "JoshB", "JudgA", "JudgB" for Joshua and Judges, and "DanOG", "DanTh" for Daniel (Old Greek vs Theodotion), "BelOG", "BelTh", "SusOG", "SusTh". Let me check if these are in the candidates list from books.py.

Looking at books.py entry for Joshua: `6: ("Joshua", ["Josh", "Jos", "Josué", ...])` — it doesn't have "JoshA" or "JoshB" as aliases. Same for Judges: `7: ("Judges", ["Judg", "Jdg", ...])` — no "JudgA" or "JudgB".

This means the `candidates` list for "Joshua" would be ["Joshua", "Josh", "Jos", ...] — none of which match "JoshA" in the LXX morphology table! So LXX morphology won't be found for these books.

Let me verify: the gather_chapter_data queries `WHERE book=? AND chapter=? AND version='LXX'` for each b in candidates. For Joshua that includes "Josh" but not "JoshA". Similarly for Judges.

Also Daniel has "DanOG" and "DanTh" but only "Dan" in candidates for Daniel (#27).

This is a real bug for LXX morphology retrieval.

[38;5;244m - Completed in 1.298s[0m
[38;5;12m[1m [1.39][0m[0m
[?25l[0m[?25l[0m[0mI will run the following command: [38;5;141mecho '{"from":"c3-context","finding":"BUG: LXX morph uses JoshA/JoshB, JudgA/JudgB, DanOG/DanTh, BelOG/BelTh, SusOG/SusTh, 2Esdr, 1Esdr as book names. These are NOT in books.py aliases. LXX morphology fails silently for Joshua, Judges, Daniel, etc."}' >> /Users/murivirg/work/github/bible-expert/investigation/cdd60333/shared_findings.jsonl[0m[38;5;244m (using tool: shell)[0m

[38;5;244m - Completed in 1.271s[0m
[38;5;12m[1m [1.40][0m[0m
[?25l[0m[?25l[0m[0mI will run the following command: [38;5;141m# Check if LXX verses also use these variant names
sqlite3 ~/.kiro/mcp-servers/bible-tools/db/bible.db "SELECT DISTINCT book FROM verses WHERE version='LXX' AND book LIKE '%Josh%';" 2>/dev/null && echo "---" && sqlite3 ~/.kiro/mcp-servers/bible-tools/db/bible.db "SELECT DISTINCT book FROM verses WHERE version='LXX' AND book LIKE '%Judg%';" 2>/dev/null && echo "---" && sqlite3 ~/.kiro/mcp-servers/bible-tools/db/bible.db "SELECT DISTINCT book FROM verses WHERE version='LXX' AND book LIKE '%Dan%';" 2>/dev/null[0m[38;5;244m (using tool: shell)[0m

JoshB
JoshA
---
JudgB
JudgA
---
DanOG
DanTh
[38;5;244m - Completed in 1.334s[0m
[38;5;12m[1m [1.41][0m[0m
[?25l[0m[?25l[0m[0mI will run the following command: [38;5;141m# Check patristic for OT books
sqlite3 ~/.kiro/mcp-servers/bible-tools/db/bible.db "SELECT DISTINCT book FROM patristic WHERE book IN ('Genesis','Gen','Exodus','Exod','Psalms','Ps','Isaiah','Isa') ORDER BY book;" 2>/dev/null[0m[38;5;244m (using tool: shell)[0m

Exodus
Genesis
Isaiah
Psalms
[38;5;244m - Completed in 1.442s[0m
[38;5;12m[1m [1.42][0m[0m
[?25l[0m[?25l[0m[0mI will run the following command: [38;5;141m# patristic table uses canonical full names - count OT entries
sqlite3 ~/.kiro/mcp-servers/bible-tools/db/bible.db "
SELECT book, COUNT(*) as cnt FROM patristic 
WHERE book IN ('Genesis','Exodus','Leviticus','Numbers','Deuteronomy','Joshua','Judges','Ruth','1 Samuel','2 Samuel','1 Kings','2 Kings','1 Chronicles','2 Chronicles','Ezra','Nehemiah','Esther','Job','Psalms','Proverbs','Ecclesiastes','Song of Solomon','Isaiah','Jeremiah','Lamentations','Ezekiel','Daniel','Hosea','Joel','Amos','Obadiah','Jonah','Micah','Nahum','Habakkuk','Zephaniah','Haggai','Zechariah','Malachi')
GROUP BY book ORDER BY cnt DESC LIMIT 15;" 2>/dev/null[0m[38;5;244m (using tool: shell)[0m

Psalms|21625
Genesis|9266
Isaiah|5206
Job|4287
Exodus|2253
Jeremiah|1787
Ezekiel|1544
Daniel|1389
Proverbs|1363
Deuteronomy|909
1 Samuel|843
Ecclesiastes|730
Leviticus|600
Numbers|564
Joshua|496
[38;5;244m - Completed in 1.380s[0m
[38;5;12m[1m [1.43][0m[0m
[?25l[0m[38;5;141m> [0mGood — patristic data exists for OT using canonical full names. Now let me check if the [38;5;10mcandidates[0m list properly handles this:[0m[0m
[?25l[0m[0mI will run the following command: [38;5;141m# The patristic table uses "Psalms", "Genesis" etc (full names)
# The morphology and verses tables use "Ps", "Gen" etc (abbreviated)
# candidates returns [canonical, alias1, alias2...]
# For "Genesis": ["Genesis", "Gen", "Gn", "Génesis", ...]
# First element "Genesis" matches patristic but NOT morphology/verses/WLC
# Second element "Gen" matches morphology/verses/WLC but NOT patristic
# This is fine since each query loops and breaks on first match

# But for the PATRISTIC query in gather_chapter_data, candidates[0]="Genesis" should match
# Let's verify the full canonical form is what gets passed
echo "Candidates for Psalms would start with: Psalms"
echo "patristic table uses: Psalms (match!)"
echo "morphology WLC table uses: Ps"
echo "verses WLC table uses: Ps"[0m[38;5;244m (using tool: shell)[0m

Candidates for Psalms would start with: Psalms
patristic table uses: Psalms (match!)
morphology WLC table uses: Ps
verses WLC table uses: Ps
[38;5;244m - Completed in 1.387s[0m
[38;5;12m[1m [1.44][0m[0m
[?25l[0m[?25l[0m[0mI will run the following command: [38;5;141mprintf '%s|Checking morph code formats\n' "$(date +%H:%M:%S)" >> /Users/murivirg/work/github/bible-expert/investigation/cdd60333/c3-context/nodes[0m[38;5;244m (using tool: shell)[0m

[38;5;244m - Completed in 1.340s[0m
[38;5;12m[1m [1.45][0m[0m
[?25l[0m[?25l[0m[0mI will run the following command: [38;5;141m# Check WLC morph codes format samples
sqlite3 ~/.kiro/mcp-servers/bible-tools/db/bible.db "SELECT morph_code, COUNT(*) as cnt FROM morphology WHERE version='WLC' GROUP BY morph_code ORDER BY cnt DESC LIMIT 20;" 2>/dev/null[0m[38;5;244m (using tool: shell)[0m

HNp|26315
HNcmsc|11429
HR|10723
HNcmsa|10230
HTd/Ncmsa|7541
HC/Vqw3ms|7065
HTo|7054
HC|5769
HTr|4824
HTn|4335
HNcmpc|4155
HNcfsa|4060
HR/Ncmsc|3989
HVqp3ms|3898
HNcmpa|3832
HR/Np|3510
HR/Vqc|3135
HR/Sp3ms|2914
HD|2865
HVqi3ms|2837
[38;5;244m - Completed in 1.580s[0m
[38;5;12m[1m [1.46][0m[0m
[?25l[0m[?25l[0m[0mI will run the following command: [38;5;141m# Check LXX morph codes format samples
sqlite3 ~/.kiro/mcp-servers/bible-tools/db/bible.db "SELECT morph_code, COUNT(*) as cnt FROM morphology WHERE version='LXX' GROUP BY morph_code ORDER BY cnt DESC LIMIT 20;" 2>/dev/null[0m[38;5;244m (using tool: shell)[0m

C|74149
P|54907
N.NSM|23671
D|21103
N.GSM|20313
V.AAI3S|16660
N.ASF|14179
N.ASM|13719
N.GSF|12483
RP.GS|11506
RD.GSM|9191
X|8718
RA.NSM|8552
N.NSF|8037
N.ASN|7673
RA.ASM|7467
RA.ASF|7325
N.DSF|7302
N.DSM|7229
RA.GSM|6893
[38;5;244m - Completed in 1.665s[0m
[38;5;12m[1m [1.47][0m[0m
[?25l[0m[?25l[0m[0m[38;5;12mI'll share my reasoning process[0m[38;5;244m (using tool: thinking)[0m: Now I can see the problem clearly:

1. **WLC morph codes** use OSHM (Open Scriptures Hebrew Morphology) format like `HNcmsa`, `HC/Vqw3ms`, `HTd/Ncmsa`, `HVqp3ms`, etc. These start with "H" for Hebrew (or "A" for Aramaic), then have part-of-speech + details.

2. **LXX morph codes** use a dot-separated format like `N.NSM`, `V.AAI3S`, `RP.GS`, `RA.NSM`, etc.

3. **MorphGNT morph codes** use RMAC format like `V-AAI-3S`, `N-NSM`, etc. (dash-separated).

In the `study_html_generator.py` JS template:
- `verbTenseEs(rmac)` checks for `rmac.startsWith('V-')` — WLC codes like `HVqp3ms` don't start with `V-`, they start with `HV` or `HC/V`
- `explainEnding(w)` checks for `rmac.startsWith('V-')`, `CONJ`, `PREP`, `ADV`, `PRT`, `INJ`, `HEB`, `ARAM`, `N-`, `A-`, `T-`, various pronoun types... WLC codes like `HNcmsa` don't match `N-` (they'd need to match `HN`), and `HC` doesn't match `CONJ`
- `contextualMeaning(w)` checks `w.m.startsWith('V-')` — same issue

For LXX codes:
- `V.AAI3S` doesn't match `V-` (it uses dot not dash)
- `N.NSM` doesn't match `N-`
- So LXX morph codes also fail all the RMAC-specific parsing

Both WLC and LXX morphology codes silently produce empty strings from all JS analysis functions, making the hover tooltip and word study popup very limited for OT data.

Now, for the `renderMorph` function:
- For OT, `D.morphology[vnum]` contains WLC data (loaded as the primary morphology since MorphGNT query fails)
- `renderMorph` just renders clickable `morph-word` spans and delegates tooltip to `showWordTip`
- `showWordTip` shows `contextualMeaning(w)` or `w.es` or `w.g` — `contextualMeaning` will return '' for Hebrew codes, so it falls through to `w.es` (gloss_es) which for WLC is always empty string (no gloss_es in WLC ingest), then `w.g` (gloss)
- So the tooltip will show the gloss only (e.g., "in, the, beginning")

For `openWordStudy`:
- It shows `D.rmac[w.m]` as "parsing" — but rmac table only has Greek RMAC codes, not Hebrew codes. So it'll just show the raw code like "HNcmsa"
- External links use `w.s` (Strong's) and construct Greek-specific URLs:
  - `blueletterbible.org/lexicon/${w.s}/kjv/tr/0-1/` — this works for H numbers too
  - `biblehub.com/greek/${(w.s||'').replace('G','')}` — but for Hebrew, w.s is like "H1234" so replacing 'G' does nothing... it'd link to `biblehub.com/greek/H1234.htm` which is wrong (should be /hebrew/1234.htm)
  - `perseus.tufts.edu/hopper/morph?l=${...}&la=greek` — wrong language for Hebrew
  - `logeion.uchicago.edu/${...}` — Greek-specific
  - `stepbible.org/?q=strong=${w.s}` — works for both

So the external links are Greek-biased and partially broken for Hebrew.

For the `openLxxStudy`:
- This is simpler and just shows a basic table with lema, Strong's, morphology, and gloss
- No `explainEnding`, no external links — simpler but also less featured

For `openFullStudy`:
- Only linked from `openWordStudy` (primary morphology)
- Same Greek-biased external links issue

Let me now check how the unified_html_generator handles morphology display.

[38;5;244m - Completed in 1.291s[0m
[38;5;12m[1m [1.48][0m[0m
[?25l[0m[?25l[0m[0mI will run the following command: [38;5;141m# Check directives
cat /Users/murivirg/work/github/bible-expert/investigation/cdd60333/directives.jsonl 2>/dev/null[0m[38;5;244m (using tool: shell)[0m

{"from":"head","to":"all","directive":"Focus investigation: (1) unified_html_generator.py gaps vs study_html_generator.py for OT, (2) renderMorph/explainEnding JS functions for Hebrew OSHM codes vs RMAC, (3) LXX morphology code format mismatches, (4) openWordStudy Hebrew Strong's H-number links, (5) DB word count consistency for WLC. Report findings with file:line references."}
[38;5;244m - Completed in 1.345s[0m
[38;5;12m[1m [1.49][0m[0m
[?25l[0m[38;5;141m> [0mGood, I'm aligned with the directive. Let me now look more closely at the external links bug for Hebrew:[0m[0m
[?25l[0m[0mI will run the following command: [38;5;141mecho '{"from":"c3-context","finding":"BUG in openWordStudy/openFullStudy: External links are Greek-only. biblehub.com/greek/ should be /hebrew/ for H numbers. Perseus &la=greek wrong for Hebrew. Logeion is Greek-only. Need conditional links based on Strong number prefix (G vs H)."}' >> /Users/murivirg/work/github/bible-expert/investigation/cdd60333/shared_findings.jsonl[0m[38;5;244m (using tool: shell)[0m

[38;5;244m - Completed in 1.338s[0m
[38;5;12m[1m [1.50][0m[0m
[?25l[0m[38;5;141m> [0mNow let me check what the unified_html does for verse display vs study.html:[0m[0m
[?25l[0m[0mI will run the following command: [38;5;141mprintf '%s|Comparing NT vs OT features\n' "$(date +%H:%M:%S)" >> /Users/murivirg/work/github/bible-expert/investigation/cdd60333/c3-context/nodes[0m[38;5;244m (using tool: shell)[0m

[38;5;244m - Completed in 1.337s[0m
[38;5;12m[1m [1.51][0m[0m
[?25l[0m[38;5;141m> [0mLet me look at the [3mtranslate[23mlxx function:[0m[0m
[?25l[0m[0mReading file: [38;5;141m/Users/murivirg/work/github/bible-expert/study_html_generator.py[0m, from line [38;5;141m362[0m to [38;5;141m410[0m[38;5;244m (using tool: read)[0m
[38;5;10m ✓ [0mSuccessfully read [38;5;244m2138 bytes[0m from /Users/murivirg/work/github/bible-expert/study_html_generator.py
[38;5;244m - Completed in 1.394s[0m
[38;5;12m[1m [1.52][0m[0m
[?25l[0m[38;5;141m> [0mNow let me look at the [38;5;10mchapter_data_is_ot[0m function and how the [38;5;10mis_ot[0m flag is passed:[0m[0m
[?25l[0m[0mReading file: [38;5;141m/Users/murivirg/work/github/bible-expert/study_html_generator.py[0m, from line [38;5;141m686[0m to [38;5;141m720[0m[38;5;244m (using tool: read)[0m
[38;5;10m ✓ [0mSuccessfully read [38;5;244m1362 bytes[0m from /Users/murivirg/work/github/bible-expert/study_html_generator.py
[38;5;244m - Completed in 1.331s[0m
[38;5;12m[1m [1.53][0m[0m
[?25l[0m[38;5;141m> [0mNow let me check what the server.py [38;5;10mchapter_study[0m tool does — specifically how it calls [38;5;10mgather_chapter_data[0m:[0m[0m
[?25l[0m[0mSearching for: [38;5;141mchapter_study|gather_chapter|generate_study|generate_unified[0m in [38;5;141m/Users/murivirg/work/github/bible-expert[0m ([38;5;141mserver.py[0m)[38;5;244m (using tool: grep)[0m
[38;5;10m ✓ [0mSuccessfully found [38;5;244m4 matches[0m in [38;5;244m1 files[0m under /Users/murivirg/work/github/bible-expert
[38;5;244m - Completed in 1.378s[0m
[38;5;12m[1m [1.54][0m[0m
[?25l[0m[?25l[0m[0mReading file: [38;5;141m/Users/murivirg/work/github/bible-expert/server.py[0m, from line [38;5;141m856[0m to [38;5;141m930[0m[38;5;244m (using tool: read)[0m
[38;5;10m ✓ [0mSuccessfully read [38;5;244m3649 bytes[0m from /Users/murivirg/work/github/bible-expert/server.py
[38;5;244m - Completed in 1.333s[0m
[38;5;12m[1m [1.55][0m[0m
[?25l[0m[?25l[0m[0mReading file: [38;5;141m/Users/murivirg/work/github/bible-expert/server.py[0m, from line [38;5;141m930[0m to [38;5;141m990[0m[38;5;244m (using tool: read)[0m
[38;5;10m ✓ [0mSuccessfully read [38;5;244m3098 bytes[0m from /Users/murivirg/work/github/bible-expert/server.py
[38;5;244m - Completed in 1.253s[0m
[38;5;12m[1m [1.56][0m[0m
[?25l[0m[?25l[0m[0mI will run the following command: [38;5;141mprintf '%s|Checking unified vs study gaps\n' "$(date +%H:%M:%S)" >> /Users/murivirg/work/github/bible-expert/investigation/cdd60333/c3-context/nodes[0m[38;5;244m (using tool: shell)[0m

[38;5;244m - Completed in 1.430s[0m
[38;5;12m[1m [1.57][0m[0m
[?25l[0m[38;5;141m> [0mNow let me check the unified HTML's JS rendering to see if it handles Hebrew at all:[0m[0m
[0m[0m
Looking at the unified_html_generator's JS (from the [38;5;10m_build_unified_body[0m function around line 775):[0m[0m
- It renders [38;5;10mD.morphology[v.v][0m as clickable [38;5;10mmorph-word[0m spans[0m[0m
- The tooltip ([38;5;10mshowTip[0m) shows [38;5;10mw.es || w.g[0m — just the gloss, no morphology analysis[0m[0m
- No [38;5;10mexplainEnding[0m, no [38;5;10mverbTenseEs[0m, no [38;5;10mcontextualMeaning[0m — much simpler than study.html[0m[0m
- No [38;5;10mrenderLxxMorph[0m — LXX morphology not rendered at all[0m[0m
- No WLC text line with RTL direction[0m[0m
- No LXX-ES translation[0m[0m
- No separate LXX line[0m[0m
[0m[0m
Let me also look at what the study.html gets for OT that unified doesn't:[0m[0m
[?25l[0m[0mI will run the following command: [38;5;141m# Check what data the unified_html_generator receives but doesn't use
grep -n "lxx_morphology\|lxx_spanish\|parallel.*WLC\|parallel.*LXX\|is_ot\|isOT" /Users/murivirg/work/github/bible-expert/unified_html_generator.py 2>/dev/null[0m[38;5;244m (using tool: shell)[0m

[38;5;244m - Completed in 1.421s[0m
[38;5;12m[1m [1.58][0m[0m
[?25l[0m[?25l[0m[0mSearching for: [38;5;141mlxx|WLC|is_ot|isOT|parallel|hebrew|rtl[0m in [38;5;141m/Users/murivirg/work/github/bible-expert[0m ([38;5;141munified_html_generator.py[0m)[38;5;244m (using tool: grep)[0m
[38;5;10m ✓ [0mSuccessfully found [38;5;244m4 matches[0m in [38;5;244m1 files[0m under /Users/murivirg/work/github/bible-expert
[38;5;244m - Completed in 1.326s[0m
[38;5;12m[1m [1.59][0m[0m
[?25l[0m[?25l[0m[0mI will run the following command: [38;5;141mecho '{"from":"c3-context","finding":"unified_html_generator.py has NO OT-specific rendering: no RTL direction for Hebrew, no LXX line, no LXX-ES translation, no WLC text display when morphology is Hebrew. It only shows D.morphology as green Greek-styled text and falls back to MorphGNT/SBLGNT parallel."}' >> /Users/murivirg/work/github/bible-expert/investigation/cdd60333/shared_findings.jsonl[0m[38;5;244m (using tool: shell)[0m

[38;5;244m - Completed in 1.326s[0m
[38;5;12m[1m [1.60][0m[0m
[?25l[0m[38;5;141m> [0mNow let me verify the [38;5;10mexplainEnding[0m function handles the first character check for OSHM codes:[0m[0m
[?25l[0m[0mI will run the following command: [38;5;141m# Let me trace what happens with Hebrew OSHM code "HNcmsa" through explainEnding JS:
# rmac = "HNcmsa"
# rmac.startsWith('V-') => false
# rmac === 'CONJ' => false  
# rmac.startsWith('PREP') => false
# rmac.startsWith('ADV') => false
# rmac.startsWith('PRT') => false
# rmac.startsWith('INJ') => false
# rmac.startsWith('HEB') => false (!!!) -- "HNcmsa" doesn't start with "HEB"
# rmac.startsWith('ARAM') => false
# firstChar = rmac[0] => 'H'
# pronounTypes['H'] => undefined => no match
# rmac.startsWith('N-') => false (it's "HN" not "N-")
# rmac.startsWith('A-') => false
# rmac.startsWith('T-') => false
# rmac.startsWith('V-') => false
# Falls through to final check: form !== lemma
# Returns: "Forma flexionada de <lemma>" (generic fallback)
echo "Hebrew OSHM codes fall through to generic fallback in explainEnding"[0m[38;5;244m (using tool: shell)[0m

Hebrew OSHM codes fall through to generic fallback in explainEnding
[38;5;244m - Completed in 1.393s[0m
[38;5;12m[1m [1.61][0m[0m
[?25l[0m[?25l[0m[0mI will run the following command: [38;5;141m# Similarly for LXX code "N.NSM" through explainEnding:
# rmac = "N.NSM"
# rmac.startsWith('V-') => false
# rmac === 'CONJ' => false
# ... (none of the startsWith match)
# firstChar = 'N' 
# pronounTypes['N'] => undefined (N not in that map)
# rmac.startsWith('N-') => false (it's "N." not "N-")
# Falls to generic fallback

# For LXX "V.AAI3S":
# rmac.startsWith('V-') => false (it's "V." not "V-")
# Falls through all checks to generic fallback
echo "LXX morph codes also fall through to generic fallback - dot notation vs dash expected"[0m[38;5;244m (using tool: shell)[0m

LXX morph codes also fall through to generic fallback - dot notation vs dash expected
[38;5;244m - Completed in 1.515s[0m
[38;5;12m[1m [1.62][0m[0m
[?25l[0m[38;5;141m> [0mNow let me check how the [38;5;10mrmac[0m table relates:[0m[0m
[?25l[0m[0mI will run the following command: [38;5;141msqlite3 ~/.kiro/mcp-servers/bible-tools/db/bible.db "SELECT code, description FROM rmac_codes LIMIT 10;" 2>/dev/null[0m[38;5;244m (using tool: shell)[0m

A-APF|Adjective, Accusative, Plural, Feminine
A-APF-C|Adjective, Accusative, Plural, Feminine, Comparative
A-APF-NUI|Adjective, Accusative, Plural, Feminine, NUmerical Indiclinable (A)
A-APF-S|Adjective, Accusative, Plural, Feminine, Superlative
A-APM|Adjective, Accusative, Plural, Masculine
A-APM-C|Adjective, Accusative, Plural, Masculine, Comparative
A-APM-LG|Adjective, Accusative, Plural, Masculine, Location Gentilic
A-APM-NUI|Adjective, Accusative, Plural, Masculine, NUmerical Indiclinable (A)
A-APM-PG|Adjective, Accusative, Plural, Masculine, Person Gentilic
A-APM-S|Adjective, Accusative, Plural, Masculine, Superlative
[38;5;244m - Completed in 1.391s[0m
[38;5;12m[1m [1.63][0m[0m
[?25l[0m[?25l[0m[0mI will run the following command: [38;5;141m# Check if there's any Hebrew morph code description table
sqlite3 ~/.kiro/mcp-servers/bible-tools/db/bible.db ".tables" 2>/dev/null | tr ' ' '\n' | grep -i morph[0m[38;5;244m (using tool: shell)[0m

morphology
word_morphology
[38;5;244m - Completed in 1.371s[0m
[38;5;12m[1m [1.64][0m[0m
[?25l[0m[?25l[0m[0mI will run the following command: [38;5;141m# No hebrew morph code description table exists. The rmac_codes table only has Greek RMAC.
# Let's also check what Hebrew Strong's data looks like
sqlite3 ~/.kiro/mcp-servers/bible-tools/db/bible.db "SELECT strongs, lemma, gloss, definition FROM lexicon WHERE strongs LIKE 'H%' LIMIT 5;" 2>/dev/null[0m[38;5;244m (using tool: shell)[0m

H1|אָב|chief, (fore-) father(-less), [idiom] patrimony, principal. Compare names in 'Abi-'.|father, in a literal and immediate, or figurative and remote application
H2|אַב|father.|{father}
H3|אֵב|greenness, fruit.|a green plant
H4|אֵב|fruit.|{a green plant}
H5|אֲבַגְתָא|Abagtha.|Abagtha, a eunuch of Xerxes
[38;5;244m - Completed in 1.319s[0m
[38;5;12m[1m [1.65][0m[0m
[?25l[0m[?25l[0m[0mI will run the following command: [38;5;141m# Check how WLC morphology data looks in practice (Gen 1:1 for example)
sqlite3 ~/.kiro/mcp-servers/bible-tools/db/bible.db "
SELECT verse_num, word_pos, word, lemma, morph_code, gloss, strongs 
FROM morphology WHERE book='Gen' AND chapter=1 AND version='WLC' AND verse_num=1
ORDER BY word_pos;" 2>/dev/null[0m[38;5;244m (using tool: shell)[0m

1|1|בְּ/רֵאשִׁ֖ית|H7225|HR/Ncfsa||H7225
1|2|בָּרָ֣א|H1254|HVqp3ms||H1254
1|3|אֱלֹהִ֑ים|H430|HNcmpa||H430
1|4|אֵ֥ת|H853|HTo||H853
1|5|הַ/שָּׁמַ֖יִם|H8064|HTd/Ncmpa||H8064
1|6|וְ/אֵ֥ת|H853|HC/To||H853
1|7|הָ/אָֽרֶץ|H776|HTd/Ncbsa||H776
[38;5;244m - Completed in 1.354s[0m
[38;5;12m[1m [1.66][0m[0m
[?25l[0m[?25l[0m[0m[38;5;12mI'll share my reasoning process[0m[38;5;244m (using tool: thinking)[0m: Very interesting findings:

1. WLC morphology has `lemma` as Strong's numbers (H7225, H1254, etc.), not Hebrew words! This is important because:
   - In the gather_chapter_data, the code tries to look up the lemma in the lexicon
   - For Greek (MorphGNT), lemma is a Greek word (ἐν, ἀρχή) and it matches by NFC normalization
   - For Hebrew (WLC), lemma IS the Strong's number (H7225), so the code path that tries `norm_lex[nfc_clean]` won't find it by lemma text
   - BUT the code also checks `norm_lex[lx["strongs"]]` — so it should find it by Strong's number since the lexicon table has `strongs='H7225'`

2. WLC `gloss` field is empty (the 6th column is empty). So `r["gloss"]` = ""
3. WLC `word` includes morpheme separators with `/` (e.g., "בְּ/רֵאשִׁ֖ית", "הַ/שָּׁמַ֖יִם")

Let me trace the lookup flow:
- lemmas = set of H7225, H1254, H430, H853, H8064, H776
- In the lexicon lookup: `norm_lex[lx["strongs"]] = lx` → so H7225 maps to the lexicon entry
- For each lem in lemmas: `nfc_clean = "H7225"` → check `norm_lex["H7225"]` → FOUND (since lexicon has strongs='H7225')
- So `lex_map["H7225"] = {"s": "H7225", "g": "chief, (fore-) father...", "d": "father..."}`

But wait — in the morphology row, `r["lemma"]` = "H7225" (the Strong's number), and then:
```
data["morphology"][vn].append({"w": r["word"], "l": lex.get("lemma_text", r["lemma"]), ...})
```
`lex.get("lemma_text")` = `lx["lemma"]` = "אָב" (the actual Hebrew word from the lexicon entry)

So for WLC:
- `w.w` = "בְּ/רֵאשִׁ֖ית" (word with morpheme separators and cantillation)
- `w.l` = "רֵאשִׁית" (lemma_text from lexicon) or "H7225" if no lexicon match
- `w.m` = "HR/Ncfsa" (OSHM code)
- `w.g` = "" (gloss from morphology is empty) but lex.get("g") = "chief, (fore-) father..." from lexicon
- `w.s` = "H7225" (Strong's number)
- `w.d` = definition from lexicon
- `w.es` = "" (no gloss_es for WLC)

Wait, let me re-check the morph_code for the first word. It's "HR/Ncfsa". Let me verify what H7225 maps to in the lexicon...

Actually wait, looking at the raw data again:
- word_pos=1: word="בְּ/רֵאשִׁ֖ית", lemma="H7225", morph="HR/Ncfsa", strongs="H7225"
  - The "/" in the word shows morpheme boundaries (prefix/stem)
  - The "/" in the morph code shows "preposition R + Noun common feminine singular absolute"

So the lemma field IS the Strong's number. The word includes the preposition as a prefix (בְּ = "in/with"). The gloss column is empty for ALL WLC entries because gloss data is in the lexicon table via Strong's numbers.

This means in the tooltip, `w.g` should come from `lex.get("g")` which is the lexicon gloss. Let me double check: in the code:
```python
data["morphology"].setdefault(vn, []).append({
    "w": r["word"], "l": lex.get("lemma_text", r["lemma"]),
    "m": r["morph_code"] or "",
    "g": r["gloss"] or lex.get("g", ""), "s": r["strongs"] or lex.get("s", ""),
    "d": lex.get("d", ""), "es": r["gloss_es"] or ""
})
```
- `r["gloss"]` is empty for WLC → falls to `lex.get("g", "")` → gets the lexicon gloss like "chief, (fore-) father..."
- So the tooltip DOES work for WLC — it shows the English gloss from the Strong's lexicon

Good, so for OT the hover tooltip shows English gloss, which is correct though limited. The morphology code parsing (`explainEnding`) is what fails.

[38;5;244m - Completed in 1.394s[0m
[38;5;12m[1m [1.67][0m[0m
[?25l[0m[?25l[0m[0mI will run the following command: [38;5;141m# Check LXX morph data for comparison
sqlite3 ~/.kiro/mcp-servers/bible-tools/db/bible.db "
SELECT verse_num, word_pos, word, lemma, morph_code, gloss, strongs 
FROM morphology WHERE book='Gen' AND chapter=1 AND version='LXX' AND verse_num=1
ORDER BY word_pos;" 2>/dev/null[0m[38;5;244m (using tool: shell)[0m

1|1|ἐν|ἐν|P|in|G1722
1|2|ἀρχῇ|ἀρχή|N.DSF|origin;; beginning|G746
1|3|ἐποίησεν|ποιέω|V.AAI3S|do;; make|G4160
1|4|ὁ|ὁ|RA.NSM|the|G3588
1|5|θεὸς|θεός|N.NSM|God|G2316
1|6|τὸν|ὁ|RA.ASM|the|G3588
1|7|οὐρανὸν|οὐρανός|N.ASM|sky;; heaven|G3772
1|8|καὶ|καί|C|and;; even|G2532
1|9|τὴν|ὁ|RA.ASF|the|G3588
1|10|γῆν|γῆ|N.ASF|earth;; land|G1093
[38;5;244m - Completed in 1.404s[0m
[38;5;12m[1m [1.68][0m[0m
[?25l[0m[?25l[0m[0mI will run the following command: [38;5;141mecho '{"from":"c3-context","finding":"LXX morph has proper Greek lemmas+glosses. WLC has empty gloss column but lemma=Strong number; lexicon lookup provides gloss. Hover tooltips DO work for both (showing English gloss). But explainEnding/verbTenseEs parsing fails for both WLC (OSHM) and LXX (dot-notation) - only returns generic fallback."}' >> /Users/murivirg/work/github/bible-expert/investigation/cdd60333/shared_findings.jsonl[0m[38;5;244m (using tool: shell)[0m

[38;5;244m - Completed in 1.409s[0m
[38;5;12m[1m [1.69][0m[0m
[?25l[0m[38;5;141m> [0mNow let me check how the server.py calls the unified generator and what the OT sees specifically:[0m[0m
[?25l[0m[0mSearching for: [38;5;141munified[0m in [38;5;141m/Users/murivirg/work/github/bible-expert[0m ([38;5;141mserver.py[0m)[38;5;244m (using tool: grep)[0m
[38;5;9m ❗ [0mNo matches found for pattern: [38;5;244munified[0m under /Users/murivirg/work/github/bible-expert
[38;5;244m - Completed in 1.304s[0m
[38;5;12m[1m [1.70][0m[0m
[?25l[0m[?25l[0m[0mSearching for: [38;5;141mgenerate_unified_html[0m in [38;5;141m/Users/murivirg/work/github/bible-expert[0m ([38;5;141m*.py[0m)[38;5;244m (using tool: grep)[0m
[38;5;10m ✓ [0mSuccessfully found [38;5;244m1 matches[0m in [38;5;244m1 files[0m under /Users/murivirg/work/github/bible-expert
[38;5;244m - Completed in 1.395s[0m
[38;5;12m[1m [1.71][0m[0m
[?25l[0m[?25l[0m[0mSearching for: [38;5;141munified_html_generator|from unified[0m in [38;5;141m/Users/murivirg/work/github/bible-expert[0m ([38;5;141m*.py[0m)[38;5;244m (using tool: grep)[0m
[38;5;9m ❗ [0mNo matches found for pattern: [38;5;244munified_html_generator|from unified[0m under /Users/murivirg/work/github/bible-expert
[38;5;244m - Completed in 1.445s[0m
[38;5;12m[1m [1.72][0m[0m
[?25l[0m[?25l[0m[0mSearching for: [38;5;141munified[0m in [38;5;141m/Users/murivirg/work/github/bible-expert[0m ([38;5;141m*.py[0m)[38;5;244m (using tool: grep)[0m
[38;5;10m ✓ [0mSuccessfully found [38;5;244m15 matches[0m in [38;5;244m2 files[0m under /Users/murivirg/work/github/bible-expert (result is truncated)
[38;5;244m - Completed in 1.603s[0m
[38;5;12m[1m [1.73][0m[0m
[?25l[0m[?25l[0m[0mI will run the following command: [38;5;141m# The unified_html_generator isn't imported by server.py. Let's check if it's called from study_html_generator
grep -n "unified" /Users/murivirg/work/github/bible-expert/study_html_generator.py 2>/dev/null[0m[38;5;244m (using tool: shell)[0m

[38;5;244m - Completed in 1.320s[0m
[38;5;12m[1m [1.74][0m[0m
[?25l[0m[?25l[0m[0mI will run the following command: [38;5;141m# Search for who calls generate_unified_html
rg -l "generate_unified" /Users/murivirg/work/github/bible-expert/ 2>/dev/null[0m[38;5;244m (using tool: shell)[0m

/Users/murivirg/work/github/bible-expert/unified_html_generator.py
/Users/murivirg/work/github/bible-expert/investigation/cdd60333/head_agent.log
/Users/murivirg/work/github/bible-expert/investigation/cdd60333/c3-context/child.log
[38;5;244m - Completed in 2.345s[0m
[38;5;12m[1m [1.75][0m[0m
[?25l[0m[?25l[0m[0mI will run the following command: [38;5;141m# Interesting - unified_html_generator is NOT called from anywhere in the codebase currently.
# It's a standalone module. It must have been used at some point or intended for direct use.
# Let's check git log for recent changes
cd /Users/murivirg/work/github/bible-expert && git log --oneline unified_html_generator.py 2>/dev/null | head -5[0m[38;5;244m (using tool: shell)[0m

72707bc backup: local changes 2026-06-09
[38;5;244m - Completed in 1.576s[0m
[38;5;12m[1m [1.76][0m[0m
[?25l[0m[?25l[0m[0mI will run the following command: [38;5;141mecho '{"from":"c3-context","finding":"generate_unified_html is NOT called from server.py or study_html_generator.py. It is a dead/unused module currently. Only has 1 commit from 2026-06-09 backup. Was likely designed to be integrated but never connected."}' >> /Users/murivirg/work/github/bible-expert/investigation/cdd60333/shared_findings.jsonl[0m[38;5;244m (using tool: shell)[0m

[38;5;244m - Completed in 1.287s[0m
[38;5;12m[1m [1.77][0m[0m
[?25l[0m[?25l[0m[0mI will run the following command: [38;5;141mprintf '%s|Analyzing feature gap table\n' "$(date +%H:%M:%S)" >> /Users/murivirg/work/github/bible-expert/investigation/cdd60333/c3-context/nodes[0m[38;5;244m (using tool: shell)[0m

[38;5;244m - Completed in 1.349s[0m
[38;5;12m[1m [1.78][0m[0m
[?25l[0m[38;5;141m> [0mNow let me check what the LXX verse data looks like to understand the JoshA/JoshB issue better and check the patristic coverage for OT:[0m[0m
[?25l[0m[0mI will run the following command: [38;5;141m# Which books in books.py aliases include these LXX variant names?
python3 -c "
from books import get_all_db_names
# Test Joshua candidates
print('Joshua candidates:', get_all_db_names('Joshua'))
print()
print('Judges candidates:', get_all_db_names('Judges'))
print()
print('Daniel candidates:', get_all_db_names('Daniel'))
" 2>/dev/null[0m[38;5;244m (using tool: shell)[0m

Joshua candidates: ['Joshua', 'Josh', 'Jos', 'Josué', 'Josue', 'Ἰησοῦς τοῦ Ναυή', 'Josué', 'Liber Iosue']

Judges candidates: ['Judges', 'Judg', 'Jdg', 'Jue', 'Jueces', 'Κριταί', 'Juges', 'Liber Iudicum']

Daniel candidates: ['Daniel', 'Dan', 'Dn', 'Δανιήλ', 'Liber Danielis']
[38;5;244m - Completed in 1.311s[0m
[38;5;12m[1m [1.79][0m[0m
[?25l[0m[?25l[0m[0mI will run the following command: [38;5;141m# Confirmed: JoshA/JoshB, JudgA/JudgB, DanOG/DanTh NOT in candidates
# Let's see which LXX books have data that doesn't match any alias
python3 -c "
import sqlite3
db = sqlite3.connect('/Users/murivirg/.kiro/mcp-servers/bible-tools/db/bible.db')
from books import get_all_db_names, BOOKS

# All LXX morph books
lxx_books = [r[0] for r in db.execute('SELECT DISTINCT book FROM morphology WHERE version=\"LXX\"').fetchall()]

missing = []
for lb in lxx_books:
    found = False
    for _id, (db_name, aliases) in BOOKS.items():
        all_names = [db_name] + aliases
        if lb in all_names:
            found = True
            break
    if not found:
        missing.append(lb)
print('LXX morph books NOT matched by any books.py alias:')
for m in sorted(missing):
    print(f'  {m}')
" 2>/dev/null[0m[38;5;244m (using tool: shell)[0m

LXX morph books NOT matched by any books.py alias:
  1Esdr
  2Esdr
  BelOG
  BelTh
  DanOG
  DanTh
  JoshA
  JoshB
  JudgA
  JudgB
  SusOG
  SusTh
[38;5;244m - Completed in 1.737s[0m
[38;5;12m[1m [1.80][0m[0m
[?25l[0m[?25l[0m[0mI will run the following command: [38;5;141m# Let's also check which books have LXX verse data that's unreachable
python3 -c "
import sqlite3
db = sqlite3.connect('/Users/murivirg/.kiro/mcp-servers/bible-tools/db/bible.db')
from books import BOOKS

lxx_verse_books = [r[0] for r in db.execute('SELECT DISTINCT book FROM verses WHERE version=\"LXX\"').fetchall()]

missing = []
for lb in lxx_verse_books:
    found = False
    for _id, (db_name, aliases) in BOOKS.items():
        all_names = [db_name] + aliases
        if lb in all_names:
            found = True
            break
    if not found:
        missing.append(lb)
print(f'Total LXX verse books: {len(lxx_verse_books)}')
print(f'Unreachable LXX verse books: {len(missing)}')
for m in sorted(missing):
    count = db.execute('SELECT COUNT(*) FROM verses WHERE version=\"LXX\" AND book=?', (m,)).fetchone()[0]
    print(f'  {m}: {count} verses')
" 2>/dev/null[0m[38;5;244m (using tool: shell)[0m

Total LXX verse books: 59
Unreachable LXX verse books: 12
  1Esdr: 434 verses
  2Esdr: 672 verses
  BelOG: 37 verses
  BelTh: 42 verses
  DanOG: 406 verses
  DanTh: 424 verses
  JoshA: 95 verses
  JoshB: 643 verses
  JudgA: 618 verses
  JudgB: 617 verses
  SusOG: 36 verses
  SusTh: 64 verses
[38;5;244m - Completed in 1.428s[0m
[38;5;12m[1m [1.81][0m[0m
[?25l[0m[?25l[0m[0mI will run the following command: [38;5;141mecho '{"from":"c3-context","finding":"12 LXX books (4088 verses total) are completely unreachable: JoshA/B, JudgA/B, DanOG/Th, BelOG/Th, SusOG/Th, 1Esdr, 2Esdr. These need to be added as aliases in books.py (JoshB→Joshua alias, JudgB→Judges, DanTh→Daniel, etc.)"}' >> /Users/murivirg/work/github/bible-expert/investigation/cdd60333/shared_findings.jsonl[0m[38;5;244m (using tool: shell)[0m

[38;5;244m - Completed in 1.316s[0m
[38;5;12m[1m [1.82][0m[0m
[?25l[0m[38;5;141m> [0mNow let me check the [38;5;10mopenFullStudy[0m external links issue for Hebrew Strong's:[0m[0m
[?25l[0m[0mReading file: [38;5;141m/Users/murivirg/work/github/bible-expert/study_html_generator.py[0m, from line [38;5;141m1215[0m to [38;5;141m1225[0m[38;5;244m (using tool: read)[0m
[38;5;10m ✓ [0mSuccessfully read [38;5;244m837 bytes[0m from /Users/murivirg/work/github/bible-expert/study_html_generator.py
[38;5;244m - Completed in 1.320s[0m
[38;5;12m[1m [1.83][0m[0m
[?25l[0m[?25l[0m[0mI will run the following command: [38;5;141mprintf '%s|Writing findings document\n' "$(date +%H:%M:%S)" >> /Users/murivirg/work/github/bible-expert/investigation/cdd60333/c3-context/nodes[0m[38;5;244m (using tool: shell)[0m

[38;5;244m - Completed in 1.398s[0m
[38;5;12m[1m [1.84][0m[0m
[?25l[0m[38;5;141m> [0mLet me do a few more checks before writing the findings:[0m[0m
[?25l[0m[0mI will run the following command: [38;5;141m# Check cross_refs table - what book names does it use?
sqlite3 ~/.kiro/mcp-servers/bible-tools/db/bible.db "SELECT DISTINCT source_book FROM cross_refs WHERE source_book IN ('Genesis','Gen','Psalms','Ps','Isaiah','Isa') LIMIT 10;" 2>/dev/null[0m[38;5;244m (using tool: shell)[0m

Genesis
Isaiah
Psalms
[38;5;244m - Completed in 1.357s[0m
[38;5;12m[1m [1.85][0m[0m
[?25l[0m[?25l[0m[0mI will run the following command: [38;5;141m# Check apparatus table for OT
sqlite3 ~/.kiro/mcp-servers/bible-tools/db/bible.db "SELECT DISTINCT book FROM apparatus ORDER BY book;" 2>/dev/null[0m[38;5;244m (using tool: shell)[0m

1 Corinthians
1 John
1 Peter
1 Thessalonians
1 Timothy
2 Corinthians
2 John
2 Peter
2 Thessalonians
2 Timothy
3 John
Acts
Colossians
Ephesians
Galatians
Hebrews
James
John
Jude
Luke
Mark
Matthew
Philemon
Philippians
Revelation
Romans
Titus
[38;5;244m - Completed in 1.489s[0m
[38;5;12m[1m [1.86][0m[0m
[?25l[0m[?25l[0m[0mI will run the following command: [38;5;141m# Apparatus is also NT-only. Let's confirm cross_refs has OT data
sqlite3 ~/.kiro/mcp-servers/bible-tools/db/bible.db "SELECT COUNT(*) FROM cross_refs WHERE source_book='Genesis';" 2>/dev/null && sqlite3 ~/.kiro/mcp-servers/bible-tools/db/bible.db "SELECT COUNT(*) FROM cross_refs WHERE source_book='Psalms';" 2>/dev/null[0m[38;5;244m (using tool: shell)[0m

1952
11502
[38;5;244m - Completed in 1.304s[0m
[38;5;12m[1m [1.87][0m[0m
[?25l[0m[?25l[0m[0mI will run the following command: [38;5;141m# Check the compounds and word_morphology tables - are they OT-aware?
sqlite3 ~/.kiro/mcp-servers/bible-tools/db/bible.db "SELECT COUNT(*) FROM compounds;" 2>/dev/null && sqlite3 ~/.kiro/mcp-servers/bible-tools/db/bible.db "SELECT lemma FROM compounds LIMIT 5;" 2>/dev/null[0m[38;5;244m (using tool: shell)[0m

4233
Αἰγύπτιος
Αἰθίοψ
Βέροια
Βαπτιστής
Βερνίκη
[38;5;244m - Completed in 1.353s[0m
[38;5;12m[1m [1.88][0m[0m
[?25l[0m[?25l[0m[0mI will run the following command: [38;5;141m# compounds table is all Greek - no Hebrew. Check word_morphology
sqlite3 ~/.kiro/mcp-servers/bible-tools/db/bible.db "SELECT COUNT(*) FROM word_morphology;" 2>/dev/null && sqlite3 ~/.kiro/mcp-servers/bible-tools/db/bible.db "SELECT lemma FROM word_morphology LIMIT 5;" 2>/dev/null[0m[38;5;244m (using tool: shell)[0m

575
Αἰγύπτιος
Αἰθίοψ
Αἰνέας
Αἰνών
Αἴγυπτος
[38;5;244m - Completed in 1.403s[0m
[38;5;12m[1m [1.89][0m[0m
[?25l[0m[?25l[0m[0mI will run the following command: [38;5;141m# Let me also verify the total OT patristic coverage
sqlite3 ~/.kiro/mcp-servers/bible-tools/db/bible.db "
SELECT SUM(cnt) as total_ot_patristic FROM (
  SELECT COUNT(*) as cnt FROM patristic 
  WHERE book IN ('Genesis','Exodus','Leviticus','Numbers','Deuteronomy','Joshua','Judges','Ruth',
    '1 Samuel','2 Samuel','1 Kings','2 Kings','1 Chronicles','2 Chronicles','Ezra','Nehemiah',
    'Esther','Job','Psalms','Proverbs','Ecclesiastes','Song of Solomon','Isaiah','Jeremiah',
    'Lamentations','Ezekiel','Daniel','Hosea','Joel','Amos','Obadiah','Jonah','Micah','Nahum',
    'Habakkuk','Zephaniah','Haggai','Zechariah','Malachi')
);" 2>/dev/null[0m[38;5;244m (using tool: shell)[0m

56863
[38;5;244m - Completed in 1.417s[0m
[38;5;12m[1m [1.90][0m[0m
[?25l[0m[?25l[0m[0mI will run the following command: [38;5;141m# Good - 56,863 OT patristic entries. Now let's check total NT patristic for comparison
sqlite3 ~/.kiro/mcp-servers/bible-tools/db/bible.db "
SELECT COUNT(*) FROM patristic WHERE book NOT IN ('Genesis','Exodus','Leviticus','Numbers','Deuteronomy','Joshua','Judges','Ruth',
    '1 Samuel','2 Samuel','1 Kings','2 Kings','1 Chronicles','2 Chronicles','Ezra','Nehemiah',
    'Esther','Job','Psalms','Proverbs','Ecclesiastes','Song of Solomon','Isaiah','Jeremiah',
    'Lamentations','Ezekiel','Daniel','Hosea','Joel','Amos','Obadiah','Jonah','Micah','Nahum',
    'Habakkuk','Zephaniah','Haggai','Zechariah','Malachi');" 2>/dev/null[0m[38;5;244m (using tool: shell)[0m

226426
[38;5;244m - Completed in 1.569s[0m
[38;5;12m[1m [1.91][0m[0m
[?25l[0m[?25l[0m[0mI will run the following command: [38;5;141m# Final check - let me look at the study.html JS section after openFullStudy
# to see if there's any specific handling for Hebrew word display (RTL)
grep -n "direction\|rtl\|hebrew\|Hebrew" /Users/murivirg/work/github/bible-expert/study_html_generator.py | head -10[0m[38;5;244m (using tool: shell)[0m

103:                    # Key by Strong's number (for WLC Hebrew lookup)
330:              'He':'Hebrews','Jas':'James','Re':'Revelation','Tt':'Titus',
762:.verse-line.original {{ font-size: 0.95rem; color: #333; direction: rtl; font-family: 'SBL Hebrew', 'Ezra SIL', serif; }}
763:.verse-line.greek {{ font-size: 0.92rem; color: #1b5e20; font-family: 'Noto Serif', Georgia, serif; direction: ltr; }}
[38;5;244m - Completed in 1.257s[0m
[38;5;12m[1m [1.92][0m[0m
[?25l[0m[38;5;141m> [0mGood. Now I have all the data needed. Let me write the comprehensive findings:[0m[0m
[?25l[0m[0mI'll create the following file: [38;5;141m/Users/murivirg/work/github/bible-expert/investigation/cdd60333/c3-context/findings.md[0m[38;5;244m (using tool: write)[0m

[48;2;40;67;43m[39m+      1[0m:[39m[48;2;24;38;30m [38;2;143;161;179m#[38;2;192;197;206m [38;2;143;161;179mInvestigation Findings: OT Quality [38;2;143;161;179m&[38;2;143;161;179m Unified HTML Generator[K
[0m[48;2;40;67;43m[39m+      2[0m:[39m[48;2;24;38;30m [K
[0m[48;2;40;67;43m[39m+      3[0m:[39m[48;2;24;38;30m [38;2;143;161;179m##[38;2;192;197;206m [38;2;143;161;179mExecutive Summary[K
[0m[48;2;40;67;43m[39m+      4[0m:[39m[48;2;24;38;30m [K
[0m[48;2;40;67;43m[39m+      5[0m:[39m[48;2;24;38;30m [38;2;192;197;206mThe study.html generator has solid OT support (WLC morph, LXX morph, LXX-ES translation, RTL display) but the JS analysis functions ([38;2;163;190;140m`[38;2;163;190;140mexplainEnding[38;2;163;190;140m`[38;2;192;197;206m, [38;2;163;190;140m`[38;2;163;190;140mverbTenseEs[38;2;163;190;140m`[38;2;192;197;206m, [38;2;163;190;140m`[38;2;163;190;140mcontextualMeaning[38;2;163;190;140m`[38;2;192;197;206m) silently fail for both Hebrew OSHM codes and LXX dot-notation codes — they only understand Greek RMAC format. The unified_html_generator.py is [38;2;235;203;139m**[38;2;235;203;139mcompletely disconnected[38;2;235;203;139m**[38;2;192;197;206m from the codebase (never called) and has [38;2;235;203;139m**[38;2;235;203;139mzero OT-specific features[38;2;235;203;139m**[38;2;192;197;206m. Additionally, 12 LXX book variants (4,088 verses) are unreachable due to missing aliases in [38;2;163;190;140m`[38;2;163;190;140mbooks.py[38;2;163;190;140m`[38;2;192;197;206m.[K
[0m[48;2;40;67;43m[39m+      6[0m:[39m[48;2;24;38;30m [K
[0m[48;2;40;67;43m[39m+      7[0m:[39m[48;2;24;38;30m [38;2;192;197;206m---[K
[0m[48;2;40;67;43m[39m+      8[0m:[39m[48;2;24;38;30m [K
[0m[48;2;40;67;43m[39m+      9[0m:[39m[48;2;24;38;30m [38;2;143;161;179m##[38;2;192;197;206m [38;2;143;161;179m1. unified_html_generator.py — Status [38;2;143;161;179m&[38;2;143;161;179m Gaps[K
[0m[48;2;40;67;43m[39m+     10[0m:[39m[48;2;24;38;30m [K
[0m[48;2;40;67;43m[39m+     11[0m:[39m[48;2;24;38;30m [38;2;143;161;179m###[38;2;192;197;206m [38;2;143;161;179mCurrent State: DEAD CODE[K
[0m[48;2;40;67;43m[39m+     12[0m:[39m[48;2;24;38;30m [38;2;191;97;106m-[38;2;191;97;106m [38;2;163;190;140m`[38;2;163;190;140mgenerate_unified_html[38;2;163;190;140m`[38;2;191;97;106m is [38;2;235;203;139m**[38;2;235;203;139mnot imported or called[38;2;235;203;139m**[38;2;191;97;106m from [38;2;163;190;140m`[38;2;163;190;140mserver.py[38;2;163;190;140m`[38;2;191;97;106m, [38;2;163;190;140m`[38;2;163;190;140mstudy_html_generator.py[38;2;163;190;140m`[38;2;191;97;106m, or any other module[K
[0m[48;2;40;67;43m[39m+     13[0m:[39m[48;2;24;38;30m [38;2;191;97;106m-[38;2;191;97;106m Only 1 commit: backup from 2026-06-09[K
[0m[48;2;40;67;43m[39m+     14[0m:[39m[48;2;24;38;30m [38;2;191;97;106m-[38;2;191;97;106m File: [38;2;163;190;140m`[38;2;163;190;140munified_html_generator.py:65[38;2;163;190;140m`[K
[0m[48;2;40;67;43m[39m+     15[0m:[39m[48;2;24;38;30m [K
[0m[48;2;40;67;43m[39m+     16[0m:[39m[48;2;24;38;30m [38;2;143;161;179m###[38;2;192;197;206m [38;2;143;161;179mMissing vs study.html for OT:[K
[0m[48;2;40;67;43m[39m+     17[0m:[39m[48;2;24;38;30m [38;2;192;197;206m|[38;2;192;197;206m Feature [38;2;192;197;206m|[38;2;192;197;206m study.html [38;2;192;197;206m|[38;2;192;197;206m unified_html [38;2;192;197;206m|[K
[0m[48;2;40;67;43m[39m+     18[0m:[39m[48;2;24;38;30m [38;2;192;197;206m|[38;2;192;197;206m---------[38;2;192;197;206m|[38;2;192;197;206m-----------[38;2;192;197;206m|[38;2;192;197;206m--------------[38;2;192;197;206m|[K
[0m[48;2;40;67;43m[39m+     19[0m:[39m[48;2;24;38;30m [38;2;192;197;206m|[38;2;192;197;206m WLC text (RTL, [38;2;163;190;140m`[38;2;163;190;140mdirection: rtl[38;2;163;190;140m`[38;2;192;197;206m) [38;2;192;197;206m|[38;2;192;197;206m ✅ line 762, 835-836 [38;2;192;197;206m|[38;2;192;197;206m ❌ No RTL CSS or WLC display [38;2;192;197;206m|[K
[0m[48;2;40;67;43m[39m+     20[0m:[39m[48;2;24;38;30m [38;2;192;197;206m|[38;2;192;197;206m LXX text line [38;2;192;197;206m|[38;2;192;197;206m ✅ line 850-853 [38;2;192;197;206m|[38;2;192;197;206m ❌ Only MorphGNT/SBLGNT fallback (line 755-758) [38;2;192;197;206m|[K
[0m[48;2;40;67;43m[39m+     21[0m:[39m[48;2;24;38;30m [38;2;192;197;206m|[38;2;192;197;206m LXX-ES translation [38;2;192;197;206m|[38;2;192;197;206m ✅ line 854-857 [38;2;192;197;206m|[38;2;192;197;206m ❌ Not referenced [38;2;192;197;206m|[K
[0m[48;2;40;67;43m[39m+     22[0m:[39m[48;2;24;38;30m [38;2;192;197;206m|[38;2;192;197;206m lxx_morphology hover [38;2;192;197;206m|[38;2;192;197;206m ✅ [38;2;163;190;140m`[38;2;163;190;140mrenderLxxMorph[38;2;163;190;140m`[38;2;192;197;206m (line 1097) [38;2;192;197;206m|[38;2;192;197;206m ❌ Not implemented [38;2;192;197;206m|[K
[0m[48;2;40;67;43m[39m+     23[0m:[39m[48;2;24;38;30m [38;2;192;197;206m|[38;2;192;197;206m Hebrew morph parsing [38;2;192;197;206m|[38;2;192;197;206m ❌ (bug, see §4) [38;2;192;197;206m|[38;2;192;197;206m ❌ [38;2;192;197;206m|[K
[0m[48;2;40;67;43m[39m+     24[0m:[39m[48;2;24;38;30m [38;2;192;197;206m|[38;2;192;197;206m [38;2;163;190;140m`[38;2;163;190;140mis_ot[38;2;163;190;140m`[38;2;192;197;206m flag [38;2;192;197;206m|[38;2;192;197;206m ✅ line 722, 838 [38;2;192;197;206m|[38;2;192;197;206m ❌ No OT detection [38;2;192;197;206m|[K
[0m[48;2;40;67;43m[39m+     25[0m:[39m[48;2;24;38;30m [38;2;192;197;206m|[38;2;192;197;206m Translation toggle [38;2;192;197;206m|[38;2;192;197;206m ✅ [38;2;163;190;140m`[38;2;163;190;140mshowTranslations()[38;2;163;190;140m`[38;2;192;197;206m [38;2;192;197;206m|[38;2;192;197;206m ❌ Only RVR button [38;2;192;197;206m|[K
[0m[48;2;40;67;43m[39m+     26[0m:[39m[48;2;24;38;30m [38;2;192;197;206m|[38;2;192;197;206m Word study popup [38;2;192;197;206m|[38;2;192;197;206m ✅ [38;2;163;190;140m`[38;2;163;190;140mopenWordStudy()[38;2;163;190;140m`[38;2;192;197;206m [38;2;192;197;206m|[38;2;192;197;206m ❌ Only hover tooltip [38;2;192;197;206m|[K
[0m[48;2;40;67;43m[39m+     27[0m:[39m[48;2;24;38;30m [K
[0m[48;2;40;67;43m[39m+     28[0m:[39m[48;2;24;38;30m [38;2;143;161;179m###[38;2;192;197;206m [38;2;143;161;179mWhat unified DOES have:[K
[0m[48;2;40;67;43m[39m+     29[0m:[39m[48;2;24;38;30m [38;2;191;97;106m-[38;2;191;97;106m [38;2;191;97;106mVerse-by-verse expandable sections (exegesis, patristic, TC)[K
[0m[48;2;40;67;43m[39m+     30[0m:[39m[48;2;24;38;30m [38;2;191;97;106m-[38;2;191;97;106m LLM-generated TC verdicts, patristic themes, exegetical themes[K
[0m[48;2;40;67;43m[39m+     31[0m:[39m[48;2;24;38;30m [38;2;191;97;106m-[38;2;191;97;106m Manuscript panel with interactive sigla chips[K
[0m[48;2;40;67;43m[39m+     32[0m:[39m[48;2;24;38;30m [38;2;191;97;106m-[38;2;191;97;106m Cross-references sidebar[K
[0m[48;2;40;67;43m[39m+     33[0m:[39m[48;2;24;38;30m [K
[0m[48;2;40;67;43m[39m+     34[0m:[39m[48;2;24;38;30m [38;2;192;197;206m---[K
[0m[48;2;40;67;43m[39m+     35[0m:[39m[48;2;24;38;30m [K
[0m[48;2;40;67;43m[39m+     36[0m:[39m[48;2;24;38;30m [38;2;143;161;179m##[38;2;192;197;206m [38;2;143;161;179m2. study.html JS Template — Bugs with OT Data[K
[0m[48;2;40;67;43m[39m+     37[0m:[39m[48;2;24;38;30m [K
[0m[48;2;40;67;43m[39m+     38[0m:[39m[48;2;24;38;30m [38;2;143;161;179m###[38;2;192;197;206m [38;2;143;161;179mBug 2a: [38;2;163;190;140m`[38;2;163;190;140mrenderMorph[38;2;163;190;140m`[38;2;143;161;179m for WLC (line 1087-1092)[K
[0m[48;2;40;67;43m[39m+     39[0m:[39m[48;2;24;38;30m [38;2;235;203;139m**[38;2;235;203;139mHow it works:[38;2;235;203;139m**[38;2;192;197;206m When [38;2;163;190;140m`[38;2;163;190;140misOT=true[38;2;163;190;140m`[38;2;192;197;206m and [38;2;163;190;140m`[38;2;163;190;140mD.parallel.WLC[v.v][38;2;163;190;140m`[38;2;192;197;206m exists, the code calls:[K
[0m[48;2;40;67;43m[39m+     40[0m:[39m[48;2;24;38;30m [38;2;192;197;206m```[38;2;208;135;112mjavascript[K
[0m[48;2;40;67;43m[39m+     41[0m:[39m[48;2;24;38;30m [38;2;192;197;206mhtml += `<div class="verse-line original">${renderMorph(v.v, D.parallel.WLC[v.v])}</div>`;[K
[0m[48;2;40;67;43m[39m+     42[0m:[39m[48;2;24;38;30m [38;2;192;197;206m```[K
[0m[48;2;40;67;43m[39m+     43[0m:[39m[48;2;24;38;30m [38;2;163;190;140m`[38;2;163;190;140mrenderMorph[38;2;163;190;140m`[38;2;192;197;206m pulls from [38;2;163;190;140m`[38;2;163;190;140mD.morphology[vnum][38;2;163;190;140m`[38;2;192;197;206m — which for OT contains WLC words (since MorphGNT query fails first, then WLC succeeds as primary morphology in [38;2;163;190;140m`[38;2;163;190;140mgather_chapter_data[38;2;163;190;140m`[38;2;192;197;206m line 85-91).[K
[0m[48;2;40;67;43m[39m+     44[0m:[39m[48;2;24;38;30m [K
[0m[48;2;40;67;43m[39m+     45[0m:[39m[48;2;24;38;30m [38;2;235;203;139m**[38;2;235;203;139mThe issue:[38;2;235;203;139m**[38;2;192;197;206m The rendered [38;2;163;190;140m`[38;2;163;190;140mmorph-word[38;2;163;190;140m`[38;2;192;197;206m spans are fine (they display Hebrew text), but:[K
[0m[48;2;40;67;43m[39m+     46[0m:[39m[48;2;24;38;30m [38;2;191;97;106m-[38;2;191;97;106m [38;2;191;97;106mThe Hebrew words include morpheme separators ([38;2;163;190;140m`[38;2;163;190;140m/[38;2;163;190;140m`[38;2;191;97;106m) like [38;2;163;190;140m`[38;2;163;190;140mבְּ/רֵאשִׁ֖ית[38;2;163;190;140m`[38;2;191;97;106m which display inline[K
[0m[48;2;40;67;43m[39m+     47[0m:[39m[48;2;24;38;30m [38;2;191;97;106m-[38;2;191;97;106m The verse-line has class [38;2;163;190;140m`[38;2;163;190;140moriginal[38;2;163;190;140m`[38;2;191;97;106m → CSS applies [38;2;163;190;140m`[38;2;163;190;140mdirection: rtl[38;2;163;190;140m`[38;2;191;97;106m ✅ correct[K
[0m[48;2;40;67;43m[39m+     48[0m:[39m[48;2;24;38;30m [38;2;191;97;106m-[38;2;191;97;106m No bug here — display works correctly[K
[0m[48;2;40;67;43m[39m+     49[0m:[39m[48;2;24;38;30m [K
[0m[48;2;40;67;43m[39m+     50[0m:[39m[48;2;24;38;30m [38;2;143;161;179m###[38;2;192;197;206m [38;2;143;161;179mBug 2b: [38;2;163;190;140m`[38;2;163;190;140mshowWordTip[38;2;163;190;140m`[38;2;143;161;179m tooltip (line 1094-1104)[K
[0m[48;2;40;67;43m[39m+     51[0m:[39m[48;2;24;38;30m [38;2;192;197;206mFor WLC words:[K
[0m[48;2;40;67;43m[39m+     52[0m:[39m[48;2;24;38;30m [38;2;191;97;106m-[38;2;191;97;106m [38;2;163;190;140m`[38;2;163;190;140mcontextualMeaning(w)[38;2;163;190;140m`[38;2;191;97;106m → checks [38;2;163;190;140m`[38;2;163;190;140mw.m.startsWith('V-')[38;2;163;190;140m`[38;2;191;97;106m → [38;2;163;190;140m`[38;2;163;190;140mHVqp3ms[38;2;163;190;140m`[38;2;191;97;106m doesn't start with [38;2;163;190;140m`[38;2;163;190;140mV-[38;2;163;190;140m`[38;2;191;97;106m → returns [38;2;163;190;140m`[38;2;163;190;140m''[38;2;163;190;140m`[K
[0m[48;2;40;67;43m[39m+     53[0m:[39m[48;2;24;38;30m [38;2;191;97;106m-[38;2;191;97;106m Falls to [38;2;163;190;140m`[38;2;163;190;140mw.es[38;2;163;190;140m`[38;2;191;97;106m → empty string (WLC has no gloss_es)[K
[0m[48;2;40;67;43m[39m+     54[0m:[39m[48;2;24;38;30m [38;2;191;97;106m-[38;2;191;97;106m Falls to [38;2;163;190;140m`[38;2;163;190;140mw.g[38;2;163;190;140m`[38;2;191;97;106m → English gloss from Strong's lexicon (e.g., "create")[K
[0m[48;2;40;67;43m[39m+     55[0m:[39m[48;2;24;38;30m [38;2;191;97;106m-[38;2;191;97;106m [38;2;235;203;139m**[38;2;235;203;139mResult:[38;2;235;203;139m**[38;2;191;97;106m Tooltip shows English gloss only. Acceptable but limited.[K
[0m[48;2;40;67;43m[39m+     56[0m:[39m[48;2;24;38;30m [K
[0m[48;2;40;67;43m[39m+     57[0m:[39m[48;2;24;38;30m [38;2;143;161;179m###[38;2;192;197;206m [38;2;143;161;179mBug 2c: [38;2;163;190;140m`[38;2;163;190;140mexplainEnding(w)[38;2;163;190;140m`[38;2;143;161;179m — FAILS for Hebrew codes (line 911-1084)[K
[0m[48;2;40;67;43m[39m+     58[0m:[39m[48;2;24;38;30m [38;2;192;197;206mFor [38;2;163;190;140m`[38;2;163;190;140mw.m = "HNcmsa"[38;2;163;190;140m`[38;2;192;197;206m:[K
[0m[48;2;40;67;43m[39m+     59[0m:[39m[48;2;24;38;30m [38;2;191;97;106m-[38;2;191;97;106m [38;2;191;97;106mNone of the startsWith checks match: not [38;2;163;190;140m`[38;2;163;190;140mV-[38;2;163;190;140m`[38;2;191;97;106m, [38;2;163;190;140m`[38;2;163;190;140mCONJ[38;2;163;190;140m`[38;2;191;97;106m, [38;2;163;190;140m`[38;2;163;190;140mPREP[38;2;163;190;140m`[38;2;191;97;106m, [38;2;163;190;140m`[38;2;163;190;140mADV[38;2;163;190;140m`[38;2;191;97;106m, [38;2;163;190;140m`[38;2;163;190;140mPRT[38;2;163;190;140m`[38;2;191;97;106m, [38;2;163;190;140m`[38;2;163;190;140mINJ[38;2;163;190;140m`[38;2;191;97;106m, [38;2;163;190;140m`[38;2;163;190;140mHEB[38;2;163;190;140m`[38;2;191;97;106m, [38;2;163;190;140m`[38;2;163;190;140mARAM[38;2;163;190;140m`[38;2;191;97;106m, [38;2;163;190;140m`[38;2;163;190;140mN-[38;2;163;190;140m`[38;2;191;97;106m, [38;2;163;190;140m`[38;2;163;190;140mA-[38;2;163;190;140m`[38;2;191;97;106m, [38;2;163;190;140m`[38;2;163;190;140mT-[38;2;163;190;140m`[K
[0m[48;2;40;67;43m[39m+     60[0m:[39m[48;2;24;38;30m [38;2;191;97;106m-[38;2;191;97;106m [38;2;163;190;140m`[38;2;163;190;140mfirstChar = 'H'[38;2;163;190;140m`[38;2;191;97;106m → [38;2;163;190;140m`[38;2;163;190;140mpronounTypes['H'][38;2;163;190;140m`[38;2;191;97;106m is undefined[K
[0m[48;2;40;67;43m[39m+     61[0m:[39m[48;2;24;38;30m [38;2;191;97;106m-[38;2;191;97;106m Falls to final generic: [38;2;163;190;140m`[38;2;163;190;140m"Forma flexionada de <lemma>"[38;2;163;190;140m`[38;2;191;97;106m or empty string[K
[0m[48;2;40;67;43m[39m+     62[0m:[39m[48;2;24;38;30m [K
[0m[48;2;40;67;43m[39m+     63[0m:[39m[48;2;24;38;30m [38;2;235;203;139m**[38;2;235;203;139mImpact:[38;2;235;203;139m**[38;2;192;197;206m The word study popup shows NO grammatical explanation for Hebrew words. The "📝" breakdown section provides zero useful parsing info.[K
[0m[48;2;40;67;43m[39m+     64[0m:[39m[48;2;24;38;30m [K
[0m[48;2;40;67;43m[39m+     65[0m:[39m[48;2;24;38;30m [38;2;143;161;179m###[38;2;192;197;206m [38;2;143;161;179mBug 2d: [38;2;163;190;140m`[38;2;163;190;140mverbTenseEs(rmac)[38;2;163;190;140m`[38;2;143;161;179m — FAILS for Hebrew verbs[K
[0m[48;2;40;67;43m[39m+     66[0m:[39m[48;2;24;38;30m [38;2;192;197;206mFor [38;2;163;190;140m`[38;2;163;190;140mw.m = "HVqp3ms"[38;2;163;190;140m`[38;2;192;197;206m:[K
[0m[48;2;40;67;43m[39m+     67[0m:[39m[48;2;24;38;30m [38;2;191;97;106m-[38;2;191;97;106m [38;2;163;190;140m`[38;2;163;190;140mrmac.startsWith('V-')[38;2;163;190;140m`[38;2;191;97;106m → false (it's "HV" not "V-")[K
[0m[48;2;40;67;43m[39m+     68[0m:[39m[48;2;24;38;30m [38;2;191;97;106m-[38;2;191;97;106m Returns [38;2;163;190;140m`[38;2;163;190;140m''[38;2;163;190;140m`[K
[0m[48;2;40;67;43m[39m+     69[0m:[39m[48;2;24;38;30m [K
[0m[48;2;40;67;43m[39m+     70[0m:[39m[48;2;24;38;30m [38;2;235;203;139m**[38;2;235;203;139mImpact:[38;2;235;203;139m**[38;2;192;197;206m No tense/voice/mood information displayed for Hebrew verbs.[K
[0m[48;2;40;67;43m[39m+     71[0m:[39m[48;2;24;38;30m [K
[0m[48;2;40;67;43m[39m+     72[0m:[39m[48;2;24;38;30m [38;2;192;197;206m---[K
[0m[48;2;40;67;43m[39m+     73[0m:[39m[48;2;24;38;30m [K
[0m[48;2;40;67;43m[39m+     74[0m:[39m[48;2;24;38;30m [38;2;143;161;179m##[38;2;192;197;206m [38;2;143;161;179m3. NT vs OT Feature Gap Comparison[K
[0m[48;2;40;67;43m[39m+     75[0m:[39m[48;2;24;38;30m [K
[0m[48;2;40;67;43m[39m+     76[0m:[39m[48;2;24;38;30m [38;2;192;197;206m|[38;2;192;197;206m Feature [38;2;192;197;206m|[38;2;192;197;206m NT Chapter [38;2;192;197;206m|[38;2;192;197;206m OT Chapter [38;2;192;197;206m|[K
[0m[48;2;40;67;43m[39m+     77[0m:[39m[48;2;24;38;30m [38;2;192;197;206m|[38;2;192;197;206m---------[38;2;192;197;206m|[38;2;192;197;206m-----------[38;2;192;197;206m|[38;2;192;197;206m-----------[38;2;192;197;206m|[K
[0m[48;2;40;67;43m[39m+     78[0m:[39m[48;2;24;38;30m [38;2;192;197;206m|[38;2;192;197;206m Word-by-word hover with gloss [38;2;192;197;206m|[38;2;192;197;206m ✅ Greek + English/Spanish [38;2;192;197;206m|[38;2;192;197;206m ✅ Hebrew + English gloss [38;2;192;197;206m|[K
[0m[48;2;40;67;43m[39m+     79[0m:[39m[48;2;24;38;30m [38;2;192;197;206m|[38;2;192;197;206m Grammatical parsing in popup [38;2;192;197;206m|[38;2;192;197;206m ✅ Full RMAC explanation [38;2;192;197;206m|[38;2;192;197;206m ❌ Generic fallback only [38;2;192;197;206m|[K
[0m[48;2;40;67;43m[39m+     80[0m:[39m[48;2;24;38;30m [38;2;192;197;206m|[38;2;192;197;206m Verb tense/voice/mood [38;2;192;197;206m|[38;2;192;197;206m ✅ [38;2;163;190;140m`[38;2;163;190;140mverbTenseEs[38;2;163;190;140m`[38;2;192;197;206m works [38;2;192;197;206m|[38;2;192;197;206m ❌ Returns empty [38;2;192;197;206m|[K
[0m[48;2;40;67;43m[39m+     81[0m:[39m[48;2;24;38;30m [38;2;192;197;206m|[38;2;192;197;206m Form breakdown (explainEnding) [38;2;192;197;206m|[38;2;192;197;206m ✅ Case, gender, number explained [38;2;192;197;206m|[38;2;192;197;206m ❌ Returns empty or generic [38;2;192;197;206m|[K
[0m[48;2;40;67;43m[39m+     82[0m:[39m[48;2;24;38;30m [38;2;192;197;206m|[38;2;192;197;206m Contextual meaning (participial) [38;2;192;197;206m|[38;2;192;197;206m ✅ CONTEXT_MEANINGS lookup [38;2;192;197;206m|[38;2;192;197;206m ❌ Returns empty [38;2;192;197;206m|[K
[0m[48;2;40;67;43m[39m+     83[0m:[39m[48;2;24;38;30m [38;2;192;197;206m|[38;2;192;197;206m Compound word etymology [38;2;192;197;206m|[38;2;192;197;206m ✅ 4233 entries (all Greek) [38;2;192;197;206m|[38;2;192;197;206m ❌ No Hebrew compounds [38;2;192;197;206m|[K
[0m[48;2;40;67;43m[39m+     84[0m:[39m[48;2;24;38;30m [38;2;192;197;206m|[38;2;192;197;206m Word morphology (prefix/root) [38;2;192;197;206m|[38;2;192;197;206m ✅ 575 entries (all Greek) [38;2;192;197;206m|[38;2;192;197;206m ❌ No Hebrew word_morphology [38;2;192;197;206m|[K
[0m[48;2;40;67;43m[39m+     85[0m:[39m[48;2;24;38;30m [38;2;192;197;206m|[38;2;192;197;206m Exegetical commentaries [38;2;192;197;206m|[38;2;192;197;206m ✅ Robertson, Vincent, etc. (27 NT books) [38;2;192;197;206m|[38;2;192;197;206m ❌ commentaries table is NT-only [38;2;192;197;206m|[K
[0m[48;2;40;67;43m[39m+     86[0m:[39m[48;2;24;38;30m [38;2;192;197;206m|[38;2;192;197;206m Patristic coverage [38;2;192;197;206m|[38;2;192;197;206m ✅ 226,426 entries [38;2;192;197;206m|[38;2;192;197;206m ✅ 56,863 entries [38;2;192;197;206m|[K
[0m[48;2;40;67;43m[39m+     87[0m:[39m[48;2;24;38;30m [38;2;192;197;206m|[38;2;192;197;206m Cross-references [38;2;192;197;206m|[38;2;192;197;206m ✅ Full [38;2;192;197;206m|[38;2;192;197;206m ✅ Full (e.g., Genesis: 1,952; Psalms: 11,502) [38;2;192;197;206m|[K
[0m[48;2;40;67;43m[39m+     88[0m:[39m[48;2;24;38;30m [38;2;192;197;206m|[38;2;192;197;206m Textual apparatus/variants [38;2;192;197;206m|[38;2;192;197;206m ✅ 11 major variants [38;2;192;197;206m|[38;2;192;197;206m ❌ apparatus table is NT-only [38;2;192;197;206m|[K
[0m[48;2;40;67;43m[39m+     89[0m:[39m[48;2;24;38;30m [38;2;192;197;206m|[38;2;192;197;206m External links (BibleHub) [38;2;192;197;206m|[38;2;192;197;206m ✅ [38;2;163;190;140m`[38;2;163;190;140m/greek/1234.htm[38;2;163;190;140m`[38;2;192;197;206m [38;2;192;197;206m|[38;2;192;197;206m ❌ BUG: [38;2;163;190;140m`[38;2;163;190;140m/greek/H1234.htm[38;2;163;190;140m`[38;2;192;197;206m (404) [38;2;192;197;206m|[K
[0m[48;2;40;67;43m[39m+     90[0m:[39m[48;2;24;38;30m [38;2;192;197;206m|[38;2;192;197;206m External links (Perseus) [38;2;192;197;206m|[38;2;192;197;206m ✅ [38;2;163;190;140m`[38;2;163;190;140m&la=greek[38;2;163;190;140m`[38;2;192;197;206m [38;2;192;197;206m|[38;2;192;197;206m ❌ BUG: still [38;2;163;190;140m`[38;2;163;190;140m&la=greek[38;2;163;190;140m`[38;2;192;197;206m for Hebrew [38;2;192;197;206m|[K
[0m[48;2;40;67;43m[39m+     91[0m:[39m[48;2;24;38;30m [38;2;192;197;206m|[38;2;192;197;206m External links (Logeion) [38;2;192;197;206m|[38;2;192;197;206m ✅ Greek-only tool [38;2;192;197;206m|[38;2;192;197;206m ❌ BUG: links to Greek Logeion for Hebrew [38;2;192;197;206m|[K
[0m[48;2;40;67;43m[39m+     92[0m:[39m[48;2;24;38;30m [38;2;192;197;206m|[38;2;192;197;206m LXX parallel text [38;2;192;197;206m|[38;2;192;197;206m N/A for NT [38;2;192;197;206m|[38;2;192;197;206m ✅ Displayed with LXX-ES [38;2;192;197;206m|[K
[0m[48;2;40;67;43m[39m+     93[0m:[39m[48;2;24;38;30m [38;2;192;197;206m|[38;2;192;197;206m LXX hover/click [38;2;192;197;206m|[38;2;192;197;206m N/A [38;2;192;197;206m|[38;2;192;197;206m ✅ [38;2;163;190;140m`[38;2;163;190;140mrenderLxxMorph[38;2;163;190;140m`[38;2;192;197;206m + [38;2;163;190;140m`[38;2;163;190;140mopenLxxStudy[38;2;163;190;140m`[38;2;192;197;206m [38;2;192;197;206m|[K
[0m[48;2;40;67;43m[39m+     94[0m:[39m[48;2;24;38;30m [K
[0m[48;2;40;67;43m[39m+     95[0m:[39m[48;2;24;38;30m [38;2;192;197;206m---[K
[0m[48;2;40;67;43m[39m+     96[0m:[39m[48;2;24;38;30m [K
[0m[48;2;40;67;43m[39m+     97[0m:[39m[48;2;24;38;30m [38;2;143;161;179m##[38;2;192;197;206m [38;2;143;161;179m4. [38;2;163;190;140m`[38;2;163;190;140mrenderMorph[38;2;163;190;140m`[38;2;143;161;179m and Hebrew OSHM Codes[K
[0m[48;2;40;67;43m[39m+     98[0m:[39m[48;2;24;38;30m [K
[0m[48;2;40;67;43m[39m+     99[0m:[39m[48;2;24;38;30m [38;2;143;161;179m###[38;2;192;197;206m [38;2;143;161;179mOSHM Format (WLC)[K
[0m[48;2;40;67;43m[39m+    100[0m:[39m[48;2;24;38;30m [38;2;192;197;206mPattern: [38;2;163;190;140m`[38;2;163;190;140m[Language][POS segment(s)][38;2;163;190;140m`[38;2;192;197;206m joined by [38;2;163;190;140m`[38;2;163;190;140m/[38;2;163;190;140m`[38;2;192;197;206m for compound prefixes[K
[0m[48;2;40;67;43m[39m+    101[0m:[39m[48;2;24;38;30m [K
[0m[48;2;40;67;43m[39m+    102[0m:[39m[48;2;24;38;30m [38;2;192;197;206mExamples:[K
[0m[48;2;40;67;43m[39m+    103[0m:[39m[48;2;24;38;30m [38;2;192;197;206m| Code | Meaning |[K
[0m[48;2;40;67;43m[39m+    104[0m:[39m[48;2;24;38;30m [38;2;192;197;206m|------|---------|[K
[0m[48;2;40;67;43m[39m+    105[0m:[39m[48;2;24;38;30m [38;2;192;197;206m| [38;2;163;190;140m`[38;2;163;190;140mHNcmsa[38;2;163;190;140m`[38;2;192;197;206m | Hebrew Noun common masculine singular absolute |[K
[0m[48;2;40;67;43m[39m+    106[0m:[39m[48;2;24;38;30m [38;2;192;197;206m| [38;2;163;190;140m`[38;2;163;190;140mHC/Vqw3ms[38;2;163;190;140m`[38;2;192;197;206m | Hebrew Conjunction + Verb qal wayyiqtol 3rd masculine singular |[K
[0m[48;2;40;67;43m[39m+    107[0m:[39m[48;2;24;38;30m [38;2;192;197;206m| [38;2;163;190;140m`[38;2;163;190;140mHTd/Ncmsa[38;2;163;190;140m`[38;2;192;197;206m | Hebrew article-definite + Noun common masculine singular absolute |[K
[0m[48;2;40;67;43m[39m+    108[0m:[39m[48;2;24;38;30m [38;2;192;197;206m| [38;2;163;190;140m`[38;2;163;190;140mHVqp3ms[38;2;163;190;140m`[38;2;192;197;206m | Hebrew Verb qal perfect 3rd masculine singular |[K
[0m[48;2;40;67;43m[39m+    109[0m:[39m[48;2;24;38;30m [38;2;192;197;206m| [38;2;163;190;140m`[38;2;163;190;140mHR[38;2;163;190;140m`[38;2;192;197;206m | Hebrew Preposition |[K
[0m[48;2;40;67;43m[39m+    110[0m:[39m[48;2;24;38;30m [38;2;192;197;206m| [38;2;163;190;140m`[38;2;163;190;140mHNp[38;2;163;190;140m`[38;2;192;197;206m | Hebrew Noun proper (most common: 26,315 occurrences) |[K
[0m[48;2;40;67;43m[39m+    111[0m:[39m[48;2;24;38;30m [K
[0m[48;2;40;67;43m[39m+    112[0m:[39m[48;2;24;38;30m [38;2;143;161;179m###[38;2;192;197;206m [38;2;143;161;179mWhy RMAC Functions Fail[K
[0m[48;2;40;67;43m[39m+    113[0m:[39m[48;2;24;38;30m [38;2;192;197;206mThe JS functions test for patterns like [38;2;163;190;140m`[38;2;163;190;140mV-[38;2;163;190;140m`[38;2;192;197;206m, [38;2;163;190;140m`[38;2;163;190;140mN-[38;2;163;190;140m`[38;2;192;197;206m, [38;2;163;190;140m`[38;2;163;190;140mCONJ[38;2;163;190;140m`[38;2;192;197;206m etc. Hebrew codes start with [38;2;163;190;140m`[38;2;163;190;140mH[38;2;163;190;140m`[38;2;192;197;206m (language prefix) followed by POS without a dash. A Hebrew noun is [38;2;163;190;140m`[38;2;163;190;140mHNcmsa[38;2;163;190;140m`[38;2;192;197;206m, not [38;2;163;190;140m`[38;2;163;190;140mN-NSM[38;2;163;190;140m`[38;2;192;197;206m.[K
[0m[48;2;40;67;43m[39m+    114[0m:[39m[48;2;24;38;30m [K
[0m[48;2;40;67;43m[39m+    115[0m:[39m[48;2;24;38;30m [38;2;143;161;179m###[38;2;192;197;206m [38;2;143;161;179mFix Needed[K
[0m[48;2;40;67;43m[39m+    116[0m:[39m[48;2;24;38;30m [38;2;192;197;206mA [38;2;163;190;140m`[38;2;163;190;140mexplainHebrewMorph(code)[38;2;163;190;140m`[38;2;192;197;206m function that:[K
[0m[48;2;40;67;43m[39m+    117[0m:[39m[48;2;24;38;30m [38;2;191;97;106m1[38;2;191;97;106m.[38;2;191;97;106m [38;2;191;97;106mStrips the [38;2;163;190;140m`[38;2;163;190;140mH[38;2;163;190;140m`[38;2;191;97;106m or [38;2;163;190;140m`[38;2;163;190;140mA[38;2;163;190;140m`[38;2;191;97;106m (Aramaic) prefix[K
[0m[48;2;40;67;43m[39m+    118[0m:[39m[48;2;24;38;30m [38;2;191;97;106m2[38;2;191;97;106m.[38;2;191;97;106m Splits on [38;2;163;190;140m`[38;2;163;190;140m/[38;2;163;190;140m`[38;2;191;97;106m for compound morphemes[K
[0m[48;2;40;67;43m[39m+    119[0m:[39m[48;2;24;38;30m [38;2;191;97;106m3[38;2;191;97;106m.[38;2;191;97;106m Parses each segment: [38;2;163;190;140m`[38;2;163;190;140mN[38;2;163;190;140m`[38;2;191;97;106m=noun, [38;2;163;190;140m`[38;2;163;190;140mV[38;2;163;190;140m`[38;2;191;97;106m=verb, [38;2;163;190;140m`[38;2;163;190;140mT[38;2;163;190;140m`[38;2;191;97;106m=particle, [38;2;163;190;140m`[38;2;163;190;140mR[38;2;163;190;140m`[38;2;191;97;106m=preposition, [38;2;163;190;140m`[38;2;163;190;140mC[38;2;163;190;140m`[38;2;191;97;106m=conjunction, [38;2;163;190;140m`[38;2;163;190;140mD[38;2;163;190;140m`[38;2;191;97;106m=adverb[K
[0m[48;2;40;67;43m[39m+    120[0m:[39m[48;2;24;38;30m [38;2;191;97;106m4[38;2;191;97;106m.[38;2;191;97;106m For nouns: [38;2;163;190;140m`[38;2;163;190;140mc[38;2;163;190;140m`[38;2;191;97;106m/[38;2;163;190;140m`[38;2;163;190;140mp[38;2;163;190;140m`[38;2;191;97;106m=common/proper, [38;2;163;190;140m`[38;2;163;190;140mm[38;2;163;190;140m`[38;2;191;97;106m/[38;2;163;190;140m`[38;2;163;190;140mf[38;2;163;190;140m`[38;2;191;97;106m/[38;2;163;190;140m`[38;2;163;190;140mb[38;2;163;190;140m`[38;2;191;97;106m=gender, [38;2;163;190;140m`[38;2;163;190;140ms[38;2;163;190;140m`[38;2;191;97;106m/[38;2;163;190;140m`[38;2;163;190;140mp[38;2;163;190;140m`[38;2;191;97;106m/[38;2;163;190;140m`[38;2;163;190;140md[38;2;163;190;140m`[38;2;191;97;106m=number, [38;2;163;190;140m`[38;2;163;190;140ma[38;2;163;190;140m`[38;2;191;97;106m/[38;2;163;190;140m`[38;2;163;190;140mc[38;2;163;190;140m`[38;2;191;97;106m=state[K
[0m[48;2;40;67;43m[39m+    121[0m:[39m[48;2;24;38;30m [38;2;191;97;106m5[38;2;191;97;106m.[38;2;191;97;106m For verbs: stem(q/n/p/h/t/D/H/etc), conjugation(p/i/w/j/v/r/c/a), person, gender, number[K
[0m[48;2;40;67;43m[39m+    122[0m:[39m[48;2;24;38;30m [K
[0m[48;2;40;67;43m[39m+    123[0m:[39m[48;2;24;38;30m [38;2;192;197;206m---[K
[0m[48;2;40;67;43m[39m+    124[0m:[39m[48;2;24;38;30m [K
[0m[48;2;40;67;43m[39m+    125[0m:[39m[48;2;24;38;30m [38;2;143;161;179m##[38;2;192;197;206m [38;2;143;161;179m5. [38;2;163;190;140m`[38;2;163;190;140mopenWordStudy[38;2;163;190;140m`[38;2;143;161;179m — Hebrew Strong's Links (Bug)[K
[0m[48;2;40;67;43m[39m+    126[0m:[39m[48;2;24;38;30m [K
[0m[48;2;40;67;43m[39m+    127[0m:[39m[48;2;24;38;30m [38;2;235;203;139m**[38;2;235;203;139mFile:[38;2;235;203;139m**[38;2;192;197;206m [38;2;163;190;140m`[38;2;163;190;140mstudy_html_generator.py:1215-1222[38;2;163;190;140m`[K
[0m[48;2;40;67;43m[39m+    128[0m:[39m[48;2;24;38;30m [K
[0m[48;2;40;67;43m[39m+    129[0m:[39m[48;2;24;38;30m [38;2;192;197;206m|[38;2;192;197;206m Link [38;2;192;197;206m|[38;2;192;197;206m Hebrew behavior [38;2;192;197;206m|[38;2;192;197;206m Expected [38;2;192;197;206m|[K
[0m[48;2;40;67;43m[39m+    130[0m:[39m[48;2;24;38;30m [38;2;192;197;206m|[38;2;192;197;206m------[38;2;192;197;206m|[38;2;192;197;206m----------------[38;2;192;197;206m|[38;2;192;197;206m----------[38;2;192;197;206m|[K
[0m[48;2;40;67;43m[39m+    131[0m:[39m[48;2;24;38;30m [38;2;192;197;206m|[38;2;192;197;206m Blue Letter Bible [38;2;192;197;206m|[38;2;192;197;206m [38;2;163;190;140m`[38;2;163;190;140mlexicon/H1234/kjv/tr/0-1/[38;2;163;190;140m`[38;2;192;197;206m [38;2;192;197;206m|[38;2;192;197;206m ✅ Works (auto-detects H vs G) [38;2;192;197;206m|[K
[0m[48;2;40;67;43m[39m+    132[0m:[39m[48;2;24;38;30m [38;2;192;197;206m|[38;2;192;197;206m BibleHub [38;2;192;197;206m|[38;2;192;197;206m [38;2;163;190;140m`[38;2;163;190;140mgreek/H1234.htm[38;2;163;190;140m`[38;2;192;197;206m [38;2;192;197;206m|[38;2;192;197;206m ❌ Should be [38;2;163;190;140m`[38;2;163;190;140mhebrew/1234.htm[38;2;163;190;140m`[38;2;192;197;206m [38;2;192;197;206m|[K
[0m[48;2;40;67;43m[39m+    133[0m:[39m[48;2;24;38;30m [38;2;192;197;206m|[38;2;192;197;206m Perseus [38;2;192;197;206m|[38;2;192;197;206m [38;2;163;190;140m`[38;2;163;190;140mmorph?l=אָב&la=greek[38;2;163;190;140m`[38;2;192;197;206m [38;2;192;197;206m|[38;2;192;197;206m ❌ Should be removed or use [38;2;163;190;140m`[38;2;163;190;140mla=hebrew[38;2;163;190;140m`[38;2;192;197;206m (not supported) [38;2;192;197;206m|[K
[0m[48;2;40;67;43m[39m+    134[0m:[39m[48;2;24;38;30m [38;2;192;197;206m|[38;2;192;197;206m Logeion [38;2;192;197;206m|[38;2;192;197;206m [38;2;163;190;140m`[38;2;163;190;140mlogeion.uchicago.edu/אָב[38;2;163;190;140m`[38;2;192;197;206m [38;2;192;197;206m|[38;2;192;197;206m ❌ Greek-only. Should be HALOT/BDB link [38;2;192;197;206m|[K
[0m[48;2;40;67;43m[39m+    135[0m:[39m[48;2;24;38;30m [38;2;192;197;206m|[38;2;192;197;206m STEP Bible [38;2;192;197;206m|[38;2;192;197;206m [38;2;163;190;140m`[38;2;163;190;140mstrong=H1234[38;2;163;190;140m`[38;2;192;197;206m [38;2;192;197;206m|[38;2;192;197;206m ✅ Works for Hebrew [38;2;192;197;206m|[K
[0m[48;2;40;67;43m[39m+    136[0m:[39m[48;2;24;38;30m [K
[0m[48;2;40;67;43m[39m+    137[0m:[39m[48;2;24;38;30m [38;2;235;203;139m**[38;2;235;203;139mFix:[38;2;235;203;139m**[38;2;192;197;206m Conditional link generation based on [38;2;163;190;140m`[38;2;163;190;140mw.s.startsWith('H')[38;2;163;190;140m`[38;2;192;197;206m:[K
[0m[48;2;40;67;43m[39m+    138[0m:[39m[48;2;24;38;30m [38;2;192;197;206m```[38;2;208;135;112mjavascript[K
[0m[48;2;40;67;43m[39m+    139[0m:[39m[48;2;24;38;30m [38;2;192;197;206mconst isHeb = w.s && w.s.startsWith('H');[K
[0m[48;2;40;67;43m[39m+    140[0m:[39m[48;2;24;38;30m [38;2;192;197;206mconst bibhub = isHeb ? `biblehub.com/hebrew/${w.s.replace('H','')}.htm` [K
[0m[48;2;40;67;43m[39m+    141[0m:[39m[48;2;24;38;30m [38;2;192;197;206m                     : `biblehub.com/greek/${w.s.replace('G','')}.htm`;[K
[0m[48;2;40;67;43m[39m+    142[0m:[39m[48;2;24;38;30m [38;2;192;197;206m// Remove Perseus/Logeion for Hebrew, add:[K
[0m[48;2;40;67;43m[39m+    143[0m:[39m[48;2;24;38;30m [38;2;192;197;206m// - https://www.sefaria.org/search?q=<lemma>[K
[0m[48;2;40;67;43m[39m+    144[0m:[39m[48;2;24;38;30m [38;2;192;197;206m// - https://www.pealim.com/search/?q=<lemma> (for modern Hebrew roots)[K
[0m[48;2;40;67;43m[39m+    145[0m:[39m[48;2;24;38;30m [38;2;192;197;206m```[K
[0m[48;2;40;67;43m[39m+    146[0m:[39m[48;2;24;38;30m [K
[0m[48;2;40;67;43m[39m+    147[0m:[39m[48;2;24;38;30m [38;2;192;197;206m---[K
[0m[48;2;40;67;43m[39m+    148[0m:[39m[48;2;24;38;30m [K
[0m[48;2;40;67;43m[39m+    149[0m:[39m[48;2;24;38;30m [38;2;143;161;179m##[38;2;192;197;206m [38;2;143;161;179m6. LXX Morphology Codes — Dot Notation vs RMAC[K
[0m[48;2;40;67;43m[39m+    150[0m:[39m[48;2;24;38;30m [K
[0m[48;2;40;67;43m[39m+    151[0m:[39m[48;2;24;38;30m [38;2;143;161;179m###[38;2;192;197;206m [38;2;143;161;179mLXX Format[K
[0m[48;2;40;67;43m[39m+    152[0m:[39m[48;2;24;38;30m [38;2;192;197;206mPattern: [38;2;163;190;140m`[38;2;163;190;140mPOS.CaseGenderNumber[38;2;163;190;140m`[38;2;192;197;206m (dot-separated)[K
[0m[48;2;40;67;43m[39m+    153[0m:[39m[48;2;24;38;30m [K
[0m[48;2;40;67;43m[39m+    154[0m:[39m[48;2;24;38;30m [38;2;192;197;206mExamples:[K
[0m[48;2;40;67;43m[39m+    155[0m:[39m[48;2;24;38;30m [38;2;192;197;206m| Code | Meaning |[K
[0m[48;2;40;67;43m[39m+    156[0m:[39m[48;2;24;38;30m [38;2;192;197;206m|------|---------|[K
[0m[48;2;40;67;43m[39m+    157[0m:[39m[48;2;24;38;30m [38;2;192;197;206m| [38;2;163;190;140m`[38;2;163;190;140mN.NSM[38;2;163;190;140m`[38;2;192;197;206m | Noun, Nominative Singular Masculine |[K
[0m[48;2;40;67;43m[39m+    158[0m:[39m[48;2;24;38;30m [38;2;192;197;206m| [38;2;163;190;140m`[38;2;163;190;140mV.AAI3S[38;2;163;190;140m`[38;2;192;197;206m | Verb, Aorist Active Indicative 3rd Singular |[K
[0m[48;2;40;67;43m[39m+    159[0m:[39m[48;2;24;38;30m [38;2;192;197;206m| [38;2;163;190;140m`[38;2;163;190;140mRA.NSM[38;2;163;190;140m`[38;2;192;197;206m | Article, Nominative Singular Masculine |[K
[0m[48;2;40;67;43m[39m+    160[0m:[39m[48;2;24;38;30m [38;2;192;197;206m| [38;2;163;190;140m`[38;2;163;190;140mC[38;2;163;190;140m`[38;2;192;197;206m | Conjunction |[K
[0m[48;2;40;67;43m[39m+    161[0m:[39m[48;2;24;38;30m [38;2;192;197;206m| [38;2;163;190;140m`[38;2;163;190;140mP[38;2;163;190;140m`[38;2;192;197;206m | Preposition |[K
[0m[48;2;40;67;43m[39m+    162[0m:[39m[48;2;24;38;30m [38;2;192;197;206m| [38;2;163;190;140m`[38;2;163;190;140mRP.GS[38;2;163;190;140m`[38;2;192;197;206m | Relative Pronoun, Genitive Singular |[K
[0m[48;2;40;67;43m[39m+    163[0m:[39m[48;2;24;38;30m [K
[0m[48;2;40;67;43m[39m+    164[0m:[39m[48;2;24;38;30m [38;2;143;161;179m###[38;2;192;197;206m [38;2;143;161;179mComparison with RMAC (MorphGNT)[K
[0m[48;2;40;67;43m[39m+    165[0m:[39m[48;2;24;38;30m [38;2;192;197;206m|[38;2;192;197;206m RMAC [38;2;192;197;206m|[38;2;192;197;206m LXX [38;2;192;197;206m|[38;2;192;197;206m Difference [38;2;192;197;206m|[K
[0m[48;2;40;67;43m[39m+    166[0m:[39m[48;2;24;38;30m [38;2;192;197;206m|[38;2;192;197;206m------[38;2;192;197;206m|[38;2;192;197;206m-----[38;2;192;197;206m|[38;2;192;197;206m-----------[38;2;192;197;206m|[K
[0m[48;2;40;67;43m[39m+    167[0m:[39m[48;2;24;38;30m [38;2;192;197;206m|[38;2;192;197;206m [38;2;163;190;140m`[38;2;163;190;140mV-AAI-3S[38;2;163;190;140m`[38;2;192;197;206m [38;2;192;197;206m|[38;2;192;197;206m [38;2;163;190;140m`[38;2;163;190;140mV.AAI3S[38;2;163;190;140m`[38;2;192;197;206m [38;2;192;197;206m|[38;2;192;197;206m Dash → Dot, dash between mood/person removed [38;2;192;197;206m|[K
[0m[48;2;40;67;43m[39m+    168[0m:[39m[48;2;24;38;30m [38;2;192;197;206m|[38;2;192;197;206m [38;2;163;190;140m`[38;2;163;190;140mN-NSM[38;2;163;190;140m`[38;2;192;197;206m [38;2;192;197;206m|[38;2;192;197;206m [38;2;163;190;140m`[38;2;163;190;140mN.NSM[38;2;163;190;140m`[38;2;192;197;206m [38;2;192;197;206m|[38;2;192;197;206m Dash → Dot [38;2;192;197;206m|[K
[0m[48;2;40;67;43m[39m+    169[0m:[39m[48;2;24;38;30m [38;2;192;197;206m|[38;2;192;197;206m [38;2;163;190;140m`[38;2;163;190;140mCONJ[38;2;163;190;140m`[38;2;192;197;206m [38;2;192;197;206m|[38;2;192;197;206m [38;2;163;190;140m`[38;2;163;190;140mC[38;2;163;190;140m`[38;2;192;197;206m [38;2;192;197;206m|[38;2;192;197;206m Full word → single letter [38;2;192;197;206m|[K
[0m[48;2;40;67;43m[39m+    170[0m:[39m[48;2;24;38;30m [38;2;192;197;206m|[38;2;192;197;206m [38;2;163;190;140m`[38;2;163;190;140mPREP[38;2;163;190;140m`[38;2;192;197;206m [38;2;192;197;206m|[38;2;192;197;206m [38;2;163;190;140m`[38;2;163;190;140mP[38;2;163;190;140m`[38;2;192;197;206m [38;2;192;197;206m|[38;2;192;197;206m Full word → single letter [38;2;192;197;206m|[K
[0m[48;2;40;67;43m[39m+    171[0m:[39m[48;2;24;38;30m [K
[0m[48;2;40;67;43m[39m+    172[0m:[39m[48;2;24;38;30m [38;2;143;161;179m###[38;2;192;197;206m [38;2;143;161;179mImpact in study.html[K
[0m[48;2;40;67;43m[39m+    173[0m:[39m[48;2;24;38;30m [38;2;163;190;140m`[38;2;163;190;140mopenLxxStudy[38;2;163;190;140m`[38;2;192;197;206m (line 1108-1125) is simple — just displays the raw code in a table. No parsing attempted. [38;2;235;203;139m**[38;2;235;203;139mNot a bug per se[38;2;235;203;139m**[38;2;192;197;206m, but a missing feature: LXX words get no grammatical explanation while NT Greek words get full explanations.[K
[0m[48;2;40;67;43m[39m+    174[0m:[39m[48;2;24;38;30m [K
[0m[48;2;40;67;43m[39m+    175[0m:[39m[48;2;24;38;30m [38;2;143;161;179m###[38;2;192;197;206m [38;2;143;161;179mFix[K
[0m[48;2;40;67;43m[39m+    176[0m:[39m[48;2;24;38;30m [38;2;192;197;206mSince LXX codes are structurally similar to RMAC (same grammatical categories, just different syntax), a normalizer could convert [38;2;163;190;140m`[38;2;163;190;140mN.NSM[38;2;163;190;140m`[38;2;192;197;206m → [38;2;163;190;140m`[38;2;163;190;140mN-NSM[38;2;163;190;140m`[38;2;192;197;206m before passing to [38;2;163;190;140m`[38;2;163;190;140mexplainEnding[38;2;163;190;140m`[38;2;192;197;206m, or a parallel [38;2;163;190;140m`[38;2;163;190;140mexplainLxxMorph[38;2;163;190;140m`[38;2;192;197;206m could handle the dot-notation directly.[K
[0m[48;2;40;67;43m[39m+    177[0m:[39m[48;2;24;38;30m [K
[0m[48;2;40;67;43m[39m+    178[0m:[39m[48;2;24;38;30m [38;2;192;197;206m---[K
[0m[48;2;40;67;43m[39m+    179[0m:[39m[48;2;24;38;30m [K
[0m[48;2;40;67;43m[39m+    180[0m:[39m[48;2;24;38;30m [38;2;143;161;179m##[38;2;192;197;206m [38;2;143;161;179m7. [38;2;163;190;140m`[38;2;163;190;140mgather_chapter_data[38;2;163;190;140m`[38;2;143;161;179m — Book Name [38;2;163;190;140m`[38;2;163;190;140mcandidates[38;2;163;190;140m`[38;2;143;161;179m Handling[K
[0m[48;2;40;67;43m[39m+    181[0m:[39m[48;2;24;38;30m [K
[0m[48;2;40;67;43m[39m+    182[0m:[39m[48;2;24;38;30m [38;2;143;161;179m###[38;2;192;197;206m [38;2;143;161;179mHow It Works (study_html_generator.py:39-312)[K
[0m[48;2;40;67;43m[39m+    183[0m:[39m[48;2;24;38;30m [38;2;191;97;106m1[38;2;191;97;106m.[38;2;191;97;106m [38;2;163;190;140m`[38;2;163;190;140mcandidates = get_all_db_names(resolved)[38;2;163;190;140m`[38;2;191;97;106m returns [38;2;163;190;140m`[38;2;163;190;140m[canonical_name, alias1, alias2, ...][38;2;163;190;140m`[K
[0m[48;2;40;67;43m[39m+    184[0m:[39m[48;2;24;38;30m [38;2;191;97;106m2[38;2;191;97;106m.[38;2;191;97;106m Each DB query loops: [38;2;163;190;140m`[38;2;163;190;140mfor b in candidates:[38;2;163;190;140m`[38;2;191;97;106m and breaks on first match[K
[0m[48;2;40;67;43m[39m+    185[0m:[39m[48;2;24;38;30m [K
[0m[48;2;40;67;43m[39m+    186[0m:[39m[48;2;24;38;30m [38;2;143;161;179m###[38;2;192;197;206m [38;2;143;161;179mBook Name Mapping Issue[K
[0m[48;2;40;67;43m[39m+    187[0m:[39m[48;2;24;38;30m [38;2;192;197;206mThe DB uses different naming conventions per table:[K
[0m[48;2;40;67;43m[39m+    188[0m:[39m[48;2;24;38;30m [38;2;192;197;206m| Table | OT Book Names | Example |[K
[0m[48;2;40;67;43m[39m+    189[0m:[39m[48;2;24;38;30m [38;2;192;197;206m|-------|---------------|---------|[K
[0m[48;2;40;67;43m[39m+    190[0m:[39m[48;2;24;38;30m [38;2;192;197;206m| [38;2;163;190;140m`[38;2;163;190;140mverses[38;2;163;190;140m`[38;2;192;197;206m (WLC) | Abbreviated | [38;2;163;190;140m`[38;2;163;190;140mGen[38;2;163;190;140m`[38;2;192;197;206m, [38;2;163;190;140m`[38;2;163;190;140mPs[38;2;163;190;140m`[38;2;192;197;206m, [38;2;163;190;140m`[38;2;163;190;140m1Sam[38;2;163;190;140m`[38;2;192;197;206m |[K
[0m[48;2;40;67;43m[39m+    191[0m:[39m[48;2;24;38;30m [38;2;192;197;206m| [38;2;163;190;140m`[38;2;163;190;140mmorphology[38;2;163;190;140m`[38;2;192;197;206m (WLC) | Abbreviated | [38;2;163;190;140m`[38;2;163;190;140mGen[38;2;163;190;140m`[38;2;192;197;206m, [38;2;163;190;140m`[38;2;163;190;140mPs[38;2;163;190;140m`[38;2;192;197;206m, [38;2;163;190;140m`[38;2;163;190;140m1Sam[38;2;163;190;140m`[38;2;192;197;206m |[K
[0m[48;2;40;67;43m[39m+    192[0m:[39m[48;2;24;38;30m [38;2;192;197;206m| [38;2;163;190;140m`[38;2;163;190;140mmorphology[38;2;163;190;140m`[38;2;192;197;206m (LXX) | Abbreviated + variants | [38;2;163;190;140m`[38;2;163;190;140mGen[38;2;163;190;140m`[38;2;192;197;206m, [38;2;163;190;140m`[38;2;163;190;140mJoshA[38;2;163;190;140m`[38;2;192;197;206m, [38;2;163;190;140m`[38;2;163;190;140mJoshB[38;2;163;190;140m`[38;2;192;197;206m, [38;2;163;190;140m`[38;2;163;190;140mDanOG[38;2;163;190;140m`[38;2;192;197;206m |[K
[0m[48;2;40;67;43m[39m+    193[0m:[39m[48;2;24;38;30m [38;2;192;197;206m| [38;2;163;190;140m`[38;2;163;190;140mverses[38;2;163;190;140m`[38;2;192;197;206m (LXX) | Abbreviated + variants | Same as above |[K
[0m[48;2;40;67;43m[39m+    194[0m:[39m[48;2;24;38;30m [38;2;192;197;206m| [38;2;163;190;140m`[38;2;163;190;140mpatristic[38;2;163;190;140m`[38;2;192;197;206m | Full canonical | [38;2;163;190;140m`[38;2;163;190;140mGenesis[38;2;163;190;140m`[38;2;192;197;206m, [38;2;163;190;140m`[38;2;163;190;140mPsalms[38;2;163;190;140m`[38;2;192;197;206m, [38;2;163;190;140m`[38;2;163;190;140m1 Samuel[38;2;163;190;140m`[38;2;192;197;206m |[K
[0m[48;2;40;67;43m[39m+    195[0m:[39m[48;2;24;38;30m [38;2;192;197;206m| [38;2;163;190;140m`[38;2;163;190;140mcross_refs[38;2;163;190;140m`[38;2;192;197;206m | Full canonical | [38;2;163;190;140m`[38;2;163;190;140mGenesis[38;2;163;190;140m`[38;2;192;197;206m, [38;2;163;190;140m`[38;2;163;190;140mPsalms[38;2;163;190;140m`[38;2;192;197;206m |[K
[0m[48;2;40;67;43m[39m+    196[0m:[39m[48;2;24;38;30m [38;2;192;197;206m| [38;2;163;190;140m`[38;2;163;190;140mcommentaries[38;2;163;190;140m`[38;2;192;197;206m | Full canonical (NT only) | [38;2;163;190;140m`[38;2;163;190;140mMatthew[38;2;163;190;140m`[38;2;192;197;206m, [38;2;163;190;140m`[38;2;163;190;140mJohn[38;2;163;190;140m`[38;2;192;197;206m |[K
[0m[48;2;40;67;43m[39m+    197[0m:[39m[48;2;24;38;30m [38;2;192;197;206m| [38;2;163;190;140m`[38;2;163;190;140mapparatus[38;2;163;190;140m`[38;2;192;197;206m | Full canonical (NT only) | [38;2;163;190;140m`[38;2;163;190;140mMatthew[38;2;163;190;140m`[38;2;192;197;206m, [38;2;163;190;140m`[38;2;163;190;140mJohn[38;2;163;190;140m`[38;2;192;197;206m |[K
[0m[48;2;40;67;43m[39m+    198[0m:[39m[48;2;24;38;30m [K
[0m[48;2;40;67;43m[39m+    199[0m:[39m[48;2;24;38;30m [38;2;143;161;179m###[38;2;192;197;206m [38;2;143;161;179m✅ What Works[K
[0m[48;2;40;67;43m[39m+    200[0m:[39m[48;2;24;38;30m [38;2;191;97;106m-[38;2;191;97;106m [38;2;163;190;140m`[38;2;163;190;140mbooks.py[38;2;163;190;140m`[38;2;191;97;106m aliases include abbreviated forms (e.g., [38;2;163;190;140m`[38;2;163;190;140m"Gen"[38;2;163;190;140m`[38;2;191;97;106m for Genesis, [38;2;163;190;140m`[38;2;163;190;140m"Ps"[38;2;163;190;140m`[38;2;191;97;106m for Psalms)[K
[0m[48;2;40;67;43m[39m+    201[0m:[39m[48;2;24;38;30m [38;2;191;97;106m-[38;2;191;97;106m The loop finds [38;2;163;190;140m`[38;2;163;190;140m"Genesis"[38;2;163;190;140m`[38;2;191;97;106m for patristic, then [38;2;163;190;140m`[38;2;163;190;140m"Gen"[38;2;163;190;140m`[38;2;191;97;106m for morphology/verses → correct[K
[0m[48;2;40;67;43m[39m+    202[0m:[39m[48;2;24;38;30m [K
[0m[48;2;40;67;43m[39m+    203[0m:[39m[48;2;24;38;30m [38;2;143;161;179m###[38;2;192;197;206m [38;2;143;161;179m❌ What's Broken: 12 LXX Books Unreachable[K
[0m[48;2;40;67;43m[39m+    204[0m:[39m[48;2;24;38;30m [38;2;192;197;206mThese LXX variant names are NOT in [38;2;163;190;140m`[38;2;163;190;140mbooks.py[38;2;163;190;140m`[38;2;192;197;206m aliases:[K
[0m[48;2;40;67;43m[39m+    205[0m:[39m[48;2;24;38;30m [38;2;191;97;106m-[38;2;191;97;106m [38;2;163;190;140m`[38;2;163;190;140mJoshA[38;2;163;190;140m`[38;2;191;97;106m, [38;2;163;190;140m`[38;2;163;190;140mJoshB[38;2;163;190;140m`[38;2;191;97;106m (Joshua A/B text traditions)[K
[0m[48;2;40;67;43m[39m+    206[0m:[39m[48;2;24;38;30m [38;2;191;97;106m-[38;2;191;97;106m [38;2;163;190;140m`[38;2;163;190;140mJudgA[38;2;163;190;140m`[38;2;191;97;106m, [38;2;163;190;140m`[38;2;163;190;140mJudgB[38;2;163;190;140m`[38;2;191;97;106m (Judges A/B text traditions)[K
[0m[48;2;40;67;43m[39m+    207[0m:[39m[48;2;24;38;30m [38;2;191;97;106m-[38;2;191;97;106m [38;2;163;190;140m`[38;2;163;190;140mDanOG[38;2;163;190;140m`[38;2;191;97;106m, [38;2;163;190;140m`[38;2;163;190;140mDanTh[38;2;163;190;140m`[38;2;191;97;106m (Daniel Old Greek / Theodotion)[K
[0m[48;2;40;67;43m[39m+    208[0m:[39m[48;2;24;38;30m [38;2;191;97;106m-[38;2;191;97;106m [38;2;163;190;140m`[38;2;163;190;140mBelOG[38;2;163;190;140m`[38;2;191;97;106m, [38;2;163;190;140m`[38;2;163;190;140mBelTh[38;2;163;190;140m`[38;2;191;97;106m (Bel [38;2;191;97;106m&[38;2;191;97;106m the Dragon)[K
[0m[48;2;40;67;43m[39m+    209[0m:[39m[48;2;24;38;30m [38;2;191;97;106m-[38;2;191;97;106m [38;2;163;190;140m`[38;2;163;190;140mSusOG[38;2;163;190;140m`[38;2;191;97;106m, [38;2;163;190;140m`[38;2;163;190;140mSusTh[38;2;163;190;140m`[38;2;191;97;106m (Susanna)[K
[0m[48;2;40;67;43m[39m+    210[0m:[39m[48;2;24;38;30m [38;2;191;97;106m-[38;2;191;97;106m [38;2;163;190;140m`[38;2;163;190;140m1Esdr[38;2;163;190;140m`[38;2;191;97;106m, [38;2;163;190;140m`[38;2;163;190;140m2Esdr[38;2;163;190;140m`[38;2;191;97;106m (Esdras)[K
[0m[48;2;40;67;43m[39m+    211[0m:[39m[48;2;24;38;30m [K
[0m[48;2;40;67;43m[39m+    212[0m:[39m[48;2;24;38;30m [38;2;235;203;139m**[38;2;235;203;139mResult:[38;2;235;203;139m**[38;2;192;197;206m 4,088 LXX verses + all their morphology data are completely inaccessible via any tool.[K
[0m[48;2;40;67;43m[39m+    213[0m:[39m[48;2;24;38;30m [K
[0m[48;2;40;67;43m[39m+    214[0m:[39m[48;2;24;38;30m [38;2;235;203;139m**[38;2;235;203;139mFix:[38;2;235;203;139m**[38;2;192;197;206m Add these as aliases in [38;2;163;190;140m`[38;2;163;190;140mbooks.py[38;2;163;190;140m`[38;2;192;197;206m:[K
[0m[48;2;40;67;43m[39m+    215[0m:[39m[48;2;24;38;30m [38;2;192;197;206m```[38;2;208;135;112mpython[K
[0m[48;2;40;67;43m[39m+    216[0m:[39m[48;2;24;38;30m [38;2;192;197;206m6: ("Joshua", ["Josh", "Jos", ..., "JoshA", "JoshB"]),[K
[0m[48;2;40;67;43m[39m+    217[0m:[39m[48;2;24;38;30m [38;2;192;197;206m7: ("Judges", ["Judg", ..., "JudgA", "JudgB"]),[K
[0m[48;2;40;67;43m[39m+    218[0m:[39m[48;2;24;38;30m [38;2;192;197;206m27: ("Daniel", ["Dan", ..., "DanOG", "DanTh"]),[K
[0m[48;2;40;67;43m[39m+    219[0m:[39m[48;2;24;38;30m [38;2;192;197;206m```[K
[0m[48;2;40;67;43m[39m+    220[0m:[39m[48;2;24;38;30m [K
[0m[48;2;40;67;43m[39m+    221[0m:[39m[48;2;24;38;30m [38;2;192;197;206m---[K
[0m[48;2;40;67;43m[39m+    222[0m:[39m[48;2;24;38;30m [K
[0m[48;2;40;67;43m[39m+    223[0m:[39m[48;2;24;38;30m [38;2;143;161;179m##[38;2;192;197;206m [38;2;143;161;179m8. DB Integrity: WLC Morphology vs Verses Word Count[K
[0m[48;2;40;67;43m[39m+    224[0m:[39m[48;2;24;38;30m [K
[0m[48;2;40;67;43m[39m+    225[0m:[39m[48;2;24;38;30m [38;2;235;203;139m**[38;2;235;203;139mResult: PERFECT MATCH[38;2;235;203;139m**[38;2;192;197;206m — All 39 OT books have exactly matching word counts between [38;2;163;190;140m`[38;2;163;190;140mmorphology[38;2;163;190;140m`[38;2;192;197;206m (version='WLC') and [38;2;163;190;140m`[38;2;163;190;140mverses[38;2;163;190;140m`[38;2;192;197;206m (version='WLC'). No discrepancies found.[K
[0m[48;2;40;67;43m[39m+    226[0m:[39m[48;2;24;38;30m [K
[0m[48;2;40;67;43m[39m+    227[0m:[39m[48;2;24;38;30m [38;2;192;197;206mVerified via SQL query comparing [38;2;163;190;140m`[38;2;163;190;140mCOUNT(*)[38;2;163;190;140m`[38;2;192;197;206m from morphology vs [38;2;163;190;140m`[38;2;163;190;140mSUM(word_count_estimate)[38;2;163;190;140m`[38;2;192;197;206m from verses text. Zero rows with difference > 0.[K
[0m[48;2;40;67;43m[39m+    228[0m:[39m[48;2;24;38;30m [K
[0m[48;2;40;67;43m[39m+    229[0m:[39m[48;2;24;38;30m [38;2;192;197;206m---[K
[0m[48;2;40;67;43m[39m+    230[0m:[39m[48;2;24;38;30m [K
[0m[48;2;40;67;43m[39m+    231[0m:[39m[48;2;24;38;30m [38;2;143;161;179m##[38;2;192;197;206m [38;2;143;161;179m9. [38;2;163;190;140m`[38;2;163;190;140mexegetical[38;2;163;190;140m`[38;2;143;161;179m Field and [38;2;163;190;140m`[38;2;163;190;140mgreek_commentaries[38;2;163;190;140m`[38;2;143;161;179m for OT[K
[0m[48;2;40;67;43m[39m+    232[0m:[39m[48;2;24;38;30m [K
[0m[48;2;40;67;43m[39m+    233[0m:[39m[48;2;24;38;30m [38;2;143;161;179m###[38;2;192;197;206m [38;2;163;190;140m`[38;2;163;190;140mcommentaries[38;2;163;190;140m`[38;2;143;161;179m Table: NT-ONLY[K
[0m[48;2;40;67;43m[39m+    234[0m:[39m[48;2;24;38;30m [38;2;192;197;206mContains 27 NT books (Matthew through Revelation). Sources: Robertson's Word Pictures, Vincent's Word Studies, etc.[K
[0m[48;2;40;67;43m[39m+    235[0m:[39m[48;2;24;38;30m [K
[0m[48;2;40;67;43m[39m+    236[0m:[39m[48;2;24;38;30m [38;2;235;203;139m**[38;2;235;203;139mOT impact:[38;2;235;203;139m**[K
[0m[48;2;40;67;43m[39m+    237[0m:[39m[48;2;24;38;30m [38;2;191;97;106m-[38;2;191;97;106m [38;2;163;190;140m`[38;2;163;190;140mdata["greek_commentaries"][38;2;163;190;140m`[38;2;191;97;106m = empty dict for all OT chapters[K
[0m[48;2;40;67;43m[39m+    238[0m:[39m[48;2;24;38;30m [38;2;191;97;106m-[38;2;191;97;106m The "📖 exégesis" button (line 875) never appears for OT chapters ([38;2;163;190;140m`[38;2;163;190;140mcommCount = 0[38;2;163;190;140m`[38;2;191;97;106m)[K
[0m[48;2;40;67;43m[39m+    239[0m:[39m[48;2;24;38;30m [38;2;191;97;106m-[38;2;191;97;106m The unified_html's exegesis section has nothing to show for OT[K
[0m[48;2;40;67;43m[39m+    240[0m:[39m[48;2;24;38;30m [K
[0m[48;2;40;67;43m[39m+    241[0m:[39m[48;2;24;38;30m [38;2;143;161;179m###[38;2;192;197;206m [38;2;163;190;140m`[38;2;163;190;140mexegetical[38;2;163;190;140m`[38;2;143;161;179m Field[K
[0m[48;2;40;67;43m[39m+    242[0m:[39m[48;2;24;38;30m [38;2;192;197;206mSet to [38;2;163;190;140m`[38;2;163;190;140m""[38;2;163;190;140m`[38;2;192;197;206m unconditionally (line 306). It's a placeholder — the actual exegetical content comes from [38;2;163;190;140m`[38;2;163;190;140mgreek_commentaries[38;2;163;190;140m`[38;2;192;197;206m dict which is NT-only.[K
[0m[48;2;40;67;43m[39m+    243[0m:[39m[48;2;24;38;30m [K
[0m[48;2;40;67;43m[39m+    244[0m:[39m[48;2;24;38;30m [38;2;143;161;179m###[38;2;192;197;206m [38;2;143;161;179mGap[K
[0m[48;2;40;67;43m[39m+    245[0m:[39m[48;2;24;38;30m [38;2;192;197;206mOT chapters get [38;2;235;203;139m**[38;2;235;203;139mno scholarly commentary[38;2;235;203;139m**[38;2;192;197;206m from Robertson, Vincent, etc. This is a significant content gap.[K
[0m[48;2;40;67;43m[39m+    246[0m:[39m[48;2;24;38;30m [K
[0m[48;2;40;67;43m[39m+    247[0m:[39m[48;2;24;38;30m [38;2;192;197;206m---[K
[0m[48;2;40;67;43m[39m+    248[0m:[39m[48;2;24;38;30m [K
[0m[48;2;40;67;43m[39m+    249[0m:[39m[48;2;24;38;30m [38;2;143;161;179m##[38;2;192;197;206m [38;2;143;161;179m10. Recommendations for OT Parity[K
[0m[48;2;40;67;43m[39m+    250[0m:[39m[48;2;24;38;30m [K
[0m[48;2;40;67;43m[39m+    251[0m:[39m[48;2;24;38;30m [38;2;143;161;179m###[38;2;192;197;206m [38;2;143;161;179mPriority 1 — Critical Bugs (Functional Breakage)[K
[0m[48;2;40;67;43m[39m+    252[0m:[39m[48;2;24;38;30m [38;2;191;97;106m1[38;2;191;97;106m.[38;2;191;97;106m [38;2;235;203;139m**[38;2;235;203;139mAdd LXX variant aliases to books.py[38;2;235;203;139m**[38;2;191;97;106m — JoshA/B, JudgA/B, DanOG/Th, BelOG/Th, SusOG/Th, 1Esdr, 2Esdr[K
[0m[48;2;40;67;43m[39m+    253[0m:[39m[48;2;24;38;30m [38;2;191;97;106m2[38;2;191;97;106m.[38;2;191;97;106m [38;2;235;203;139m**[38;2;235;203;139mFix external links for Hebrew[38;2;235;203;139m**[38;2;191;97;106m — BibleHub [38;2;163;190;140m`[38;2;163;190;140m/hebrew/[38;2;163;190;140m`[38;2;191;97;106m path, remove Perseus/Logeion for Hebrew, add Sefaria[K
[0m[48;2;40;67;43m[39m+    254[0m:[39m[48;2;24;38;30m [K
[0m[48;2;40;67;43m[39m+    255[0m:[39m[48;2;24;38;30m [38;2;143;161;179m###[38;2;192;197;206m [38;2;143;161;179mPriority 2 — Morph Parsing (Usability)[K
[0m[48;2;40;67;43m[39m+    256[0m:[39m[48;2;24;38;30m [38;2;191;97;106m3[38;2;191;97;106m.[38;2;191;97;106m [38;2;235;203;139m**[38;2;235;203;139mAdd [38;2;163;190;140m`[38;2;163;190;140mexplainHebrewMorph(code)[38;2;163;190;140m`[38;2;235;203;139m JS function[38;2;235;203;139m**[38;2;191;97;106m — Parse OSHM codes to human-readable Spanish explanations[K
[0m[48;2;40;67;43m[39m+    257[0m:[39m[48;2;24;38;30m [38;2;191;97;106m4[38;2;191;97;106m.[38;2;191;97;106m [38;2;235;203;139m**[38;2;235;203;139mAdd [38;2;163;190;140m`[38;2;163;190;140mexplainLxxMorph(code)[38;2;163;190;140m`[38;2;235;203;139m or normalize LXX codes[38;2;235;203;139m**[38;2;191;97;106m — Either convert [38;2;163;190;140m`[38;2;163;190;140mN.NSM[38;2;163;190;140m`[38;2;191;97;106m → [38;2;163;190;140m`[38;2;163;190;140mN-NSM[38;2;163;190;140m`[38;2;191;97;106m for reuse of explainEnding, or write parallel function[K
[0m[48;2;40;67;43m[39m+    258[0m:[39m[48;2;24;38;30m [38;2;191;97;106m5[38;2;191;97;106m.[38;2;191;97;106m [38;2;235;203;139m**[38;2;235;203;139mAdd [38;2;163;190;140m`[38;2;163;190;140mhebrewVerbTenseEs(code)[38;2;163;190;140m`[38;2;235;203;139m function[38;2;235;203;139m**[38;2;191;97;106m — Parse Hebrew verb stems (qal, niphal, piel, hiphil, etc.) with Spanish explanations[K
[0m[48;2;40;67;43m[39m+    259[0m:[39m[48;2;24;38;30m [K
[0m[48;2;40;67;43m[39m+    260[0m:[39m[48;2;24;38;30m [38;2;143;161;179m###[38;2;192;197;206m [38;2;143;161;179mPriority 3 — Content Gaps[K
[0m[48;2;40;67;43m[39m+    261[0m:[39m[48;2;24;38;30m [38;2;191;97;106m6[38;2;191;97;106m.[38;2;191;97;106m [38;2;235;203;139m**[38;2;235;203;139mIngest OT commentaries[38;2;235;203;139m**[38;2;191;97;106m — Sources: Keil [38;2;191;97;106m&[38;2;191;97;106m Delitzsch (public domain), Lange's Commentary, Pulpit Commentary[K
[0m[48;2;40;67;43m[39m+    262[0m:[39m[48;2;24;38;30m [38;2;191;97;106m7[38;2;191;97;106m.[38;2;191;97;106m [38;2;235;203;139m**[38;2;235;203;139mAdd Hebrew compound/etymology data[38;2;235;203;139m**[38;2;191;97;106m — Hebrew root system (3-letter שרשים) is central to understanding; needs a [38;2;163;190;140m`[38;2;163;190;140mhebrew_roots[38;2;163;190;140m`[38;2;191;97;106m table[K
[0m[48;2;40;67;43m[39m+    263[0m:[39m[48;2;24;38;30m [38;2;191;97;106m8[38;2;191;97;106m.[38;2;191;97;106m [38;2;235;203;139m**[38;2;235;203;139mAdd Hebrew OSHM description table[38;2;235;203;139m**[38;2;191;97;106m — Like [38;2;163;190;140m`[38;2;163;190;140mrmac_codes[38;2;163;190;140m`[38;2;191;97;106m but for OSHM format, mapping codes to descriptions[K
[0m[48;2;40;67;43m[39m+    264[0m:[39m[48;2;24;38;30m [K
[0m[48;2;40;67;43m[39m+    265[0m:[39m[48;2;24;38;30m [38;2;143;161;179m###[38;2;192;197;206m [38;2;143;161;179mPriority 4 — Unified HTML Integration[K
[0m[48;2;40;67;43m[39m+    266[0m:[39m[48;2;24;38;30m [38;2;191;97;106m9[38;2;191;97;106m.[38;2;191;97;106m [38;2;235;203;139m**[38;2;235;203;139mConnect unified_html_generator to server.py[38;2;235;203;139m**[38;2;191;97;106m — Currently dead code; needs to be called from [38;2;163;190;140m`[38;2;163;190;140mchapter_study[38;2;163;190;140m`[38;2;191;97;106m or a new MCP tool[K
[0m[48;2;40;67;43m[39m+    267[0m:[39m[48;2;24;38;30m [38;2;191;97;106m10[38;2;191;97;106m.[38;2;191;97;106m [38;2;235;203;139m**[38;2;235;203;139mAdd OT awareness to unified_html[38;2;235;203;139m**[38;2;191;97;106m — RTL display, LXX line, LXX-ES translation, [38;2;163;190;140m`[38;2;163;190;140mis_ot[38;2;163;190;140m`[38;2;191;97;106m detection[K
[0m[48;2;40;67;43m[39m+    268[0m:[39m[48;2;24;38;30m [38;2;191;97;106m11[38;2;191;97;106m.[38;2;191;97;106m [38;2;235;203;139m**[38;2;235;203;139mAdd LXX morphology to unified_html[38;2;235;203;139m**[38;2;191;97;106m — Render clickable LXX words with hover, like study.html does[K
[0m[48;2;40;67;43m[39m+    269[0m:[39m[48;2;24;38;30m [K
[0m[48;2;40;67;43m[39m+    270[0m:[39m[48;2;24;38;30m [38;2;143;161;179m###[38;2;192;197;206m [38;2;143;161;179mPriority 5 — Nice-to-have[K
[0m[48;2;40;67;43m[39m+    271[0m:[39m[48;2;24;38;30m [38;2;191;97;106m12[38;2;191;97;106m.[38;2;191;97;106m [38;2;235;203;139m**[38;2;235;203;139mHebrew word study popup[38;2;235;203;139m**[38;2;191;97;106m — Show root analysis (3-letter root), binyan (verb pattern), and related words from same root[K
[0m[48;2;40;67;43m[39m+    272[0m:[39m[48;2;24;38;30m [38;2;191;97;106m13[38;2;191;97;106m.[38;2;191;97;106m [38;2;235;203;139m**[38;2;235;203;139mOT apparatus/critical apparatus[38;2;235;203;139m**[38;2;191;97;106m — Dead Sea Scrolls variants vs MT (would need significant data ingestion)[K
[0m[48;2;40;67;43m[39m+    273[0m:[39m[48;2;24;38;30m [38;2;191;97;106m14[38;2;191;97;106m.[38;2;191;97;106m [38;2;235;203;139m**[38;2;235;203;139mInterlinear mode for WLC[38;2;235;203;139m**[38;2;191;97;106m — Word-for-word alignment between Hebrew and English/Spanish[K
[0m[48;2;40;67;43m[39m+    274[0m:[39m[48;2;24;38;30m [K
[0m[48;2;40;67;43m[39m+    275[0m:[39m[48;2;24;38;30m [38;2;192;197;206m---[K
[0m[48;2;40;67;43m[39m+    276[0m:[39m[48;2;24;38;30m [K
[0m[48;2;40;67;43m[39m+    277[0m:[39m[48;2;24;38;30m [38;2;143;161;179m##[38;2;192;197;206m [38;2;143;161;179mFile References[K
[0m[48;2;40;67;43m[39m+    278[0m:[39m[48;2;24;38;30m [K
[0m[48;2;40;67;43m[39m+    279[0m:[39m[48;2;24;38;30m [38;2;192;197;206m|[38;2;192;197;206m File [38;2;192;197;206m|[38;2;192;197;206m Line(s) [38;2;192;197;206m|[38;2;192;197;206m Issue [38;2;192;197;206m|[K
[0m[48;2;40;67;43m[39m+    280[0m:[39m[48;2;24;38;30m [38;2;192;197;206m|[38;2;192;197;206m------[38;2;192;197;206m|[38;2;192;197;206m---------[38;2;192;197;206m|[38;2;192;197;206m-------[38;2;192;197;206m|[K
[0m[48;2;40;67;43m[39m+    281[0m:[39m[48;2;24;38;30m [38;2;192;197;206m|[38;2;192;197;206m [38;2;163;190;140m`[38;2;163;190;140mstudy_html_generator.py[38;2;163;190;140m`[38;2;192;197;206m [38;2;192;197;206m|[38;2;192;197;206m 85-91 [38;2;192;197;206m|[38;2;192;197;206m WLC loads as primary morphology when MorphGNT absent [38;2;192;197;206m|[K
[0m[48;2;40;67;43m[39m+    282[0m:[39m[48;2;24;38;30m [38;2;192;197;206m|[38;2;192;197;206m [38;2;163;190;140m`[38;2;163;190;140mstudy_html_generator.py[38;2;163;190;140m`[38;2;192;197;206m [38;2;192;197;206m|[38;2;192;197;206m 166-180 [38;2;192;197;206m|[38;2;192;197;206m LXX morphology loaded separately [38;2;192;197;206m|[K
[0m[48;2;40;67;43m[39m+    283[0m:[39m[48;2;24;38;30m [38;2;192;197;206m|[38;2;192;197;206m [38;2;163;190;140m`[38;2;163;190;140mstudy_html_generator.py[38;2;163;190;140m`[38;2;192;197;206m [38;2;192;197;206m|[38;2;192;197;206m 835-836 [38;2;192;197;206m|[38;2;192;197;206m [38;2;163;190;140m`[38;2;163;190;140mrenderMorph(v.v, D.parallel.WLC[v.v])[38;2;163;190;140m`[38;2;192;197;206m for OT [38;2;192;197;206m|[K
[0m[48;2;40;67;43m[39m+    284[0m:[39m[48;2;24;38;30m [38;2;192;197;206m|[38;2;192;197;206m [38;2;163;190;140m`[38;2;163;190;140mstudy_html_generator.py[38;2;163;190;140m`[38;2;192;197;206m [38;2;192;197;206m|[38;2;192;197;206m 887-900 [38;2;192;197;206m|[38;2;192;197;206m [38;2;163;190;140m`[38;2;163;190;140mverbTenseEs[38;2;163;190;140m`[38;2;192;197;206m — RMAC-only [38;2;192;197;206m|[K
[0m[48;2;40;67;43m[39m+    285[0m:[39m[48;2;24;38;30m [38;2;192;197;206m|[38;2;192;197;206m [38;2;163;190;140m`[38;2;163;190;140mstudy_html_generator.py[38;2;163;190;140m`[38;2;192;197;206m [38;2;192;197;206m|[38;2;192;197;206m 911-1084 [38;2;192;197;206m|[38;2;192;197;206m [38;2;163;190;140m`[38;2;163;190;140mexplainEnding[38;2;163;190;140m`[38;2;192;197;206m — RMAC-only, Hebrew falls through [38;2;192;197;206m|[K
[0m[48;2;40;67;43m[39m+    286[0m:[39m[48;2;24;38;30m [38;2;192;197;206m|[38;2;192;197;206m [38;2;163;190;140m`[38;2;163;190;140mstudy_html_generator.py[38;2;163;190;140m`[38;2;192;197;206m [38;2;192;197;206m|[38;2;192;197;206m 1087-1092 [38;2;192;197;206m|[38;2;192;197;206m [38;2;163;190;140m`[38;2;163;190;140mrenderMorph[38;2;163;190;140m`[38;2;192;197;206m function [38;2;192;197;206m|[K
[0m[48;2;40;67;43m[39m+    287[0m:[39m[48;2;24;38;30m [38;2;192;197;206m|[38;2;192;197;206m [38;2;163;190;140m`[38;2;163;190;140mstudy_html_generator.py[38;2;163;190;140m`[38;2;192;197;206m [38;2;192;197;206m|[38;2;192;197;206m 1094-1104 [38;2;192;197;206m|[38;2;192;197;206m [38;2;163;190;140m`[38;2;163;190;140mshowWordTip[38;2;163;190;140m`[38;2;192;197;206m — gloss-only for Hebrew [38;2;192;197;206m|[K
[0m[48;2;40;67;43m[39m+    288[0m:[39m[48;2;24;38;30m [38;2;192;197;206m|[38;2;192;197;206m [38;2;163;190;140m`[38;2;163;190;140mstudy_html_generator.py[38;2;163;190;140m`[38;2;192;197;206m [38;2;192;197;206m|[38;2;192;197;206m 1215-1222 [38;2;192;197;206m|[38;2;192;197;206m External links — Greek-biased URLs [38;2;192;197;206m|[K
[0m[48;2;40;67;43m[39m+    289[0m:[39m[48;2;24;38;30m [38;2;192;197;206m|[38;2;192;197;206m [38;2;163;190;140m`[38;2;163;190;140munified_html_generator.py[38;2;163;190;140m`[38;2;192;197;206m [38;2;192;197;206m|[38;2;192;197;206m 65 [38;2;192;197;206m|[38;2;192;197;206m [38;2;163;190;140m`[38;2;163;190;140mgenerate_unified_html[38;2;163;190;140m`[38;2;192;197;206m — never called [38;2;192;197;206m|[K
[0m[48;2;40;67;43m[39m+    290[0m:[39m[48;2;24;38;30m [38;2;192;197;206m|[38;2;192;197;206m [38;2;163;190;140m`[38;2;163;190;140munified_html_generator.py[38;2;163;190;140m`[38;2;192;197;206m [38;2;192;197;206m|[38;2;192;197;206m 748-758 [38;2;192;197;206m|[38;2;192;197;206m JS only renders [38;2;163;190;140m`[38;2;163;190;140mD.morphology[38;2;163;190;140m`[38;2;192;197;206m as Greek [38;2;192;197;206m|[K
[0m[48;2;40;67;43m[39m+    291[0m:[39m[48;2;24;38;30m [38;2;192;197;206m|[38;2;192;197;206m [38;2;163;190;140m`[38;2;163;190;140mbooks.py[38;2;163;190;140m`[38;2;192;197;206m [38;2;192;197;206m|[38;2;192;197;206m 6-7, 27 [38;2;192;197;206m|[38;2;192;197;206m Missing JoshA/B, JudgA/B, DanOG/Th aliases [38;2;192;197;206m|[K
[0m[48;2;40;67;43m[39m+    292[0m:[39m[48;2;24;38;30m [38;2;192;197;206m|[38;2;192;197;206m DB: [38;2;163;190;140m`[38;2;163;190;140mcommentaries[38;2;163;190;140m`[38;2;192;197;206m [38;2;192;197;206m|[38;2;192;197;206m — [38;2;192;197;206m|[38;2;192;197;206m NT-only (27 books) [38;2;192;197;206m|[K
[0m[48;2;40;67;43m[39m+    293[0m:[39m[48;2;24;38;30m [38;2;192;197;206m|[38;2;192;197;206m DB: [38;2;163;190;140m`[38;2;163;190;140mapparatus[38;2;163;190;140m`[38;2;192;197;206m [38;2;192;197;206m|[38;2;192;197;206m — [38;2;192;197;206m|[38;2;192;197;206m NT-only (27 books) [38;2;192;197;206m|[K
[0m[48;2;40;67;43m[39m+    294[0m:[39m[48;2;24;38;30m [38;2;192;197;206m|[38;2;192;197;206m DB: [38;2;163;190;140m`[38;2;163;190;140mcompounds[38;2;163;190;140m`[38;2;192;197;206m [38;2;192;197;206m|[38;2;192;197;206m — [38;2;192;197;206m|[38;2;192;197;206m Greek-only (4,233 entries) [38;2;192;197;206m|[K
[0m[48;2;40;67;43m[39m+    295[0m:[39m[48;2;24;38;30m [38;2;192;197;206m|[38;2;192;197;206m DB: [38;2;163;190;140m`[38;2;163;190;140mword_morphology[38;2;163;190;140m`[38;2;192;197;206m [38;2;192;197;206m|[38;2;192;197;206m — [38;2;192;197;206m|[38;2;192;197;206m Greek-only (575 entries) [38;2;192;197;206m|[K
[0m[K
Creating: [38;5;141m/Users/murivirg/work/github/bible-expert/investigation/cdd60333/c3-context/findings.md[0m
[38;5;244m - Completed in 1.525s[0m
[38;5;12m[1m [1.93][0m[0m
[?25l[0m[?25l[0m[0mI will run the following command: [38;5;141mprintf '%s|Findings written complete\n' "$(date +%H:%M:%S)" >> /Users/murivirg/work/github/bible-expert/investigation/cdd60333/c3-context/nodes && echo '{"from":"c3-context","finding":"COMPLETE: Wrote full findings.md with 10 investigation areas covered. Key issues: (1) unified_html is dead code, (2) OSHM+LXX morph codes fail silently in JS, (3) 12 LXX books unreachable, (4) Hebrew external links broken, (5) commentaries/apparatus NT-only, (6) compounds/word_morphology Greek-only. DB integrity is perfect."}' >> /Users/murivirg/work/github/bible-expert/investigation/cdd60333/shared_findings.jsonl[0m[38;5;244m (using tool: shell)[0m

[38;5;244m - Completed in 1.507s[0m
[38;5;12m[1m [1.94][0m[0m
[?25l[0m[38;5;141m> [0mInvestigation complete. Key findings written to [38;5;10m/Users/murivirg/work/github/bible-expert/investigation/cdd60333/c3-context/findings.md[0m.[0m[0m
[0m[0m
[1mTop-level summary:[22m[0m[0m
[0m[0m
1. [1munified_html_generator.py is dead code[22m — never called from anywhere, has zero OT features[0m[0m
2. [1mJS parsing functions fail silently for OT[22m — [38;5;10mexplainEnding[0m, [38;5;10mverbTenseEs[0m, [38;5;10mcontextualMeaning[0m all expect RMAC format ([38;5;10mV-AAI-3S[0m) but receive Hebrew OSHM ([38;5;10mHVqp3ms[0m) or LXX dot-notation ([38;5;10mV.AAI3S[0m)[0m[0m
3. [1m12 LXX books (4,088 verses) are unreachable[22m — [38;5;10mbooks.py[0m aliases missing JoshA/B, JudgA/B, DanOG/Th, etc.[0m[0m
4. [1mExternal links are Greek-biased[22m — BibleHub links to [38;5;10m/greek/H1234.htm[0m (404), Perseus uses [38;5;10m&la=greek[0m for Hebrew words[0m[0m
5. [1mcommentaries + apparatus tables are NT-only[22m — OT chapters get no scholarly exegesis or textual variants[0m[0m
6. [1mDB integrity is perfect[22m — WLC word counts match exactly across morphology and verses ]9;Response completetables[0m[0m[38;5;12m[1m✓ Created checkpoint 1

[0m[0m
[38;5;8m
 ▸ Credits: 16.73 • Time: 11m 23s

[0m[1G[0m[0m[?25h