[38;5;11mWARNING: [0mMCP server '[38;5;10mknowledge-base[0m' is already configured in agent config. Skipping duplicate from legacy mcp.json.
[38;5;11mWARNING: [0mMCP server '[38;5;10mkiro-investigation[0m' is already configured in agent config. Skipping duplicate from legacy mcp.json.
[38;5;11mWARNING: [0mMCP server '[38;5;10mknowledge-base[0m' is already configured in agent config. Skipping duplicate from legacy mcp.json.
[38;5;11mWARNING: [0mMCP server '[38;5;10mkiro-agents[0m' is already configured in agent config. Skipping duplicate from legacy mcp.json.
[38;5;11mWARNING: [0mMCP server '[38;5;10mkiro-investigation[0m' is already configured in agent config. Skipping duplicate from legacy mcp.json.
[38;5;11mWARNING: [0mMCP server '[38;5;10mknowledge-base[0m' is already configured in agent config. Skipping duplicate from legacy mcp.json.
[38;5;11mWARNING: [0mMCP server '[38;5;10maws-support-troubleshooting-mcp[0m' is already configured in agent config. Skipping duplicate from legacy mcp.json.
[38;5;11mWARNING: [0mMCP server '[38;5;10mkiro-agents[0m' is already configured in agent config. Skipping duplicate from legacy mcp.json.
[38;5;11mWARNING: [0mMCP server '[38;5;10mkiro-investigation[0m' is already configured in agent config. Skipping duplicate from legacy mcp.json.
[38;5;11mWARNING: [0mMCP server '[38;5;10mknowledge-base[0m' is already configured in agent config. Skipping duplicate from legacy mcp.json.
[38;5;11mWARNING: [0mMCP server '[38;5;10mkiro-agents[0m' is already configured in agent config. Skipping duplicate from legacy mcp.json.
[38;5;11mWARNING: [0mMCP server '[38;5;10mkiro-investigation[0m' is already configured in agent config. Skipping duplicate from legacy mcp.json.
[38;5;11mWARNING: [0mMCP server '[38;5;10mknowledge-base[0m' is already configured in agent config. Skipping duplicate from legacy mcp.json.
[38;5;11mWARNING: [0mMCP server '[38;5;10maws-support-troubleshooting-mcp[0m' is already configured in agent config. Skipping duplicate from legacy mcp.json.
[38;5;11mWARNING: [0mMCP server '[38;5;10mkiro-agents[0m' is already configured in agent config. Skipping duplicate from legacy mcp.json.
[38;5;11mWARNING: [0mMCP server '[38;5;10mkiro-investigation[0m' is already configured in agent config. Skipping duplicate from legacy mcp.json.
[38;5;11mWARNING: [0mMCP server '[38;5;10mknowledge-base[0m' is already configured in agent config. Skipping duplicate from legacy mcp.json.
[38;5;11mWARNING: [0mMCP server '[38;5;10maws-support-troubleshooting-mcp[0m' is already configured in agent config. Skipping duplicate from legacy mcp.json.
[38;5;11mWARNING: [0mMCP server '[38;5;10mkiro-agents[0m' is already configured in agent config. Skipping duplicate from legacy mcp.json.
[38;5;11mWARNING: [0mMCP server '[38;5;10mkiro-investigation[0m' is already configured in agent config. Skipping duplicate from legacy mcp.json.
[38;5;11mWARNING: [0mMCP server '[38;5;10mknowledge-base[0m' is already configured in agent config. Skipping duplicate from legacy mcp.json.
[38;5;11mWARNING: [0mMCP server '[38;5;10mkiro-agents[0m' is already configured in agent config. Skipping duplicate from legacy mcp.json.
[38;5;11mWARNING: [0mMCP server '[38;5;10mknowledge-base[0m' is already configured in agent config. Skipping duplicate from legacy mcp.json.
[38;5;11mWARNING: [0mMCP server '[38;5;10mknowledge-base[0m' is already configured in agent config. Skipping duplicate from legacy mcp.json.
[38;5;11mWARNING: [0mMCP server '[38;5;10mkiro-investigation[0m' is already configured in agent config. Skipping duplicate from legacy mcp.json.
[38;5;11mWARNING: [0mMCP server '[38;5;10mknowledge-base[0m' is already configured in agent config. Skipping duplicate from legacy mcp.json.
[38;5;11mWARNING: [0mMCP server '[38;5;10mkiro-agents[0m' is already configured in agent config. Skipping duplicate from legacy mcp.json.
[38;5;11mWARNING: [0mMCP server '[38;5;10mkiro-investigation[0m' is already configured in agent config. Skipping duplicate from legacy mcp.json.
[38;5;11mWARNING: [0mMCP server '[38;5;10mknowledge-base[0m' is already configured in agent config. Skipping duplicate from legacy mcp.json.
[38;5;11mWARNING: [0mMCP server '[38;5;10mkiro-agents[0m' is already configured in agent config. Skipping duplicate from legacy mcp.json.
[38;5;11mWARNING: [0mMCP server '[38;5;10mkiro-investigation[0m' is already configured in agent config. Skipping duplicate from legacy mcp.json.
[38;5;11mWARNING: [0mMCP server '[38;5;10mknowledge-base[0m' is already configured in agent config. Skipping duplicate from legacy mcp.json.
[38;5;11mWARNING: [0mMCP server '[38;5;10mkiro-agents[0m' is already configured in agent config. Skipping duplicate from legacy mcp.json.
[38;5;11mWARNING: [0mDuplicate agent with name [38;5;10maws-sap-c02-agent[0m was found in the global directory.
[0m[38;5;11mWARNING: [0mMCP server '[38;5;10mknowledge-base[0m' is already configured in agent config. Skipping duplicate from legacy mcp.json.
[38;5;11mWARNING: [0mMCP server '[38;5;10mkiro-investigation[0m' is already configured in agent config. Skipping duplicate from legacy mcp.json.
[38;5;11mWARNING: [0mMCP server '[38;5;10mknowledge-base[0m' is already configured in agent config. Skipping duplicate from legacy mcp.json.
[38;5;11mWARNING: [0mMCP server '[38;5;10mkiro-agents[0m' is already configured in agent config. Skipping duplicate from legacy mcp.json.
[38;5;11mWARNING: [0mMCP server '[38;5;10mkiro-investigation[0m' is already configured in agent config. Skipping duplicate from legacy mcp.json.
[38;5;11mWARNING: [0mMCP server '[38;5;10mknowledge-base[0m' is already configured in agent config. Skipping duplicate from legacy mcp.json.
[38;5;11mWARNING: [0mMCP server '[38;5;10maws-support-troubleshooting-mcp[0m' is already configured in agent config. Skipping duplicate from legacy mcp.json.
[38;5;11mWARNING: [0mMCP server '[38;5;10mkiro-agents[0m' is already configured in agent config. Skipping duplicate from legacy mcp.json.
[32mAll tools are now trusted ([0m[31m![0m[32m). Kiro will execute tools without asking for confirmation.[0m
Agents can sometimes do unexpected things so understand the risks.

Learn more at [38;5;141mhttps://kiro.dev/docs/cli/chat/security/#using-tools-trust-all-safely[0m


[38;5;12m[1m📷 Checkpoints are enabled! (took 1.22s)

[0m
[38;5;252m[0m[?25l[?25l[0m[0m[38;5;12mI'll share my reasoning process[0m[38;5;244m (using tool: thinking)[0m: The user wants me to investigate the bible-expert project focusing on OT quality and the unified analysis HTML generator. They want me to use AWS documentation tools, but looking at the actual task - it's about investigating local code files, not AWS services. The "AWS DOCUMENTATION ONLY" instruction seems to be a template from the investigation framework that doesn't apply here since this is a code investigation task.

Let me focus on what's actually needed:
1. Read the relevant source files
2. Check the DB schema/data
3. Write findings to the specified path
4. Track progress via the nodes file
5. Share findings via shared_findings.jsonl

Let me start by reading the key files and investigating the issues raised.
[38;5;244m - Completed in 1.343s[0m
[38;5;12m[1m [1.1][0m[0m
[?25l[0m[?25l[0m[0mI will run the following command: [38;5;141mmkdir -p /Users/murivirg/work/github/bible-expert/investigation/cdd60333/c4-docs && printf '%s|Starting investigation\n' "$(date +%H:%M:%S)" >> /Users/murivirg/work/github/bible-expert/investigation/cdd60333/c4-docs/nodes[0m[38;5;244m (using tool: shell)[0m

[38;5;244m - Completed in 1.494s[0m
[38;5;12m[1m [1.2][0m[0m
[?25l[0m[?25l[0m[0mI will run the following command: [38;5;141mcat /Users/murivirg/work/github/bible-expert/investigation/cdd60333/directives.jsonl 2>/dev/null[0m[38;5;244m (using tool: shell)[0m

[38;5;244m - Completed in 1.366s[0m
[38;5;12m[1m [1.3][0m[0m
[?25l[0m[?25l[?25l[0m[0mGetting symbols from: [38;5;141m/Users/murivirg/work/github/bible-expert/study_html_generator.py[0m [[38;5;12mtop_level=true[0m][38;5;244m (using tool: code)[0mGetting symbols from: [38;5;141m/Users/murivirg/work/github/bible-expert/unified_html_generator.py[0m [[38;5;12mtop_level=true[0m][38;5;244m (using tool: code)[0m
⠋ Loading...⠙ Loading...[2K[1G[1A[?25l
  1. [38;5;12mFunction[0m [38;5;141m_build_html[0m at [38;5;141mstudy_html_generator.py[0m:[38;5;244m721:1
[0m  2. [38;5;12mFunction[0m [38;5;141mchapter_data_is_ot[0m at [38;5;141mstudy_html_generator.py[0m:[38;5;244m716:1
[0m  3. [38;5;12mFunction[0m [38;5;141mgenerate_study_html[0m at [38;5;141mstudy_html_generator.py[0m:[38;5;244m686:1
[0m  4. [38;5;12mFunction[0m [38;5;141m_generate_grounded_exegetical[0m at [38;5;141mstudy_html_generator.py[0m:[38;5;244m622:1
[0m  5. [38;5;12mFunction[0m [38;5;141m_generate_patristic_analysis[0m at [38;5;141mstudy_html_generator.py[0m:[38;5;244m491:1
[0m  [38;5;244m(8 more items found)
[0m[38;5;244m - Completed in 1.430s[0m
[38;5;12m[1m [1.4][0m[0m

⠋ Loading...⠙ Loading...[2K[1G[1A[?25l
  1. [38;5;12mFunction[0m [38;5;141m_build_unified_body[0m at [38;5;141munified_html_generator.py[0m:[38;5;244m721:1
[0m  2. [38;5;12mFunction[0m [38;5;141m_build_unified_page[0m at [38;5;141munified_html_generator.py[0m:[38;5;244m620:1
[0m  3. [38;5;12mFunction[0m [38;5;141m_find_variant_pos[0m at [38;5;141munified_html_generator.py[0m:[38;5;244m602:1
[0m  4. [38;5;12mFunction[0m [38;5;141m_render_tc_content[0m at [38;5;141munified_html_generator.py[0m:[38;5;244m494:1
[0m  5. [38;5;12mFunction[0m [38;5;141m_render_patr_theme_inline[0m at [38;5;141munified_html_generator.py[0m:[38;5;244m449:1
[0m  [38;5;244m(10 more items found)
[0m[38;5;244m - Completed in 1.534s[0m
[38;5;12m[1m [1.5][0m[0m
[?25l[0m[?25l[0m[0mReading file: [38;5;141m/Users/murivirg/work/github/bible-expert/study_html_generator.py[0m, from line [38;5;141m39[0m to [38;5;141m160[0m[38;5;244m (using tool: read)[0m
[38;5;10m ✓ [0mSuccessfully read [38;5;244m6881 bytes[0m from /Users/murivirg/work/github/bible-expert/study_html_generator.py
[38;5;244m - Completed in 1.268s[0m
[38;5;12m[1m [1.6][0m[0m
[?25l[0m[?25l[0m[0mReading file: [38;5;141m/Users/murivirg/work/github/bible-expert/study_html_generator.py[0m, from line [38;5;141m160[0m to [38;5;141m315[0m[38;5;244m (using tool: read)[0m
[38;5;10m ✓ [0mSuccessfully read [38;5;244m7984 bytes[0m from /Users/murivirg/work/github/bible-expert/study_html_generator.py
[38;5;244m - Completed in 1.392s[0m
[38;5;12m[1m [1.7][0m[0m
[?25l[0m[?25l[0m[0mI will run the following command: [38;5;141mprintf '%s|Reading generators\n' "$(date +%H:%M:%S)" >> /Users/murivirg/work/github/bible-expert/investigation/cdd60333/c4-docs/nodes[0m[38;5;244m (using tool: shell)[0m

[38;5;244m - Completed in 1.297s[0m
[38;5;12m[1m [1.8][0m[0m
[?25l[0m[38;5;141m> [0mNow let me read the unified_html_generator.py to compare:[0m[0m
[?25l[0m[0mReading file: [38;5;141m/Users/murivirg/work/github/bible-expert/unified_html_generator.py[0m, from line [38;5;141m1[0m to [38;5;141m140[0m[38;5;244m (using tool: read)[0m
[38;5;10m ✓ [0mSuccessfully read [38;5;244m10307 bytes[0m from /Users/murivirg/work/github/bible-expert/unified_html_generator.py
[38;5;244m - Completed in 1.309s[0m
[38;5;12m[1m [1.9][0m[0m
[?25l[0m[?25l[0m[0mReading file: [38;5;141m/Users/murivirg/work/github/bible-expert/unified_html_generator.py[0m, from line [38;5;141m327[0m to [38;5;141m410[0m[38;5;244m (using tool: read)[0m
[38;5;10m ✓ [0mSuccessfully read [38;5;244m4046 bytes[0m from /Users/murivirg/work/github/bible-expert/unified_html_generator.py
[38;5;244m - Completed in 1.362s[0m
[38;5;12m[1m [1.10][0m[0m
[?25l[0m[?25l[0m[0mI will run the following command: [38;5;141mecho '{"from":"c4-docs","finding":"unified_html_generator uses chapter_data morphology dict but only renders Greek line - no WLC/LXX-specific handling, no lxx_morphology key used"}' >> /Users/murivirg/work/github/bible-expert/investigation/cdd60333/shared_findings.jsonl[0m[38;5;244m (using tool: shell)[0m

[38;5;244m - Completed in 1.384s[0m
[38;5;12m[1m [1.11][0m[0m
[?25l[0m[38;5;141m> [0mNow let me look at the study_html_generator's [3mbuild[23mhtml function for the JS template, particularly the renderMorph and morphology-handling functions:[0m[0m
[?25l[0m[0mReading file: [38;5;141m/Users/murivirg/work/github/bible-expert/study_html_generator.py[0m, from line [38;5;141m721[0m to [38;5;141m900[0m[38;5;244m (using tool: read)[0m
[38;5;10m ✓ [0mSuccessfully read [38;5;244m11921 bytes[0m from /Users/murivirg/work/github/bible-expert/study_html_generator.py
[38;5;244m - Completed in 1.411s[0m
[38;5;12m[1m [1.12][0m[0m
[?25l[0m[?25l[0m[0mReading file: [38;5;141m/Users/murivirg/work/github/bible-expert/study_html_generator.py[0m, from line [38;5;141m900[0m to [38;5;141m1100[0m[38;5;244m (using tool: read)[0m
[38;5;10m ✓ [0mSuccessfully read [38;5;244m12994 bytes[0m from /Users/murivirg/work/github/bible-expert/study_html_generator.py
[38;5;244m - Completed in 1.438s[0m
[38;5;12m[1m [1.13][0m[0m
[?25l[0m[?25l[0m[0mReading file: [38;5;141m/Users/murivirg/work/github/bible-expert/study_html_generator.py[0m, from line [38;5;141m1100[0m to [38;5;141m1250[0m[38;5;244m (using tool: read)[0m
[38;5;10m ✓ [0mSuccessfully read [38;5;244m9142 bytes[0m from /Users/murivirg/work/github/bible-expert/study_html_generator.py
[38;5;244m - Completed in 1.309s[0m
[38;5;12m[1m [1.14][0m[0m
[?25l[0m[?25l[0m[0mI will run the following command: [38;5;141mprintf '%s|Analyzing JS morph\n' "$(date +%H:%M:%S)" >> /Users/murivirg/work/github/bible-expert/investigation/cdd60333/c4-docs/nodes[0m[38;5;244m (using tool: shell)[0m

[38;5;244m - Completed in 1.356s[0m
[38;5;12m[1m [1.15][0m[0m
[?25l[0m[?25l[0m[0mReading file: [38;5;141m/Users/murivirg/work/github/bible-expert/study_html_generator.py[0m, from line [38;5;141m1250[0m to end of file[38;5;244m (using tool: read)[0m
[38;5;10m ✓ [0mSuccessfully read [38;5;244m21540 bytes[0m from /Users/murivirg/work/github/bible-expert/study_html_generator.py
[38;5;244m - Completed in 1.341s[0m
[38;5;12m[1m [1.16][0m[0m
[?25l[0m[?25l[0m[0mI will run the following command: [38;5;141mprintf '%s|Checking DB data\n' "$(date +%H:%M:%S)" >> /Users/murivirg/work/github/bible-expert/investigation/cdd60333/c4-docs/nodes[0m[38;5;244m (using tool: shell)[0m

[38;5;244m - Completed in 1.389s[0m
[38;5;12m[1m [1.17][0m[0m
[?25l[0m[38;5;141m> [0mNow let me check the DB for WLC morphology coverage, commentaries for OT books, and the candidates handling:[0m[0m
[?25l[0m[0mI will run the following command: [38;5;141msqlite3 ~/.kiro/mcp-servers/bible-tools/db/bible.db "
-- Check WLC morphology word counts vs verses
SELECT m.book, m.chapter, COUNT(*) as morph_words, 
  (SELECT COUNT(*) FROM verses v WHERE v.book=m.book AND v.chapter=m.chapter AND v.version='WLC') as verse_count
FROM morphology m 
WHERE m.version='WLC' 
GROUP BY m.book, m.chapter 
HAVING verse_count = 0
LIMIT 20;
"[0m[38;5;244m (using tool: shell)[0m

[38;5;244m - Completed in 1.415s[0m
[38;5;12m[1m [1.18][0m[0m
[?25l[0m[?25l[0m[0mI will run the following command: [38;5;141msqlite3 ~/.kiro/mcp-servers/bible-tools/db/bible.db "
-- Check what books have WLC morphology
SELECT DISTINCT book FROM morphology WHERE version='WLC' ORDER BY book LIMIT 50;
" 2>&1 | head -50[0m[38;5;244m (using tool: shell)[0m

1Chr
1Kgs
1Sam
2Chr
2Kgs
2Sam
Amos
Dan
Deut
Eccl
Esth
Exod
Ezek
Ezra
Gen
Hab
Hag
Hos
Isa
Jer
Job
Joel
Jonah
Josh
Judg
Lam
Lev
Mal
Mic
Nah
Neh
Num
Obad
Prov
Ps
Ruth
Song
Zech
Zeph
[38;5;244m - Completed in 1.530s[0m
[38;5;12m[1m [1.19][0m[0m
[?25l[0m[?25l[0m[0mI will run the following command: [38;5;141msqlite3 ~/.kiro/mcp-servers/bible-tools/db/bible.db "
-- Check what books have LXX morphology
SELECT DISTINCT book FROM morphology WHERE version='LXX' ORDER BY book LIMIT 50;
" 2>&1 | head -60[0m[38;5;244m (using tool: shell)[0m

1Chr
1Esdr
1Kgs
1Macc
1Sam
2Chr
2Esdr
2Kgs
2Macc
2Sam
3Macc
4Macc
Amos
Bar
BelOG
BelTh
DanOG
DanTh
Deut
Eccl
EpJer
Esth
Exod
Ezek
Gen
Hab
Hag
Hos
Isa
Jdt
Jer
Job
Joel
Jonah
JoshA
JoshB
JudgA
JudgB
Lam
Lev
Mal
Mic
Nah
Num
Obad
Odes
Prov
Ps
PsSol
Ruth
[38;5;244m - Completed in 1.466s[0m
[38;5;12m[1m [1.20][0m[0m
[?25l[0m[?25l[0m[0mI will run the following command: [38;5;141msqlite3 ~/.kiro/mcp-servers/bible-tools/db/bible.db "
-- Check commentaries: do any OT books have entries?
SELECT DISTINCT book FROM commentaries ORDER BY book;
"[0m[38;5;244m (using tool: shell)[0m

1 Corinthians
1 John
1 Peter
1 Thessalonians
1 Timothy
2 Corinthians
2 John
2 Peter
2 Thessalonians
2 Timothy
3 John
Acts
Colossians
Ephesians
Galatians
Hebrews
James
John
Jude
Luke
Mark
Matthew
Philemon
Philippians
Revelation
Romans
Titus
[38;5;244m - Completed in 1.448s[0m
[38;5;12m[1m [1.21][0m[0m
[?25l[0m[?25l[0m[0mI will run the following command: [38;5;141msqlite3 ~/.kiro/mcp-servers/bible-tools/db/bible.db "
-- Check patristic coverage for OT
SELECT DISTINCT book FROM patristic WHERE book IN ('Gen','Exod','Ps','Isa','Dan','Job') ORDER BY book;
"[0m[38;5;244m (using tool: shell)[0m

Job
[38;5;244m - Completed in 1.379s[0m
[38;5;12m[1m [1.22][0m[0m
[?25l[0m[?25l[0m[0mI will run the following command: [38;5;141msqlite3 ~/.kiro/mcp-servers/bible-tools/db/bible.db "
-- Check all OT books in patristic
SELECT DISTINCT book FROM patristic WHERE book NOT IN ('Matthew','Mark','Luke','John','Acts','Romans','1 Corinthians','2 Corinthians','Galatians','Ephesians','Philippians','Colossians','1 Thessalonians','2 Thessalonians','1 Timothy','2 Timothy','Titus','Philemon','Hebrews','James','1 Peter','2 Peter','1 John','2 John','3 John','Jude','Revelation') ORDER BY book;
"[0m[38;5;244m (using tool: shell)[0m


(1) Exegetical Works.
(2) Critical Works.
(3) Apologetical Works.
(4) Dogmatic Works.
(5) Practical Works.
(6) Editions of Origin.1906
015-diognetus
1
Cor
1
Thess
1
Tim
1 Chronicles
1 Clement
1 Cor
1 Kings
1 Maccabees
1 Pet
1 Sam
1 Samuel
1 Thess
1 Tim
1. A Strain of Jonah the Proph
1. Christ warned His followers
1. Concerning Those Who Asked 
1. Constantine and his Mother 
1. How Christians are the Spir
1. Introduction to the Feeding
1. Jesus Comes to Capernaum. S
1. Relation of the Baptist to 
1. The Parable of the Tares: t
1. The Power of Harmony in Rel
1. The Work is Taken Up After 
1. Time and Place of Compositi
1. “And the Word was with God,
10. Concerning Those Who Deman
10. How Jesus Himself is the G
10. Of the Voice John the Bapt
10. Significance of Capernaum.
10. The Answer of Peter.
10. The Man Who Owed Many Tale
10. The Pearl of the Gospel in
10. The Traditions of the Elde
10. They ought first to condem
10. “That Which Was Made Was L
11. Exposition of the Prophecy
11. How No One is Righteous or
11. Jesus is All Good Things; 
11. No profit to do right in o
11. Of the Way of the Lord, Ho
11. The Freedom of Sons.
11. The Parable of the Drag-Ne
11. The Promise Given to Peter
11. The Servant Who Owed a Hun
11. Why the Passover is Said t
12. Arian statements.
12. Every Sin—Every False Doct
12. Heracleon’s View of the Vo
12. Is the Saviour All that He
12. Of the Heavenly Festivals,
12. P. 369, CHAP. X. 3.
12. The Divine Scriptures Comp
12. The Gospel Contains the Il
12. The Stater Allegorized.
12. The Time of the Reckoning.
12. Things Clean and Unclean A
13. Arguments from Scripture a
13. How the Life in the Logos 
13. John I. 24, 25. Of the Bap
13. No Forgiveness to the Unfo
13. Relation of Men to Angels.
13. Spiritual Meaning of the P
13. The Angels Also are Evange
13. The Offence of the Pharise
13. The Sacred Half-Shekel.
13. The “Gates of Hades” And t
13. VOL. VI. P. 385.
14. Arguments from Scripture a
14. Comparison of the Statemen
14. Concerning Those Who Said,
14. FROM THE SAME, P. 391.
14. How Jesus Finished His Wor
14. How the Natures of Men are
14. In What Sense the “Keys” A
14. In the First Three Gospels
14. The Disciples as Scribes.
14. The Old Testament, Typifie
14. Why the Pharisees Were Not
15. Arguments from Scripture a
15. Discrepancy of the Gospel 
15. Eating with Unwashed Heart
15. FROM VOL. III. V. 286.
15. Greatness Varies in Degree
15. Heracleon’s View that the 
15. How Men Followed Jesus.
15. How the Baptist Answers th
15. Relation of the Former Com
15. The Gospel is in the Old T
15. The Householder and His Tr
16. Arians parallel to the Man
16. Comparison of John’s Testi
16. Concerning the Canaanitish
16. Concerning the Pharisees a
16. FROM THE SAME.
16. Gradual Growth in Knowledg
16. Meaning of “Beginning.” (1
16. Parables in Relation to Si
16. The Life May Be the Light 
16. The Story of the Purging o
16. Why the Great are Compared
17. (2) in Time. The Beginning
17. Arguments from Scripture a
17. Exposition of the Details 
17. Matthew’s Story of the Ent
17. Of the Testimony of John t
17. Reasons for that Gradual K
17. The Brethren of Jesus.
17. The Higher Powers are Men;
17. The Little Ones and Their 
17. Union of Christ and the Ch
18. (3) of Substance.
18. Concerning the Multitudes 
18. How God Also is Light, But
18. If the Arians felt they we
18. Jesus Was at First Proclai
18. Of the Testimony in Mark. 
18. Prophets in Their Country.
18. The Ass and the Colt are t
18. The Bill of Divorcement.
18. Who Was the Little Child C
19. (4) of Type and Copy.
19. Concerning the Seven Loave
19. Importance of the Proclama
19. Luke and John Suggest that
19. Relation of Faith and Unbe
19. Significance of the death 
19. The Divorce of Israel.
19. The Life Here Spoken of is
19. The Parallel Passages in M
19. Various Views of Heracleon
1Chapter LX.
2
Cor
2
Pet
2
Thess
2
Tim
2 Chronicles
2 Clement
2 Cor
2 Kings
2 Maccabees
2 Pet
2 Sam
2 Samuel
2 Thess
2 Tim
2. A Strain of Sodom.
2. Constantine the Son of a Br
2. Exposition of the Details o
2. Exposition of the Parable.
2. How Scripture Warns Us Agai
2. How the Prophets and Holy M
2. In What Way the Logos is Go
2. Literature.
2. Satan pretending to be holy
2. The 144,000 Sealed in the A
2. The Discrepancy Between Joh
2. The Harmony of Husband and 
2. This Procedure is Typified 
2. Why the Pharisees Asked a S
2. “The Spirit and Power of El
20. (5) of Elements and What i
20. Christ and the Gentiles.
20. Different Conceptions of J
20. Different Kinds of Light; 
20. The Difference Between Not
20. The Temple Which Christ Sa
20. The World and Offences. Va
20. While they are friends of 
20. Why Jesus Had to Go to Jer
21. (6) of Design and Executio
21. Christ is Not, Like God, Q
21. Herod and the Baptist.
21. That the Son Was Raised Up
21. The Fourth Gospel Speaks o
21. The Rebuke of Peter and th
21. The “Woe” Does Not Apply t
21. To make a stand for the Fa
21. Union of Angels and the So
22. Coalition of sordid Meleti
22. How the Darkness Failed to
22. How the Word Stands in the
22. Importance of the Expressi
22. The Dancing of Herodias. T
22. The Marriage of Church Dig
22. The Temple of Solomon Did 
22. The Word Was in the Beginn
22. What the “Occasions of Stu
23. Conclusion.
23. Heracleon’s View of This U
23. In What Sense “Necessary.”
23. Peter as a Stumbling-Block
23. Some Laws Given by Concess
23. The Temple Spoken of by Ch
23. The Title “Word” Is to Be 
23. The Withdrawal of Jesus.
23. There is a Divine Darkness
24. Christ as Light; How He, a
24. Jewish Criticism of the La
24. John the Baptist Was Sent.
24. Self-Denial and Cross-Bear
24. The Account of the Buildin
24. The Diverse Forms of Spiri
24. The Name of the Place Wher
24. The Offending Hand, or Foo
25. Argument from the Prayer o
25. Chastity and Prayer.
25. Christ as the Resurrection
25. Further Spiritualizing of 
25. Healing Precedes Participa
25. Jordan Means “Their Going 
25. Reference to the Saying of
25. The Eye or Hand Allegorize
25.—Concerning Those Things Wh
26. Christ as the Way.
26. John is Voice, Jesus is Sp
26. The Less of Life; And the 
26. The Little Ones and Their 
26. The Promises Addressed to 
26. The Story of Israel Crossi
27. Christ as the Truth.
27. Life Lost to the World is 
27. Of Elijah and Elisha Cross
27. Of the Belief the Disciple
27. Significance of the Names 
27. When the Little Ones are A
28. Christ as Life.
28. Close Relationship of Ange
28. Naaman the Syrian and the 
28. The Difference Between Bel
28. The Exchange for One’s Lif
28. The Prophets Bore Witness 
29. About What Beings Jesus Ne
29. Christ as the Door and as 
29. The Coming of the Son of M
29. The Little Ones and the Pe
29. The River of Egypt and Its
29. The Six Testimonies of the
3. Concerning the Epileptic.
3. Constantine’s Leprosy; Heal
3. Genesis.
3. In the Spiritual Israel the
3. Manuscripts.
3. Personal Appeal.
3. The Answer of Jesus to Thei
3. The Apostles Wrote Little.4
3. The Exposition of Details C
3. The Harmony of Body, Soul, 
3. The Shining of the Righteou
3. Various Relations of the Lo
3. What We are to Think of the
3. “Grace and Truth Came Throu
30. Christ as Anointed (Christ
30. How Jesus Knew the Powers,
30. How John Was a Witness of 
30. Of What John Learned from 
30. The Sinning Brother.
30. The Word Appears in Differ
31. Christ as Teacher and Mast
31. Of the Conversation Betwee
31. The Power to Bind on Earth
31. The Simpler Interpretation
32. Christ as Son.
32. John Calls Jesus a “Lamb.”
32. Standing by the Saviour.
33. A Lamb Was Offered at the 
33. Christ the True Vine, and 
33. Interpretation of “Tasting
34. Christ as the First and th
34. Meaning of “Until.” No Lim
34. The Morning and Evening Sa
35. Christ as the Living and t
35. Jesus is a Lamb in Respect
35. Scriptural References to D
36. Christ as a Sword.
36. Concerning the Transfigura
36. Of the Death of the Martyr
37. Christ as a Servant, as th
37. Force of the Words “Before
37. Of the Effects of the Deat
38. Christ as Paraclete, as Pr
38. The Garments White as the 
38. The World, of Which the Si
39. Christ as Wisdom and Sanct
39. Jesus Was Transfigured—“As
4. A Strain of the Judgment of
4. Concerning the Parable of t
4. Donation of Constantine.
4. Editions.
4. Harmony of the Old and New 
4. John Denies that He is Elij
4. Scripture Contains Many Con
4. Spiritual Epileptics.
4. The Multitudes and the Disc
4. The Study of the Gospels is
4. Why Jesus Called Them an Ad
40. Christ as Righteousness; A
40. Discussion of the Saying o
41. Christ as the Rod, the Flo
41. Figurative Interpretation 
42. Of the Various Ways in Whi
42. The Meaning of the “Bright
43. Relation of Moses and Elij
5. All Scripture is Gospel; Bu
5. Concerning the Leaven of th
5. Dream concerning the Foundi
5. He (This One) Was in the Be
5. Paul Also Makes Contradicto
5. The Deaf and Dumb Spirit.
5. The Disciples in Conflict. 
5. The Field and the Treasure 
5. The Limit of Forgiveness.
5. There Were Two Embassies to
5. Translations.
6. Concerning the King Who Mad
6. Different Accounts of the C
6. How the Word is the Maker o
6. IN JOHN OF DAMASCUS—PARALLE
6. Influence of the Moon and S
6. Interpretation of the Detai
6. Messianic Discussion with J
6. The Exposition Continued.
6. The Fourfold Gospel. John’s
6. The Meaning of Leaven. Jesu
6. The Present Translation.
6. Voyage of Helena.
7. Exposition Continued: the K
7. Of Things Not Made Through 
7. Of the Birth of John, and o
7. Relative Magnitude of Sins 
7. THE SAME, P. 341.
7. The Finding of the Cross.
7. The Healing of the Sick on 
7. The Parable of the Pearl of
7. The Power of Faith.
7. The party of Acacius really
7. What Good Things are Announ
7. Why His Brothers are Not Ca
8. Concerning the Pharisees an
8. Heracleon’s View that the L
8. How Christ Abides with Beli
8. How the Gospels Cause the O
8. Jesus’ Prediction of His “D
8. John is a Prophet, But Not 
8. THE SAME, P. 657.
8. The Leaven Figurative Like 
8. The Parable Interpreted is 
8. The Principle of the Reckon
8. Words are bad, though Scrip
9. Christ the Pearl of Great P
9. Concerning the Question of 
9. Explanation of “Corban.”
9. FROM THE CATENA ON THE PENT
9. For such words do but serve
9. Heracleon Says that Jesus i
9. John I. 22.
9. Satan and the “Delivery” Of
9. That the Logos Present in U
9. The Somatic and the Spiritu
9. The Time Occupied by the Re
A Bibliographical Index of the
A CATALOGUE OF THE FEASTS OF T
A CONSTITUTION CONCERNING OBLA
A CONSTITUTION OF OUR LORD, HO
A CONSTITUTION, THAT IF ANY ON
A Commentary on the Apostles’ 
A Declaration of Faith.18
A Fragment of the Same Disputa
A HYMN TO CHRIST THE SAVIOUR.
A LETTER2055 ADDRESSED TO THE 
A Letter from Origen to Africa
A Letter from Origen to Gregor
A Letter to Origen from Africa
A MORAL ADMONITION, THAT WE AR
A MORNING PRAYER.
A MYSTICAL THANKSGIVING.
A PLEA5 FOR THE CHRISTIANS
A POEM ON THE PASSION OF THE L
A PRAYER AT DINNER.
A PRAYER COMMEMORATIVE OF THE 
A PRAYER CONTAINING THE MEMORI
A PRAYER DECLARATIVE OF GOD’S 
A PRAYER FOR THE ASSISTANCE OF
A PRAYER FOR THE NEW FRUITS.
A PREDICTION CONCERNING FUTURI
A PROPHETIC PREDICTION CONCERN
A Second Epistle of Ignatius t
A Select Bibliography of the P
A THANKSGIVING ABOUT THE MYSTI
A THANKSGIVING CONCERNING THE 
A TREATISE
CONCERNING
THE CORR
A TREATISE
TO PROVE THAT NO ON
A TREATISE AGAINST TWO LETTERS
A TREATISE CONCERNING MAN’S PE
A TREATISE ON GRACE AND FREE W
A TREATISE ON NATURE AND GRACE
A TREATISE ON REBUKE AND GRACE
A TREATISE ON THE GIFT OF PERS
A TREATISE ON THE GRACE OF CHR
A TREATISE ON THE MERITS AND F
A TREATISE ON THE PREDESTINATI
A TREATISE ON THE SPIRIT AND T
A Treatise Against the Heretic
A Treatise on Faith and the Cr
A Treatise on Re-Baptism by an
A WORK ON THE PROCEEDINGS OF P
A.—The Historia Acephala.
ABSENCE OF FORGIVENESS FOR THE
ACCORDING TO WHAT PATTERNS AND
ADVERTISEMENT TO THE READER ON
ADVERTISEMENT.
AFTER WHAT MANNER FALSE ACCUSE
AFTER WHAT MANNER THE BISHOPS 
AFTER WHAT MANNER THE LAITY AR
AFTER WHAT MANNER WE OUGHT TO 
AGAINST JUDGING WITHOUT HEARIN
AGAINST MARCIONISTS AND MANICH
AGAINST PUBLISHING THE ERRORS 
AGAINST THE SABELLIANS.9
ALEXANDER.
AMON MAY BE AN EXAMPLE TO SUCH
AN ADMONITION INSTRUCTING MEN 
AN ENUMERATION OF THE PROPHETI
AN ENUMERATION OF THE SEVERAL 
AN EVENING PRAYER.
AN EXACT DESCRIPTION OF A CHUR
AN EXHORTATION COMMANDING TO A
AN EXHORTATION TO THEODORE AFT
AN EXPOSITION OF THE PREACHING
ANF01. The Apostolic Fathers w
ANF02. Fathers of the Second C
ANF03. Latin Christianity: Its
ANF04. Fathers of the Third Ce
ANF05. Fathers of the Third Ce
ANF06. Fathers of the Third Ce
ANF07. Fathers of the Third an
ANF08. The Twelve Patriarchs, 
ANF09. The Gospel of Peter, Th
APHRAHAT.
APHRAHAT.
SELECT DEMONSTRATION
APOCRYPHA OF THE NEW TESTAMENT
APPENDIX I.
APPENDIX II.
APPENDIX III.
ARNOBIUS.
AT WHAT HOURS, AND WHY, WE ARE
ATHENAGORAS
Introductory Note

ATHENAGORAS.
About the Middle of the Treati
Acts and Martyrdom of St. Matt
Acts and Martyrdom of the Holy
Acts of Andrew and Matthias223
Acts of Paul and Thecla.
Acts of Peter and Andrew.
Acts of Saint Philip the Apost
Acts of the Apostles by Ellen 
Acts of the Holy Apostle Thadd
Acts of the Holy Apostle Thoma
Acts of the Holy Apostle and E
Acts of the Holy Apostles Pete
Acts or Disputation
Against Fo
Addition to Acts of Philip.
Additional Introduction.
Additional Note on Apol. C. Ar
Additional Note.
Address to the Emperor Theodos
Advertisement.
Against Apollinarius; The Seco
Against Beron and Helix.
Against Jovinianus.
Against Lying.
Against Plato, on the Cause of
Against Vigilantius.
Against the Epistle of Manichæ
Against the Heresy of One Noet
Against the Pelagians:
Alexander of Cappadocia.
Amos
An Ancient Introduction.
An Exposition of the Chapters 
Anatolius and Minor Writers.
Ancient Syriac Documents
Relat
Ancient Syriac Documents.
And Again:
And a little farther on in the
Another Fragment from the Same
Another Fragment.
Another Fragment4534.
Another Fragment4535.
Answer to Eunomius’ Second Boo
Apollonius.3796
Appended Note on the Eastern E
Appendix to Lecture IX.
Appendix to the Works of Hippo
Appendix.
Appendix.
A Fragment Concernin
Appendix.5036
Argument I.—For Eight Years Gr
Argument II.—He Essays to Spea
Argument III.—He is Stimulated
Argument IV.—The Son Alone Kno
Argument IX.—But He Imbues The
Argument V.—Here Gregory Inter
Argument VI.—The Arts by Which
Argument VII.—The Wonderful Sk
Argument VIII.—Then in Due Suc
Argument X.—Hence the Mere Wor
Argument XI.—Origen is the Fir
Argument XII.—Gregory Disallow
Argument XIII.—The Method Whic
Argument XIV.—Whence the Conte
Argument XIX.—Apostrophe to Or
Argument XV.—The Case of Divin
Argument XVI.—Gregory Laments 
Argument XVII.—Gregory Console
Argument XVIII.— Peroration, a
Argument.
Aristo of Pella.
Augustin to his holy brethren 
Authorities and Materials.
B.—The Festal Letters, and The
BOOK I.
BOOK II.
BOOK VI.
Baruch
Bede's Ecclesiastical History 
Bibliograficeskij Ukazatel’ Pe
Bibliographical Introduction.
Book I.
Book I.2059
Book I.2343
Book II.
Book II. 5153
Book II.1967
Book II.2193
Book II.—Of the Harmony of the
Book III.
Book III.—Of the Harmony of th
Book IV.
Book IV.160
Book IV.3480
Book IV.—Of Marcion’s Antithes
Book IX.
Book V.
Book V.188
Book V.—General Reply to Sundr
Book VI.
Book VII.
Book VIII.
Book X.
Book XI.
Book XII.
Book XIII.
Book XIV.
Book XIV.638
Book XIX.
Book XV.
Book XVI.
Book XVII.
Book XVIII.
Book XX.
Book XXI.
Book XXII.
Book XXIII.
Book XXIV.
Book XXIX.
Book XXV.
Book XXVI.
Book XXVII.
Book XXVIII.
Book XXX.
Book XXXI.
Book XXXII.
Book XXXIII.
Book of Job.
Books of Solomon.
C. To Alexandra.1820
CAPUT I.—BASILIDIS SENTENTIAM 
CAPUT II.—CARPOCRATIS ET EPIPH
CAPUT III.—QUATENUS PLATO ALII
CAPUT IV.—QUIBUS PRÆTEXTIBUS U
CAPUT IX.—DICTUM CHRISTI AD SA
CAPUT V.—DUO GENERA HÆRETICORU
CAPUT VI.—SECUNDUM GENUS HÆRET
CAPUT VII.—QUA IN RE CHRISTIAN
CAPUT VIII.—LOCA S. SCRIPTURÆ 
CAPUT XI.—LEGIS ET CHRISTI MAN
CAPUT XII.—VERBA APOSTOLI 1 CO
CAPUT XIV.—2 COR. XI. 3, ET EP
CAPUT XV.—1 COR. VII. 1; LUC. 
CAPUT XVII.—QUI NUPTIAS ET GEN
CAPUT XVIII.—DUAS EXTREMAS OPI
CHAP XI.—OF THE CRUELTY OF THE
CHAP. I.
CHAP. I.— OF RELIGION AND WISD
CHAP. I.—A COMPARISON OF THE T
CHAP. I.—OF DIVINE AND HUMAN W
CHAP. I.—OF THE DIVINE PROVIDE
CHAP. I.—OF THE FORMER RELIGIO
CHAP. I.—OF THE NON-CONDEMNATI
CHAP. I.—OF THE WORLD, AND THO
CHAP. I.—OF THE WORSHIP OF THE
CHAP. I.—ON EATING.
CHAP. I.—ON FAITH.
CHAP. I.—THAT FORGETFULNESS OF
CHAP. I.—THE INTRODUCTION, AND
CHAP. I.—WE OUGHT TO THINK HIG
CHAP. II.
CHAP. II.—OF PHILOSOPHY, AND H
CHAP. II.—OF THE ERROR OF THE 
CHAP. II.—OF THE PRODUCTION OF
CHAP. II.—OF THE TRUTH AND ITS
CHAP. II.—OF THE WORSHIP OF FA
CHAP. II.—ON HOPE.
CHAP. II.—THAT THERE IS A PROV
CHAP. II.—THAT THERE IS BUT ON
CHAP. II.—THE CHURCH, FORMERLY
CHAP. II.—TO WHAT AN EXTENT TH
CHAP. II.—WHAT WAS THE FIRST C
CHAP. II.—WHERE WISDOM IS TO B
CHAP. III.
CHAP. III.—OF NATURE, AND OF T
CHAP. III.—OF THE CONDITION OF
CHAP. III.—OF THE GOOD AND EVI
CHAP. III.—OF THE TRUTH OF THE
CHAP. III.—OF THE WAYS, AND OF
CHAP. III.—OF WHAT SUBJECTS PH
CHAP. III.—THAT CICERO AND OTH
CHAP. III.—THE TESTIMONIES OF 
CHAP. III.—WHETHER THE UNIVERS
CHAP. III.—WISDOM AND RELIGION
CHAP. IV.
CHAP. IV.—OF GOD AND HIS AFFEC
CHAP. IV.—OF IMAGES, AND THE O
CHAP. IV.—OF THE WAYS OF LIFE,
CHAP. IV.—OF THE WEAKNESS OF M
CHAP. IV.—THAT ALL THINGS WERE
CHAP. IV.—THAT KNOWLEDGE IS TA
CHAP. IV.—THAT THE ONE GOD WAS
CHAP. IV.—THE TESTIMONIES OF T
CHAP. IV.—TRUE CONFESSION OF C
CHAP. IV.—WHY THIS WORK WAS PU
CHAP. IX.
CHAP. IX.—OF HERCULES AND HIS 
CHAP. IX.—OF THE CHIEF GOOD, A
CHAP. IX.—OF THE CRIMES OF THE
CHAP. IX.—OF THE DEVIL, THE WO
CHAP. IX.—OF THE DISGRACEFUL D
CHAP. IX.—OF THE IMMORTALITY O
CHAP. IX.—OF THE LAW AND PRECE
CHAP. IX.—OF THE PROVIDENCE OF
CHAP. IX.—OF THE SENSES AND TH
CHAP. IX.—OF THE WORD OF GOD.
CHAP. IX.—ON SLEEP.
CHAP. IX.—WE SHALL BE JUDGED I
CHAP. L.
CHAP. L.—WHY GOD ASSUMED A MOR
CHAP. LI.
CHAP. LI.—OF THE DEATH OF CHRI
CHAP. LII.
CHAP. LII.—THE HOPE OF THE SAL
CHAP. LIII.—THE REASONS OF THE
CHAP. LIV.—OF THE FREEDOM OF R
CHAP. LIX.—OF THE WAYS OF LIFE
CHAP. LV.—THE HEATHENS CHARGE 
CHAP. LVI.—OF JUSTICE, WHICH I
CHAP. LVII.—OF WISDOM AND FOOL
CHAP. LVIII.—OF THE TRUE WORSH
CHAP. LX.—OF THE DUTIES OF JUS
CHAP. LXI.—OF THE PASSIONS.
CHAP. LXII.—OF RESTRAINING THE
CHAP. LXIII.—THAT SHOWS ARE MO
CHAP. LXIV.—THE PASSIONS ARE T
CHAP. LXIX.—THAT THE WORLD WAS
CHAP. LXV.—PRECEPTS ABOUT THOS
CHAP. LXVI.—OF FAITH IN RELIGI
CHAP. LXVII.—OF REPENTANCE, TH
CHAP. LXVIII.—OF THE WORLD, MA
CHAP. LXX.—THE IMMORTALITY OF 
CHAP. LXXI.—OF THE LAST TIMES.
CHAP. LXXII.—OF CHRIST DESCEND
CHAP. LXXIII.—THE HOPE OF SAFE
CHAP. V.
CHAP. V.—OF FALSE AND TRUE VIR
CHAP. V.—OF THE CREATION OF MA
CHAP. V.—OF THE FIGURES AND LI
CHAP. V.—OF THE TESTIMONIES OF
CHAP. V.—THAT GOD ONLY, THE CR
CHAP. V.—THAT THE KNOWLEDGE OF
CHAP. V.—THAT THE PROPHETIC WO
CHAP. V.—THE OPINION OF THE ST
CHAP. V.—THE ORACLES OF THE PR
CHAP. V.—THERE WAS TRUE JUSTIC
CHAP. V.—THIS WORLD SHOULD BE 
CHAP. VI.
CHAP. VI.—AFTER THE BANISHMENT
CHAP. VI.—ALMIGHTY GOD BEGAT H
CHAP. VI.—OF DIVINE TESTIMONIE
CHAP. VI.—OF THE CHIEF GOOD AN
CHAP. VI.—OF THE ERROR OF EPIC
CHAP. VI.—OF WISDOM, AND THE A
CHAP. VI.—SINCE GOD IS ETERNAL
CHAP. VI.—THAT GOD IS ANGRY.
CHAP. VI.—THAT NEITHER THE WHO
CHAP. VI.—THE PRESENT AND FUTU
CHAP. VI.—WHY THE WORLD AND MA
CHAP. VII.
CHAP. VII.—CONCERNING THE TEST
CHAP. VII.—OF ALL THE PARTS OF
CHAP. VII.—OF GOD, AND THE REL
CHAP. VII.—OF MAN, AND THE BRU
CHAP. VII.—OF MORAL PHILOSOPHY
CHAP. VII.—OF THE COMING OF JE
CHAP. VII.—OF THE NAME OF SON,
CHAP. VII.—OF THE VARIETY OF P
CHAP. VII.—OF THE WAY OF ERROR
CHAP. VII.—OF THE WICKED LIFE 
CHAP. VII.—WE MUST STRIVE IN O
CHAP. VIII.
CHAP. VIII.—OF JUSTICE KNOWN T
CHAP. VIII.—OF RELIGION.
CHAP. VIII.—OF THE BIRTH OF JE
CHAP. VIII.—OF THE CHIEF GOOD,
CHAP. VIII.—OF THE ERRORS OF P
CHAP. VIII.—OF THE IMMORTALITY
CHAP. VIII.—OF THE PARTS OF MA
CHAP. VIII.—OF THE USE OF REAS
CHAP. VIII.—OF ÆSCULAPIUS, APO
CHAP. VIII.—THAT GOD IS WITHOU
CHAP. VIII.—THE NECESSITY OF R
CHAP. X.
CHAP. X.—IT IS THE PECULIAR PR
CHAP. X.—OF FALSE PIETY, AND O
CHAP. X.—OF JUPITER, AND HIS L
CHAP. X.—OF RELIGION TOWARDS G
CHAP. X.—OF THE ADVENT OF JESU
CHAP. X.—OF THE LIFE AND ACTIO
CHAP. X.—OF THE ORIGIN OF THE 
CHAP. X.—OF THE OUTER LIMBS OF
CHAP. X.—OF THE WORLD, AND ITS
CHAP. X.—OF VICES AND VIRTUES,
CHAP. X.—VICE IS TO BE FORSAKE
CHAP. XI.
CHAP. XI.—OF GOD, AND THAT THE
CHAP. XI.—OF LIVING CREATURES,
CHAP. XI.—OF RELIGION, WISDOM,
CHAP. XI.—OF THE CAUSE OF THE 
CHAP. XI.—OF THE INTESTINES IN
CHAP. XI.—OF THE LAST TIMES, A
CHAP. XI.—OF THE ORIGIN, LIFE,
CHAP. XI.—OF THE PERSONS UPON 
CHAP. XI.—THE VARIOUS EMBLEMS 
CHAP. XI.—WE OUGHT TO SERVE GO
CHAP. XII.
CHAP. XII.—DE UTERO, ET CONCEP
CHAP. XII.—OF RELIGION AND THE
CHAP. XII.—OF THE BIRTH OF JES
CHAP. XII.—OF THE KINDS OF BEN
CHAP. XII.—OF THE SOUL AND THE
CHAP. XII.—OF THE TWOFOLD CONF
CHAP. XII.—OF TRUE VIRTUE; AND
CHAP. XII.—ON SHOES.
CHAP. XII.—THAT ANIMALS WERE N
CHAP. XII.—THAT THE STOICS TRA
CHAP. XII.—THE POETS DO NOT IN
CHAP. XII.—WE ARE CONSTANTLY T
CHAP. XIII.
CHAP. XIII.—DISOBEDIENCE CAUSE
CHAP. XIII.—HOW VAIN AND TRIFL
CHAP. XIII.—OF JESUS, GOD AND 
CHAP. XIII.—OF REPENTANCE, OF 
CHAP. XIII.—OF THE ADVANTAGE A
CHAP. XIII.—OF THE IMMORTALITY
CHAP. XIII.—OF THE LOWER MEMBE
CHAP. XIII.—OF THE SOUL, AND T
CHAP. XIII.—THE ACTIONS OF JUP
CHAP. XIII.—WHY MAN IS OF TWO 
CHAP. XIV.
CHAP. XIV.—OF NOAH THE INVENTO
CHAP. XIV.—OF THE AFFECTIONS, 
CHAP. XIV.—OF THE FIRST AND LA
CHAP. XIV.—OF THE FORTITUDE OF
CHAP. XIV.—OF THE PRIESTHOOD O
CHAP. XIV.—OF THE UNKNOWN PURP
CHAP. XIV.—THAT LUCRETIUS AND 
CHAP. XIV.—THE ACTIONS OF SATU
CHAP. XIV.—THE LIVING CHURCH I
CHAP. XIV.—WHAT THE SACRED HIS
CHAP. XIV.—WHY GOD MADE MAN.
CHAP. XIX.
CHAP. XIX.—CICERO AND OTHERS O
CHAP. XIX.—HE JUSTIFIETH HIS E
CHAP. XIX.—OF THE ADVENT OF CH
CHAP. XIX.—OF THE AFFECTIONS A
CHAP. XIX.—OF THE DEATH, BURIA
CHAP. XIX.—OF THE SOUL AND BOD
CHAP. XIX.—OF THE SOUL, AND IT
CHAP. XIX.—OF THE WORSHIP OF I
CHAP. XIX.—OF VIRTUE AND THE T
CHAP. XIX.—THAT IT IS IMPOSSIB
CHAP. XIX.—WOMEN AS WELL AS ME
CHAP. XL.
CHAP. XL.—OF THE FOOLISHNESS O
CHAP. XLI.
CHAP. XLI.—OF TRUE RELIGION AN
CHAP. XLII.
CHAP. XLII.—OF RELIGIOUS WISDO
CHAP. XLIII.
CHAP. XLIII.—OF THE NAME OF JE
CHAP. XLIV.
CHAP. XLIV.—THE TWOFOLD NATIVI
CHAP. XLIX.
CHAP. XLIX.—THAT GOD IS ONE ON
CHAP. XLV.
CHAP. XLV.—THE POWER AND WORKS
CHAP. XLVI.
CHAP. XLVI.—IT IS PROVED FROM 
CHAP. XLVII.
CHAP. XLVII.—OF THE RESURRECTI
CHAP. XLVIII.
CHAP. XLVIII.—OF THE DISINHERI
CHAP. XV.
CHAP. XV.368
CHAP. XV.—FAITH AND LOVE THE P
CHAP. XV.—HOW THEY WHO WERE ME
CHAP. XV.—OF FOLLY, WISDOM, PI
CHAP. XV.—OF THE AFFECTIONS, A
CHAP. XV.—OF THE CORRUPTION OF
CHAP. XV.—OF THE DEVASTATION O
CHAP. XV.—OF THE LIFE AND MIRA
CHAP. XV.—OF THE VOICE.
CHAP. XV.—THE ERROR OF SENECA 
CHAP. XV.—WHENCE SINS EXTENDED
CHAP. XVI.
CHAP. XVI.— BY WHAT ARGUMENT I
CHAP. XVI.—OF GOD, AND HIS ANG
CHAP. XVI.—OF THE AFFECTIONS, 
CHAP. XVI.—OF THE DEVASTATION 
CHAP. XVI.—OF THE DUTIES OF TH
CHAP. XVI.—OF THE MIND AND ITS
CHAP. XVI.—OF THE PASSION OF J
CHAP. XVI.—THAT DEMONS HAVE NO
CHAP. XVI.—THAT THE PHILOSOPHE
CHAP. XVI.—THE EXCELLENCE OF A
CHAP. XVII.
CHAP. XVII.—CONCERNING THE SAM
CHAP. XVII.—HE PASSES FROM PHI
CHAP. XVII.—OF GOD, HIS CARE A
CHAP. XVII.—OF THE AFFECTIONS 
CHAP. XVII.—OF THE EQUITY, WIS
CHAP. XVII.—OF THE FALSE PROPH
CHAP. XVII.—OF THE SOUL, AND T
CHAP. XVII.—OF THE SUPERSTITIO
CHAP. XVII.—THAT ASTROLOGY, SO
CHAP. XVII.—THE DANGER OF IMPE
CHAP. XVIII.
CHAP. XVIII.—OF JUSTICE, WISDO
CHAP. XVIII.—OF SOME COMMANDS 
CHAP. XVIII.—OF THE FORTUNES O
CHAP. XVIII.—OF THE LORD’S PAS
CHAP. XVIII.—OF THE PATIENCE A
CHAP. XVIII.—OF THE PUNISHMENT
CHAP. XVIII.—OF THE SOUL AND T
CHAP. XVIII.—ON THE CONSECRATI
CHAP. XVIII.—THE PREACHER CONF
CHAP. XVIII.—THE PYTHAGOREANS 
CHAP. XX.
CHAP. XX.—CONCLUDING WORD OF C
CHAP. XX.—OF HIMSELF AND THE T
CHAP. XX.—OF OFFENCES, AND THE
CHAP. XX.—OF PHILOSOPHY AND TH
CHAP. XX.—OF THE DEPARTURE OF 
CHAP. XX.—OF THE GODS PECULIAR
CHAP. XX.—OF THE JUDGMENT OF C
CHAP. XX.—OF THE SENSES, AND T
CHAP. XX.—OF THE VANITY AND CR
CHAP. XX.—SOCRATES HAD MORE KN
CHAP. XXI.
CHAP. XXI.—OF CERTAIN DEITIES 
CHAP. XXI.—OF THE ANGER OF GOD
CHAP. XXI.—OF THE ASCENSION OF
CHAP. XXI.—OF THE PLEASURES OF
CHAP. XXI.—OF THE SACRED RITES
CHAP. XXI.—OF THE SYSTEM OF PL
CHAP. XXI.—OF THE TORMENTS AND
CHAP. XXI.—OF THE WORSHIP OF O
CHAP. XXII.
CHAP. XXII.—ARGUMENTS OF UNBEL
CHAP. XXII.—OF SINS, AND THE V
CHAP. XXII.—OF THE ERROR OF TH
CHAP. XXII.—OF THE PLEASURES O
CHAP. XXII.—OF THE PRECEPTS OF
CHAP. XXII.—OF THE RAGE OF THE
CHAP. XXII.—OF THE SACRED RITE
CHAP. XXII.—WHO WAS THE AUTHOR
CHAP. XXIII.
CHAP. XXIII.1249—DE TACTUS VOL
CHAP. XXIII.—OF GIVING PRECEPT
CHAP. XXIII.—OF THE AGES OF VA
CHAP. XXIII.—OF THE ANGER OF G
CHAP. XXIII.—OF THE ERRORS OF 
CHAP. XXIII.—OF THE GODS AND S
CHAP. XXIII.—OF THE JUSTICE AN
CHAP. XXIII.—OF THE RESURRECTI
CHAP. XXIV.
CHAP. XXIV.—OF REPENTANCE, OF 
CHAP. XXIV.—OF THE ANTIPODES, 
CHAP. XXIV.—OF THE DIVINE VENG
CHAP. XXIV.—OF THE ORIGIN OF S
CHAP. XXIV.—OF THE RENEWED WOR
CHAP. XXIV.—THE OVERTHROWING O
CHAP. XXIX.
CHAP. XXIX.—OF FORTUNE AGAIN, 
CHAP. XXIX.—OF THE CHRISTIAN R
CHAP. XXIX.—OF THE PATIENCE AN
CHAP. XXV.
CHAP. XXV.—OF LEARNING PHILOSO
CHAP. XXV.—OF SACRIFICE, AND O
CHAP. XXV.—OF THE ADVENT OF JE
CHAP. XXV.—OF THE GOLDEN AGE, 
CHAP. XXV.—OF THE LAST TIMES, 
CHAP. XXVI.
CHAP. XXVI.—IT IS DIVINE INSTR
CHAP. XXVI.—OF THE CROSS, AND 
CHAP. XXVI.—OF THE LOOSING OF 
CHAP. XXVI.—OF THE WORSHIP OF 
CHAP. XXVII.
CHAP. XXVII.—AN ENCOURAGEMENT 
CHAP. XXVII.—HOW LITTLE THE PR
CHAP. XXVII.—OF THE CREATION, 
CHAP. XXVII.—OF THE WONDERS EF
CHAP. XXVIII.
CHAP. XXVIII.—OF HOPE AND TRUE
CHAP. XXVIII.—OF THE DEMONS, A
CHAP. XXVIII.—OF TRUE RELIGION
CHAP. XXX.
CHAP. XXX.—OF AVOIDING HERESIE
CHAP. XXX.—OF FALSE WISDOM.
CHAP. XXX.—THE CONCLUSION OF T
CHAP. XXXI.
CHAP. XXXI.—OF KNOWLEDGE AND S
CHAP. XXXII.
CHAP. XXXII.—OF THE SECTS OF P
CHAP. XXXIII.
CHAP. XXXIII.—WHAT IS THE CHIE
CHAP. XXXIV.
CHAP. XXXIV.—THAT MEN ARE BORN
CHAP. XXXIX.
CHAP. XXXIX.—OF VARIOUS PHILOS
CHAP. XXXV.
CHAP. XXXV.—THAT IMMORTALITY I
CHAP. XXXVI.
CHAP. XXXVI.—OF THE PHILOSOPHE
CHAP. XXXVII.
CHAP. XXXVII.—OF SOCRATES AND 
CHAP. XXXVIII.
CHAP. XXXVIII.—OF PLATO, WHOSE
CHAP.III.
CHAPTER I
CHAPTER I.
CHAPTER I. THE OFFICE OF THE I
CHAPTER I.108
CHAPTER I.—AUTOLYCUS AN IDOLAT
CHAPTER I.—AUTOLYCUS NOT YET C
CHAPTER I.—DEFENCE OF THE TRUT
CHAPTER I.—EXHORTATION TO ABAN
CHAPTER I.—INJUSTICE SHOWN TOW
CHAPTER I.—INTRODUCTORY.1307
CHAPTER I.—Literature.
CHAPTER I.—OCCASION OF WRITING
CHAPTER I.—ON THE TRUE BEAUTY.
CHAPTER I.—ORDER OF CONTENTS.
CHAPTER I.—PLAN.2347
CHAPTER I.—PREFACE—THE AUTHOR’
CHAPTER I.—THE GNOSTIC A TRUE 
CHAPTER I.—THE GREEKS CLAIM, W
CHAPTER I.—THE OBJECT OF PHILO
CHAPTER I.—THE TWO WAYS; THE F
CHAPTER II
CHAPTER II.
CHAPTER II.266—THE SECOND COMM
CHAPTER II.—A RESURRECTION IS 
CHAPTER II.—A Sketch of the Li
CHAPTER II.—AGAINST EMBELLISHI
CHAPTER II.—CLAIM TO BE TREATE
CHAPTER II.—Chrysostom’s Youth
CHAPTER II.—OBJECTION TO THE N
CHAPTER II.—ON DRINKING.
CHAPTER II.—OUR INSTRUCTOR’S T
CHAPTER II.—PROFANE AUTHORS HA
CHAPTER II.—THAT THE EYES OF T
CHAPTER II.—THE ABSURDITY AND 
CHAPTER II.—THE GODS ARE DESPI
CHAPTER II.—THE KNOWLEDGE OF G
CHAPTER II.—THE MEANING OF THE
CHAPTER II.—THE NECESSITY OF P
CHAPTER II.—THE SON THE RULER 
CHAPTER II.—THE SUBJECT OF PLA
CHAPTER II.—THE VICES AND ERRO
CHAPTER III
CHAPTER III.
CHAPTER III.280—OTHER SINS FOR
CHAPTER III.—AGAINST MEN WHO E
CHAPTER III.—AGAINST THE SOPHI
CHAPTER III.—CHARGES BROUGHT A
CHAPTER III.—DEMONSTRATION DEF
CHAPTER III.—Estimate of St. A
CHAPTER III.—FAITH NOT A PRODU
CHAPTER III.—HE WHO COULD CREA
CHAPTER III.—His Conversion an
CHAPTER III.—NATURE OF GOD.
CHAPTER III.—ON COSTLY VESSELS
CHAPTER III.—PLAGIARISM BY THE
CHAPTER III.—RIDICULE OF THE P
CHAPTER III.—THE CRUELTY OF TH
CHAPTER III.—THE GNOSTIC AIMS 
CHAPTER III.—THE OBJECTS OF FA
CHAPTER III.—THE PHILANTHROPY 
CHAPTER III.—THE TRUE EXCELLEN
CHAPTER III.—THEIR CONTRADICTI
CHAPTER III.—WHAT HAS BECOME O
CHAPTER IV
CHAPTER IV.
CHAPTER IV.286—VARIOUS PRECEPT
CHAPTER IV.—ABSURD OPINIONS OF
CHAPTER IV.—ATTRIBUTES OF GOD.
CHAPTER IV.—Chrysostom Evades 
CHAPTER IV.—DIVINE THINGS WRAP
CHAPTER IV.—FAITH THE FOUNDATI
CHAPTER IV.—HOW AUTOLYCUS HAD 
CHAPTER IV.—HOW TO CONDUCT OUR
CHAPTER IV.—HUMAN ARTS AS WELL
CHAPTER IV.—MEN AND WOMEN ALIK
CHAPTER IV.—OBJECTION FROM THE
CHAPTER IV.—OF WISDOM LIKEWISE
CHAPTER IV.—THE ABSURDITY AND 
CHAPTER IV.—THE CHRISTIANS ARE
CHAPTER IV.—THE CHRISTIANS WOR
CHAPTER IV.—THE GREEKS DREW MA
CHAPTER IV.—THE HEATHENS MADE 
CHAPTER IV.—THE PRAISES OF MAR
CHAPTER IV.—TO PREVENT AMBIGUI
CHAPTER IV.—The Writings of St
CHAPTER IV.—WITH WHOM WE ARE T
CHAPTER IX.
CHAPTER IX.331—THE THANKSGIVIN
CHAPTER IX.—ABSURDITY OF ARGUI
CHAPTER IX.—CHRISTIAN DOCTRINE
CHAPTER IX.—CHRIST’S SAYINGS R
CHAPTER IX.—Chrysostom and Eud
CHAPTER IX.—HUMAN KNOWLEDGE NE
CHAPTER IX.—IMMORALITIES OF TH
CHAPTER IX.—ON THE DIFFERENT K
CHAPTER IX.—REASONS FOR VEILIN
CHAPTER IX.—THAT IT IS THE PRE
CHAPTER IX.—THE CONNECTION OF 
CHAPTER IX.—THE GNOSTIC FREE O
CHAPTER IX.—THE PROPHETS INSPI
CHAPTER IX.—THE TESTIMONY OF T
CHAPTER IX.—THEY GIVE RISE TO 
CHAPTER IX.—THOSE WHO TEACH OT
CHAPTER IX.—WHY WE ARE TO USE 
CHAPTER IX.—“THAT THOSE GRIEVO
CHAPTER L.
CHAPTER LI.
CHAPTER LII.
CHAPTER LIII.
CHAPTER LIV.
CHAPTER V.
CHAPTER V.304—THE WAY OF DEATH
CHAPTER V.—ALL WHO WALK ACCORD
CHAPTER V.—APPLICATION OF DEMO
CHAPTER V.—BEHAVIOUR IN THE BA
CHAPTER V.—Chrysostom as a Mon
CHAPTER V.—HE PROVES BY SEVERA
CHAPTER V.—ON CONTEMPT FOR PAI
CHAPTER V.—ON LAUGHTER.
CHAPTER V.—ON THE SYMBOLS OF P
CHAPTER V.—OPINIONS OF HOMER A
CHAPTER V.—PHILOSOPHERS INCULC
CHAPTER V.—PHILOSOPHY THE HAND
CHAPTER V.—REFERENCE TO THE PR
CHAPTER V.—TESTIMONY OF THE PO
CHAPTER V.—THE DOCTRINE OF THE
CHAPTER V.—THE GREEKS HAD SOME
CHAPTER V.—THE HOLY SOUL A MOR
CHAPTER V.—THE INVISIBLE GOD P
CHAPTER V.—THE OPINIONS OF THE
CHAPTER V.—The Influence of St
CHAPTER VI.
CHAPTER VI.312—AGAINST FALSE T
CHAPTER VI.—BY DIVINE INSPIRAT
CHAPTER VI.—CHRISTIANS’ BELIEF
CHAPTER VI.—Chrysostom as Deac
CHAPTER VI.—DEFINITIONS, GENER
CHAPTER VI.—EVERYTHING THAT IS
CHAPTER VI.—GOD IS KNOWN BY HI
CHAPTER VI.—HESIOD ON THE ORIG
CHAPTER VI.—ON FILTHY SPEAKING
CHAPTER VI.—OPINIONS OF THE PH
CHAPTER VI.—OTHER OPINIONS OF 
CHAPTER VI.—PRAYERS AND PRAISE
CHAPTER VI.—SOME POINTS IN THE
CHAPTER VI.—THE BENEFIT OF CUL
CHAPTER VI.—THE CHRISTIAN ALON
CHAPTER VI.—THE EXCELLENCE AND
CHAPTER VI.—THE GOSPEL WAS PRE
CHAPTER VI.—THE MYSTIC MEANING
CHAPTER VI.—THE NAME CHILDREN 
CHAPTER VII.
CHAPTER VII.—CONCERNING BAPTIS
CHAPTER VII.—CONCERNING THE FA
CHAPTER VII.—Chrysostom as Pat
CHAPTER VII.—DIRECTIONS FOR TH
CHAPTER VII.—FABULOUS HEATHEN 
CHAPTER VII.—FRUGALITY A GOOD 
CHAPTER VII.—ON THE CAUSES OF 
CHAPTER VII.—SUPERIORITY OF TH
CHAPTER VII.—THE BLESSEDNESS O
CHAPTER VII.—THE ECLECTIC PHIL
CHAPTER VII.—THE EGYPTIAN SYMB
CHAPTER VII.—THE POETS ALSO BE
CHAPTER VII.—THE RESURRECTION-
CHAPTER VII.—THE UTILITY OF FE
CHAPTER VII.—VARYING DOCTRINE 
CHAPTER VII.—WE SHALL SEE GOD 
CHAPTER VII.—WHAT SORT OF PRAY
CHAPTER VII.—WHAT TRUE PHILOSO
CHAPTER VII.—WHO THE INSTRUCTO
CHAPTER VIII.
CHAPTER VIII.324—CONCERNING FA
CHAPTER VIII.— OPINIONS CONCER
CHAPTER VIII.—ABSURDITIES OF P
CHAPTER VIII.—AGAINST THOSE WH
CHAPTER VIII.—Chrysostom and T
CHAPTER VIII.—FAITH REQUIRED I
CHAPTER VIII.—HUMAN FLESH NOT 
CHAPTER VIII.—ON THE USE OF OI
CHAPTER VIII.—PHILOSOPHY IS KN
CHAPTER VIII.—SIMILITUDES AND 
CHAPTER VIII.—THE DEMONS SIN A
CHAPTER VIII.—THE GNOSTIC SO A
CHAPTER VIII.—THE METHOD OF CL
CHAPTER VIII.—THE SOPHISTICAL 
CHAPTER VIII.—THE TRUE DOCTRIN
CHAPTER VIII.—THE USE OF THE S
CHAPTER VIII.—THE VAGARIES OF 
CHAPTER VIII.—WICKEDNESS ATTRI
CHAPTER VIII.—WOMEN AS WELL AS
CHAPTER X.
CHAPTER X.338—PRAYER AFTER COM
CHAPTER X.643—QUÆNAM DE PROCRE
CHAPTER X.—ABSURDITIES OF IDOL
CHAPTER X.—ANSWER TO THE OBJEC
CHAPTER X.—Chrysostom in Exile
CHAPTER X.—IT CANNOT BE SHOWN 
CHAPTER X.—OF HUMANITY TO STRA
CHAPTER X.—RIDICULE OF THE HEA
CHAPTER X.—STEPS TO PERFECTION
CHAPTER X.—THAT THE SAME GOD, 
CHAPTER X.—THE CHRISTIANS WORS
CHAPTER X.—THE EXERCISES SUITE
CHAPTER X.—THE GNOSTIC AVAILS 
CHAPTER X.—THE OPINION OF THE 
CHAPTER X.—THE WORLD CREATED B
CHAPTER X.—THOSE WHO OFFERED T
CHAPTER X.—TO ACT WELL OF GREA
CHAPTER X.—TO WHAT THE PHILOSO
CHAPTER XI.
CHAPTER XI.347—CONCERNING TEAC
CHAPTER XI.672—ON CLOTHES.
CHAPTER XI.—A COMPENDIOUS VIEW
CHAPTER XI.—ABSTRACTION FROM M
CHAPTER XI.—DESCRIPTION OF THE
CHAPTER XI.—HOW GREAT ARE THE 
CHAPTER XI.—His Character.
CHAPTER XI.—OF REPENTANCE.
CHAPTER XI.—RECAPITULATION.
CHAPTER XI.—THAT THE WORD INST
CHAPTER XI.—THE KING TO BE HON
CHAPTER XI.—THE KNOWLEDGE WHIC
CHAPTER XI.—THE MORAL TEACHING
CHAPTER XI.—THE MYSTICAL MEANI
CHAPTER XI.—THE OBJECTION, WHY
CHAPTER XI.—THE SIN OF MEN DUE
CHAPTER XI.—THE SIX DAYS’ WORK
CHAPTER XI.—WHAT IS THE PHILOS
CHAPTER XII.
CHAPTER XII.357—RECEPTION OF C
CHAPTER XII.—ARGUMENT FOR THE 
CHAPTER XII.—BASILIDES’ IDEA O
CHAPTER XII.—CONSEQUENT ABSURD
CHAPTER XII.—CONTINUATION: WIT
CHAPTER XII.—EXHORTATION TO AB
CHAPTER XII.—GOD CANNOT BE EMB
CHAPTER XII.—HUMAN NATURE POSS
CHAPTER XII.—MEANING OF THE NA
CHAPTER XII.—OF RIGHTEOUSNESS.
CHAPTER XII.—THE GLORY OF THE 
CHAPTER XII.—THE INSTRUCTOR CH
CHAPTER XII.—THE MYSTERIES OF 
CHAPTER XII.—THE TRUE GNOSTIC 
CHAPTER XII.—THE TWO KINDS OF 
CHAPTER XII.—TWOFOLD FAITH.
CHAPTER XII.—The Writings of C
CHAPTER XIII.
CHAPTER XIII.362—SUPPORT OF PR
CHAPTER XIII.—ALL SECTS OF PHI
CHAPTER XIII.—CONTINUATION OF 
CHAPTER XIII.—DEGREES OF GLORY
CHAPTER XIII.—DESCRIPTION OF T
CHAPTER XIII.—His Theology and
CHAPTER XIII.—OF CHASTITY.
CHAPTER XIII.—OF THE INCREASE 
CHAPTER XIII.—ON FIRST AND SEC
CHAPTER XIII.—REMARKS ON THE C
CHAPTER XIII.—THE KNOWLEDGE OF
CHAPTER XIII.—THE RESURRECTION
CHAPTER XIII.—THEORY OF THE SO
CHAPTER XIII.—VALENTINIAN’S VA
CHAPTER XIII.—VIRTUE RATIONAL,
CHAPTER XIII.—WHY THE CHRISTIA
CHAPTER XIII—AGAINST EXCESSIVE
CHAPTER XIV.
CHAPTER XIV.367—CHRISTIAN ASSE
CHAPTER XIV.—Chrysostom as a P
CHAPTER XIV.—DEGREES OF GLORY 
CHAPTER XIV.—DESCRIPTION OF TH
CHAPTER XIV.—GREEK PLAGIARISM 
CHAPTER XIV.—HOW A THING MAY B
CHAPTER XIV.—INCONSISTENCY OF 
CHAPTER XIV.—OF LOVING OUR ENE
CHAPTER XIV.—SUCCESSION OF PHI
CHAPTER XIV.—THE DEMONS SHALL 
CHAPTER XIV.—THE LOVE OF ALL, 
CHAPTER XIV.—THE RESURRECTION 
CHAPTER XIV.—THE WORLD COMPARE
CHAPTER XIV.—THEOPHILUS AN EXA
CHAPTER XIX.
CHAPTER XIX.—ACCURATE ACCOUNT 
CHAPTER XIX.—DEPRAVITY LIES AT
CHAPTER XIX.—MAN IS PLACED IN 
CHAPTER XIX.—MAN WOULD BE MORE
CHAPTER XIX.—THAT THE PHILOSOP
CHAPTER XIX.—THE PHILOSOPHERS 
CHAPTER XIX.—THE TRUE GNOSTIC 
CHAPTER XL.
CHAPTER XL.—MOSES MORE ANCIENT
CHAPTER XLI.
CHAPTER XLII.
CHAPTER XLII.—CONCLUDING STATE
CHAPTER XLIII.
CHAPTER XLIV.
CHAPTER XLIX.
CHAPTER XLV.
CHAPTER XLVI.
CHAPTER XLVII.
CHAPTER XLVIII.
CHAPTER XV.
CHAPTER XV.374—BISHOPS AND DEA
CHAPTER XV.—ARGUMENT FOR THE R
CHAPTER XV.—DIFFERENT DEGREES 
CHAPTER XV.—NECESSITY OF A UNI
CHAPTER XV.—OF THE FOURTH DAY.
CHAPTER XV.—ON AVOIDING OFFENC
CHAPTER XV.—ON THE DIFFERENT K
CHAPTER XV.—THE CHRISTIANS DIS
CHAPTER XV.—THE GREEK PHILOSOP
CHAPTER XV.—THE INNOCENCE OF T
CHAPTER XV.—THE OBJECTION TO J
CHAPTER XVI.
CHAPTER XVI.380—WATCHFULNESS; 
CHAPTER XVI.—GNOSTIC EXPOSITIO
CHAPTER XVI.—HOW WE ARE TO EXP
CHAPTER XVI.—OF THE FIFTH DAY.
CHAPTER XVI.—PASSAGES OF SCRIP
CHAPTER XVI.—SCRIPTURE THE CRI
CHAPTER XVI.—THAT THE INVENTOR
CHAPTER XVI.—THE CHRISTIANS DO
CHAPTER XVI.—UNCERTAIN CONJECT
CHAPTER XVI.—VAIN DISPLAY OF P
CHAPTER XVII.
CHAPTER XVII.—ACCURATE INFORMA
CHAPTER XVII.—OF THE SIXTH DAY
CHAPTER XVII.—ON THE SAYING OF
CHAPTER XVII.—ON THE VARIOUS K
CHAPTER XVII.—PASSAGES FROM CL
CHAPTER XVII.—PHILOSOPHY CONVE
CHAPTER XVII.—THE NAMES OF THE
CHAPTER XVII.—THE SERIES OF CH
CHAPTER XVII.—THE TRADITION OF
CHAPTER XVII.—THEY FALSELY PRO
CHAPTER XVIII.
CHAPTER XVIII.—ERRORS OF THE G
CHAPTER XVIII.—HE ILLUSTRATES 
CHAPTER XVIII.—JUDGMENT MUST H
CHAPTER XVIII.—ON LOVE, AND TH
CHAPTER XVIII.—THE CREATION OF
CHAPTER XVIII.—THE GODS THEMSE
CHAPTER XVIII.—THE MOSAIC LAW 
CHAPTER XVIII.—THE USE OF PHIL
CHAPTER XVIII.—THEY DECEIVE, I
CHAPTER XVIII—THE DISTINCTION 
CHAPTER XVI—ANALOGY OF DEATH A
CHAPTER XX.
CHAPTER XX.—A GOOD WIFE.
CHAPTER XX.—ABSURD REPRESENTAT
CHAPTER XX.—ANTIQUITY OF MOSES
CHAPTER XX.—IN WHAT RESPECT PH
CHAPTER XX.—MAN MUST BE POSSES
CHAPTER XX.—THANKS ARE EVER DU
CHAPTER XX.—THE SCRIPTURAL ACC
CHAPTER XX.—THE TRUE GNOSTIC E
CHAPTER XXI.
CHAPTER XXI.—CONTINUATION OF T
CHAPTER XXI.—DESCRIPTION OF TH
CHAPTER XXI.—DOCTRINES OF THE 
CHAPTER XXI.—IMPURE LOVES ASCR
CHAPTER XXI.—OF MANETHO’S INAC
CHAPTER XXI.—OF THE FALL OF MA
CHAPTER XXI.—OPINIONS OF VARIO
CHAPTER XXI.—THE JEWISH INSTIT
CHAPTER XXII.
CHAPTER XXII.—ANTIQUITY OF THE
CHAPTER XXII.—CONTINUATION OF 
CHAPTER XXII.—ON THE GREEK TRA
CHAPTER XXII.—PRETENDED SYMBOL
CHAPTER XXII.—RIDICULE OF THE 
CHAPTER XXII.—THE TRUE GNOSTIC
CHAPTER XXII.—WHY GOD IS SAID 
CHAPTER XXIII.
CHAPTER XXIII.—CONTINUATION OF
CHAPTER XXIII.—OF THE PUGILIST
CHAPTER XXIII.—OPINIONS OF THA
CHAPTER XXIII.—PROPHETS MORE A
CHAPTER XXIII.—THE AGE, BIRTH,
CHAPTER XXIII.—THE SAME SUBJEC
CHAPTER XXIII.—THE TRUTH OF TH
CHAPTER XXIV.
CHAPTER XXIV.—ARGUMENT FOR THE
CHAPTER XXIV.—CHRONOLOGY FROM 
CHAPTER XXIV.—CONCERNING THE A
CHAPTER XXIV.—HOW MOSES DISCHA
CHAPTER XXIV.—OF THE OTHER PUB
CHAPTER XXIV.—THE BEAUTY OF PA
CHAPTER XXIV.—THE REASON AND E
CHAPTER XXIX.
CHAPTER XXIX.—ACCOUNT OF TATIA
CHAPTER XXIX.—ANTIQUITY OF CHR
CHAPTER XXIX.—CAIN’S CRIME.
CHAPTER XXIX.—PROOF OF THE SAM
CHAPTER XXIX.—THE GREEKS BUT C
CHAPTER XXV.
CHAPTER XXV.—ARGUMENT CONTINUE
CHAPTER XXV.—BOASTINGS AND QUA
CHAPTER XXV.—FROM SAUL TO THE 
CHAPTER XXV.—GOD WAS JUSTIFIED
CHAPTER XXV.—PLATO AN IMITATOR
CHAPTER XXV.—THE POETS AND PHI
CHAPTER XXV.—TRUE PERFECTION C
CHAPTER XXVI.
CHAPTER XXVI.—CONTRAST BETWEEN
CHAPTER XXVI.—GOD’S GOODNESS I
CHAPTER XXVI.—HOW THE PERFECT 
CHAPTER XXVI.—MOSES RIGHTLY CA
CHAPTER XXVI.—RIDICULE OF THE 
CHAPTER XXVI.—THE DEMONS ALLUR
CHAPTER XXVII.
CHAPTER XXVII.—ARTIFICES OF TH
CHAPTER XXVII.—ROMAN CHRONOLOG
CHAPTER XXVII.—THE CHRISTIANS 
CHAPTER XXVII.—THE LAW, EVEN I
CHAPTER XXVII.—THE NATURE OF M
CHAPTER XXVIII.
CHAPTER XXVIII.—CONDEMNATION O
CHAPTER XXVIII.—LEADING CHRONO
CHAPTER XXVIII.—THE FOURFOLD D
CHAPTER XXVIII.—THE HEATHEN GO
CHAPTER XXVIII.—WHY EVE WAS FO
CHAPTER XXX.
CHAPTER XXX.—CAIN’S FAMILY AND
CHAPTER XXX.—HOW HE RESOLVED T
CHAPTER XXX.—REASONS WHY DIVIN
CHAPTER XXX.—WHY THE GREEKS DI
CHAPTER XXXI.
CHAPTER XXXI.—CONFUTATION OF T
CHAPTER XXXI.—THE HISTORY AFTE
CHAPTER XXXI.—THE PHILOSOPHY O
CHAPTER XXXII.
CHAPTER XXXII.—ELEVATED MORALI
CHAPTER XXXII.—HOW THE HUMAN R
CHAPTER XXXII.—THE DOCTRINE OF
CHAPTER XXXIII.
CHAPTER XXXIII.—CHASTITY OF TH
CHAPTER XXXIII.—PROFANE HISTOR
CHAPTER XXXIII.—VINDICATION OF
CHAPTER XXXIV.
CHAPTER XXXIV.—RIDICULE OF THE
CHAPTER XXXIV.—THE PROPHETS EN
CHAPTER XXXIV.—THE VAST DIFFER
CHAPTER XXXIX.
CHAPTER XXXIX.—CATALOGUE OF TH
CHAPTER XXXV.
CHAPTER XXXV.—PRECEPTS FROM TH
CHAPTER XXXV.—TATIAN SPEAKS AS
CHAPTER XXXV.—THE CHRISTIANS C
CHAPTER XXXVI.
CHAPTER XXXVI.—BEARING OF THE 
CHAPTER XXXVI.—PROPHECIES OF T
CHAPTER XXXVI.—TESTIMONY OF TH
CHAPTER XXXVII.
CHAPTER XXXVII.—ENTREATY TO BE
CHAPTER XXXVII.—TESTIMONY OF T
CHAPTER XXXVII.—THE TESTIMONIE
CHAPTER XXXVIII.
CHAPTER XXXVIII.—THE EGYPTIANS
CHAPTER XXXVIII.—THE TEACHINGS
CHARACTER AND RELIGIOUS ACTS.
CHRONOLOGICAL TABLE
TO ACCOMPA
CI. To the Deaconess Celarina.
CII. To Bishop Basilius.1821
CIII. To the Count Apollonius.
CIV. To Flavianus,1828Bishop o
CIX. To Eusebius, Bishop of An
CL. Letter of Theodoretus, Bis
CLEMENT OF ALEXANDRIA.
CLI. Letter or Address of Theo
CLII. Report of the (Bishops) 
CLIII. Report of the same to t
CLVII. Report of the Council o
CLVIII. Report of (the Bishops
CLXII. Letter of Theodoretus t
CLXIII. First Letter of the Co
CLXIV. Second Epistle of the s
CLXIX. Letter written by Theod
CLXV. Letter of the same to th
CLXVI. First Petition of the C
CLXVII. Second Petition of the
CLXVIII. Third Demand of the s
CLXX. Letter of certain Easter
CLXXI. Letter of Theodoret to 
CLXXII. Letter of Theodoretus 
CLXXIII. Letter to Andreas, Mo
CLXXIV. To Himerius, Bishop of
CLXXV. To Alexander of Hierapo
CLXXVI. Letter to the same Ale
CLXXVII. Letter to Andreas, Bi
CLXXVIII. Letter to Alexander 
CLXXX. Letter of Theodoretus, 
CLXXXI. Letter to Abundius, Bi
COMMANDMENT EIGHTH.
COMMANDMENT ELEVENTH.
COMMANDMENT FIRST.
COMMANDMENT NINTH.
COMMANDMENT SECOND.
COMMANDMENT SEVENTH.
COMMANDMENT SIXTH.
COMMANDMENT TENTH.
COMMANDMENT THIRD.
COMMANDMENT TWELFTH.
COMMODIANUS.
CONCERNING A BAD WOMAN.
CONCERNING A PERSON FALSELY AC
CONCERNING ACCUSERS AND FALSE 
CONCERNING AUGURY AND ENCHANTM
CONCERNING BOOKS WITH FALSE IN
CONCERNING COVETOUSNESS.
CONCERNING DOING GOOD.
CONCERNING DRUNKARDS.
CONCERNING FALSE MARTYRS.
CONCERNING HIM THAT IS DOUBLE-
CONCERNING ORDINATIONS.
CONCERNING THE ADORNMENT OF OU
CONCERNING THE BLESSING OF WAT
CONCERNING THE CONFESSORS—THE 
CONCERNING THE DEACONESS—THE C
CONCERNING THE OBSERVANCE DUE 
CONCERNING THE ORDINATION OF D
CONCERNING THE ORDINATION OF P
CONCERNING THE PASSION OF OUR 
CONCERNING THE PURE CONSCIENCE
CONCERNING THE READERS—THE CON
CONCERNING THE RECEIVING SUCH 
CONCERNING THE SACRED INITIATI
CONCERNING THE SUB-DEACONS—THE
CONCERNING THE SUBJECTION DUE 
CONCERNING THE SUBJECTION OF A
CONCERNING THE VIRTUE OF MOSES
CONCERNING THE WATCHING ALL TH
CONCERNING THOSE WHO AFFIRM TH
CONCERNING UNWORTHY BISHOPS AN
CONFESSION OF OUR CHRISTIAN FA
CONSTANTINE.
CONTENTS.
CV. To Eulogius the OEconomus.
CVI. To Abraham the OEconomus.
CVII. To the Presbyter Theodot
CVIII. To Acacius the Presbyte
CX. To Domnus, Bishop of Antio
CXI. To Anatolius the Patricia
CXII. To Domnus, Bishop of Ant
CXIII. (a).1891From Pope Leo t
CXIII. To Leo, Bishop of Rome.
CXIV.1892 To Andiberis.
CXIX. To Anatolius the Patrici
CXL. To the Master Vincomalus.
CXLI. To Marcellus, Archimandr
CXLII. To the Same.
CXLIII. To Andrew, Monk of Con
CXLIV. To the Soldiers.1996
CXLIX is “Copy of the Letter w
CXLV. To the Monks of Constant
CXLVI. To John the OEconomus.2
CXLVII.2143To John, Bishop of 
CXLVIII in the Edition of Garn
CXV. To Apella.
CXVI.1893To the Presbyter Rena
CXVII. To the Bishop Florentiu
CXVIII. To the Archdeacon of R
CXX. To Lupicius.1907
CXXI. To Anatolius the Patrici
CXXII.1909To Uranius1910Bishop
CXXIII. To the Same.
CXXIV. To the Learned Maranas.
CXXIX. To Magnus Antoninus the
CXXV. To Aphthonius, Theodorit
CXXVI. To the Bishop Sabinianu
CXXVII. To Jobius, Presbyter a
CXXVIII. To Candidus, Presbyte
CXXX. To Bishop Timotheus.1939
CXXXI. To Longinus, Archimandr
CXXXII. To Ibas, Bishop of Ede
CXXXIII. To John, Bishop of Ge
CXXXIV. To Theoctistus, Bishop
CXXXIX. To Aspar, Consular and
CXXXV. To Bishop Romulus.1972
CXXXVI. To Cyrus Magistrianus.
CXXXVII. To the Archimandrite 
CXXXVIII. To Anatolius the Pat
Canon C.
Canon C. (Greek civ.)
Canon CI.
Canon CI. (Greek civ. bis)
Canon CII.
Canon CII. (Greek cv.)
Canon CIII. (Greek cvi.)
Canon CIV. (Greek cvii.)
Canon CIX. (Greek cxij. contin
Canon CV. (Greek cviii.)
Canon CVI. (Greek cix.)
Canon CVII. (Greek cx. continu
Canon CVIII. (Greek cxii.)
Canon CX. (Greek cxii. bis)
Canon CXI. (Greek cxiij.)
Canon CXII. (Greek cxiij. cont
Canon CXIII. (Greek cxiiii.)
Canon CXIV. (Greek cxv.)
Canon CXIX. (Greek cxx.)
Canon CXV. (Greek cxvi.)
Canon CXVI. (Greek cxvii.)
Canon CXVII. (Greek cxviii.)
Canon CXVIII. (Greek cxix.)
Canon CXX. (Greek cxxi.)
Canon CXXI. (Greek cxxii.)
Canon CXXII. (Greek cxxiii.)
Canon CXXIII. (Greek cxxiv.)
Canon CXXIV. (Greek cxxv.)
Canon CXXIX. (Greek cxxx.)
Canon CXXV. (Greek cxxvi.)
Canon CXXVI. (Greek cxxvii.)
Canon CXXVII. (Greek cxxviii.)
Canon CXXVIII. (Greek cxxix.)
Canon CXXX. (Greek cxxxi.)
Canon CXXXI. (Greek CXXXII.)
Canon CXXXII. (Greek cxxxiii.)
Canon CXXXIII. (Greek cxxxiv.)
Canon CXXXIV. (Continuation of
Canon CXXXV. (Not numbered in 
Canon CXXXVI. (Not numbered in
Canon CXXXVII. (Continuation o
Canon CXXXVIII. (Not numbered 
Canon I.
Canon I.109
Canon I.583
Canon II.
Canon III.
Canon III. (III. and IV.)
Canon IV.
Canon IV. (V.)
Canon IX.
Canon IX. (X.)
Canon IX.139
Canon L.
Canon L. (Greek liv.)
Canon LI.
Canon LI. (Greek lv.)
Canon LII.
Canon LII. (Greek lvi.)
Canon LIII.
Canon LIII. (Greek lvii.)
Canon LIV.
Canon LIV. (Greek lviii.)
Canon LIX.
Canon LIX. (Greek lxiii.)
Canon LV.
Canon LV. (Greek lix.)
Canon LVI.
Canon LVI. (Greek lx.)
Canon LVII.
Canon LVII. (Greek lxi.)
Canon LVIII.
Canon LVIII. (Greek lxii.)
Canon LX.
Canon LX. (Greek lxiii.)
Canon LXI.
Canon LXI. (Greek lxiv.)
Canon LXII.
Canon LXII. (Greek lxv.)
Canon LXIII.
Canon LXIII. (Greek lxvi.)
Canon LXIV.
Canon LXIV. (Greek lxvii.)
Canon LXIX.
Canon LXIX. (Greek lxxii.)
Canon LXV.
Canon LXV. (Greek lxviii.)
Canon LXVI.
Canon LXVI. (Greek lxix.)
Canon LXVII.
Canon LXVII. (Greek lxx.)
Canon LXVIII.
Canon LXVIII. (Greek lxxi.)
Canon LXX.
Canon LXX. (Greek lxxiii.)
Canon LXXI.
Canon LXXI. (Greek lxxiv.)
Canon LXXII.
Canon LXXII. (Greek lxxv.)
Canon LXXIII.
Canon LXXIII. (Greek lxxvi.)
Canon LXXIV.
Canon LXXIV. (Greek lxxvii.)
Canon LXXIX.
Canon LXXIX. (Greek lxxxii.)
Canon LXXV.
Canon LXXV. (Greek lxxviii.)
Canon LXXVI.
Canon LXXVI. (Greek lxxix.)
Canon LXXVII.
Canon LXXVII. (Greek lxxx.)
Canon LXXVIII.
Canon LXXVIII. (Greek lxxxi.)
Canon LXXX.
Canon LXXX. (Greek lxxxiii.)
Canon LXXXI.
Canon LXXXI. (Greek lxxxiv.)
Canon LXXXII.
Canon LXXXII. (Greek lxxxv.)
Canon LXXXIII.
Canon LXXXIII. (Greek lxxxvi.)
Canon LXXXIV.
Canon LXXXIV. (Greek lxxxvii.)
Canon LXXXIX.
Canon LXXXIX. (Greek xcii.)
Canon LXXXV.
Canon LXXXV. (Greek lxxxviii.)
Canon LXXXVI.
Canon LXXXVI. (Greek lxxxix.)
Canon LXXXVII.
Canon LXXXVII. (Greek xc.)
Canon LXXXVIII.
Canon LXXXVIII. (Greek xci.)
Canon V.
Canon V. (VI.)
Canon VI.
Canon VI. (VII.)
Canon VI.133
Canon VII.
Canon VII. (VIII.)
Canon VII.134
Canon VIII (IX.)
Canon VIII.
Canon VIII.137
Canon X.
Canon X. (XI.)
Canon XC.
Canon XC. (Greek xciii.)
Canon XCI.
Canon XCII.
Canon XCII. (Greek xcv.)
Canon XCIII.
Canon XCIII. (Greek xcvi.)
Canon XCIV.
Canon XCIV. (Greek xcvii.)
Canon XCIX.
Canon XCIX. (Greek ciii.)
Canon XCV.
Canon XCV. (Greek xcviii.)
Canon XCVI.
Canon XCVI. (Greek xcix.)
Canon XCVII.
Canon XCVII. (Greek c.)
Canon XCVIII.
Canon XCVIII. (Greek cii.)
Canon XI.
Canon XI. (XII.)
Canon XI.144
Canon XII.
Canon XII. (Of the Latin Texts
Canon XII. and XIII (XIII.)
Canon XIII.
Canon XIV.
Canon XIX.
Canon XIX. (Greek xxii.)425
Canon XL.
Canon XL. (Greek xliii.)
Canon XL. (XL. Continued.)
Canon XLI.
Canon XLI. (Greek xliv.)
Canon XLII.
Canon XLII. (Greek xiv.)
Canon XLIII.
Canon XLIII. (Greek xlvi.)
Canon XLIV.
Canon XLIV. (Greek xlvii.)
Canon XLIX.
Canon XLIX. (Greek liii.)
Canon XLV.
Canon XLV. (Greek xlviii.)
Canon XLVI.
Canon XLVI. (Greek l.)
Canon XLVII.
Canon XLVII. (Greek li.)
Canon XLVIII.
Canon XLVIII. (Greek lii.)
Canon XV.
Canon XVI.
Canon XVII.
Canon XVIII.
Canon XVIII. (Gk. xviii. The L
Canon XVIII. (Of the Latin.)
Canon XX.
Canon XX. (Greek xxiii.)
Canon XXI.
Canon XXI. (Greek xxiv.)
Canon XXII.
Canon XXII. (Greek xxv.)
Canon XXIII.
Canon XXIII. (Greek xxvi.)
Canon XXIV.
Canon XXIV. (Greek xxvii.)
Canon XXIX.
Canon XXIX. (Greek xxxii.)
Canon XXIX. (XXX.)
Canon XXV.
Canon XXV. (Greek xxviii.)
Canon XXV. (XXV. and XXVI.)
Canon XXVI.
Canon XXVI. (Greek xxix.)
Canon XXVI. (XXVII.)
Canon XXVII.
Canon XXVII. (Greek xxx.)
Canon XXVII. (XXVIII.)
Canon XXVIII.
Canon XXVIII. (Greek xxxi.)
Canon XXVIII. (XXIX.)
Canon XXX.
Canon XXX. (Greek xxxiii.)
Canon XXX. (XXXI.)
Canon XXXI.
Canon XXXI. (Greek xxxiv.)
Canon XXXI. (XXXII.)
Canon XXXII.
Canon XXXII. (Greek xxxv.)
Canon XXXII. (XXXIII.)
Canon XXXIII.
Canon XXXIII. (Greek xxxvi.)
Canon XXXIII. (XXXIV.)
Canon XXXIV.
Canon XXXIV. (Greek xxxvii.)
Canon XXXIV. (XXXV.)
Canon XXXIX.
Canon XXXIX. (Greek xlii.)
Canon XXXIX. (XL.)
Canon XXXV.
Canon XXXV. (Greek xxxviii.)
Canon XXXV. (XXXVI.)
Canon XXXVI.
Canon XXXVI. (Greek xxxix.)
Canon XXXVI. (XXXVII.)
Canon XXXVII.
Canon XXXVII. (Greek xl.)
Canon XXXVII. (XXXVIII.)
Canon XXXVIII.
Canon XXXVIII. (Greek xli.)
Canon XXXVIII. (XXXIX.)
Canons III., IV., V.
Canons XV. and XVI.
Canons of the Church of Alexan
Canons of the One Hundred and 
Catena Aurea - Gospel of Matth
Chap. I.
Chap. I.—Memory may be exercis
Chap. II.
Chap. II.—The mind is destitut
Chap. III.
Chap. III.—Objection answered.
Chap. IV.
Chap. IX.
Chap. V.
Chap. VI.
Chap. VII.
Chap. VII.—but in those by who
Chap. VIII.
Chap. X.
Chap. XI.
Chap. XII.
Chap. XIII.
Chap. XIV.
Chap. XIX.1848
Chap. XV.
Chap. XVI.
Chap. XVII.
Chap. XVIII.
Chap. XX.
Chap. XXI.
Chapter
Chapter 1
Chapter 1 (17).
Chapter 1 .—Summary of the For
Chapter 1.
Chapter 1. 1616
Chapter 1.—A Trace of the Trin
Chapter 1.—Augustin Returns to
Chapter 1.—By What Course of R
Chapter 1.—Concerning the Argu
Chapter 1.—God is Above the Mi
Chapter 1.—God the Highest and
Chapter 1.—How Augustin Writes
Chapter 1.—How the Pretensions
Chapter 1.—In What Way We Must
Chapter 1.—Introduction: Addre
Chapter 1.—Introduction; The P
Chapter 1.—It is Shown by Reas
Chapter 1.—Of This Part of the
Chapter 1.—Of Those Things Dow
Chapter 1.—Of Those Who Mainta
Chapter 1.—Of What Kind are th
Chapter 1.—Of the Adversaries 
Chapter 1.—Of the Creation of 
Chapter 1.—Of the Fall of the 
Chapter 1.—Of the Ills Which A
Chapter 1.—Of the Limits Which
Chapter 1.—Of the Order of the
Chapter 1.—Of the Prophetic Ag
Chapter 1.—Of the Things Which
Chapter 1.—Of the Two Lines of
Chapter 1.—Signs, Their Nature
Chapter 1.—That Although God i
Chapter 1.—That Varro Has Made
Chapter 1.—That the Cause of t
Chapter 1.—That the Disobedien
Chapter 1.—That the Nature of 
Chapter 1.—That the Platonists
Chapter 1.—That the Question o
Chapter 1.—The Attempt is Made
Chapter 1.—The Author Desires 
Chapter 1.—The Interpretation 
Chapter 1.—The Love of the Stu
Chapter 1.—The Point at Which 
Chapter 1.—The Son, According 
Chapter 1.—The Supreme Good is
Chapter 1.—There is a Double R
Chapter 1.—This Work Not Inten
Chapter 1.—This Work is Writte
Chapter 1.—To Heal Heretics is
Chapter 1.—We are Made Perfect
Chapter 1.—What is to Be Said 
Chapter 1.—What the Author Ent
Chapter 1.—What the Wisdom is 
Chapter 1.—Whether, After the 
Chapter 1.—Whether, Since It i
Chapter 10
Chapter 10 (26).
Chapter 10 [IX.]—Why It Was So
Chapter 10.
Chapter 10.—As Christ is the M
Chapter 10.—Christ the True He
Chapter 10.—Concerning Theurgy
Chapter 10.—Concerning the Lib
Chapter 10.—Concerning the Wor
Chapter 10.—Every Mind Knows C
Chapter 10.—His Fourth Error. 
Chapter 10.—How Different the 
Chapter 10.—How We are to Disc
Chapter 10.—How a Trinity is P
Chapter 10.—In How Many Ways t
Chapter 10.—In What Manner Chr
Chapter 10.—It is God’s Grace 
Chapter 10.—Natures Corruptibl
Chapter 10.—Of the Attainment 
Chapter 10.—Of the Attributes 
Chapter 10.—Of the Catholic Ch
Chapter 10.—Of the Different C
Chapter 10.—Of the Falseness o
Chapter 10.—Of the Genealogy o
Chapter 10.—Of the Life of Mor
Chapter 10.—Of the Praise of t
Chapter 10.—Of the Simple and 
Chapter 10.—Sin is Only from t
Chapter 10.—That the Devils, i
Chapter 10.—That the Excellenc
Chapter 10.—That the Martyrs W
Chapter 10.—That the Saints Lo
Chapter 10.—That, According to
Chapter 10.—The Analogy of Gra
Chapter 10.—The Fidelity of Me
Chapter 10.—The Holy Spirit Tw
Chapter 10.—The Imagination Al
Chapter 10.—The Lowest Degrada
Chapter 10.—The Necessity for 
Chapter 10.—The Old Law Also G
Chapter 10.—The Reward Prepare
Chapter 10.—The Supremely Good
Chapter 10.—There Was No Other
Chapter 10.—There are Three Th
Chapter 10.—Those Things Which
Chapter 10.—Three Moral Symbol
Chapter 10.—To See God, the So
Chapter 10.—Unknown or Ambiguo
Chapter 10.—What Opinions Thos
Chapter 10.—What Varro Reports
Chapter 10.—What is to Be Repl
Chapter 10.—What the Church Te
Chapter 10.—Whether It Was Des
Chapter 10.—Whether It is to B
Chapter 10.—Whether Only Knowl
Chapter 10.—Whether Our Wills 
Chapter 10.—Whether the Distin
Chapter 10.—Whether the Fire o
Chapter 10.—Why the Pelagians 
Chapter 100.
Chapter 100.—The Will of God i
Chapter 101.
Chapter 101.—The Will of God, 
Chapter 102.
Chapter 102.—The Will of the O
Chapter 103.
Chapter 103.—Interpretation of
Chapter 104.
Chapter 104.—God, Foreknowing 
Chapter 105.
Chapter 105.—Man Was So Create
Chapter 106.
Chapter 106.—The Grace of God 
Chapter 107.
Chapter 107.—Eternal Life, Tho
Chapter 108.
Chapter 108.—A Mediator Was Ne
Chapter 109.
Chapter 109.—The State of the 
Chapter 10—All Perseverance is
Chapter 10—The Third Calumny,—
Chapter 10—Whether God the Tri
Chapter 11
Chapter 11 (27).
Chapter 11 [X.]—The Sacrament 
Chapter 11.
Chapter 11.—A Difficulty, How 
Chapter 11.—Against the Platon
Chapter 11.—By What Rule in th
Chapter 11.—Concerning the Man
Chapter 11.—Concerning the Sur
Chapter 11.—Concerning the Uni
Chapter 11.—Distinction Betwee
Chapter 11.—Effect of Prayer f
Chapter 11.—God Cannot Suffer 
Chapter 11.—God is the One Obj
Chapter 11.—How Plato Has Been
Chapter 11.—In Memory, Underst
Chapter 11.—Knowledge of Langu
Chapter 11.—Manichæus Promises
Chapter 11.—Martyrdom for Chri
Chapter 11.—Miracles Which are
Chapter 11.—Number, Weight, Me
Chapter 11.—Of Gog and Magog, 
Chapter 11.—Of Methuselah’s Ag
Chapter 11.—Of Porphyry’s Epis
Chapter 11.—Of Those Who Suppo
Chapter 11.—Of the End of This
Chapter 11.—Of the Fall of the
Chapter 11.—Of the Happiness o
Chapter 11.—Of the Opinion of 
Chapter 11.—Of the Remedy for 
Chapter 11.—Of the Same Appear
Chapter 11.—Of the Statue of A
Chapter 11.—Of the Substance o
Chapter 11.—Other Passages of 
Chapter 11.—Rule for Interpret
Chapter 11.—That the Greeks Ad
Chapter 11.—That the Image or 
Chapter 11.—That the Original 
Chapter 11.—The Ancients Assum
Chapter 11.—The Apostle Peter 
Chapter 11.—The Christian Teac
Chapter 11.—The Devil the Auth
Chapter 11.—The Essence of God
Chapter 11.—The Image of the B
Chapter 11.—The Likeness of th
Chapter 11.—The Pelagians Unde
Chapter 11.—The Value of the S
Chapter 11.—What Seneca Though
Chapter 11.—What Sin is.
Chapter 11.—What is Called Evi
Chapter 11.—What is Said Relat
Chapter 11.—When Moses Led the
Chapter 11.—Whether It is Just
Chapter 11.—Whether Memory is 
Chapter 11.—Whether One Can Bo
Chapter 11.—Whether the Angels
Chapter 11.—Wisdom Becoming In
Chapter 110.—The Benefit to th
Chapter 111.—After the Resurre
Chapter 112.—There is No Groun
Chapter 113.—The Death of the 
Chapter 114.—Having Dealt with
Chapter 115.—The Seven Petitio
Chapter 116.—Luke Expresses th
Chapter 117.—Love, Which is Gr
Chapter 118.—The Four Stages o
Chapter 119.—The Grace of Rege
Chapter 12
Chapter 12 (28).
Chapter 12 [VIII.]—The Apostle
Chapter 12.
Chapter 12.—A Comparison of th
Chapter 12.—A Diversity of Int
Chapter 12.—Against the Calumn
Chapter 12.—All Beings Were Ma
Chapter 12.—All Good Things ar
Chapter 12.—All, on Account of
Chapter 12.—By What Virtues th
Chapter 12.—Concerning the Opi
Chapter 12.—Eve’s Name Means L
Chapter 12.—From the Definitio
Chapter 12.—He Proves Out of S
Chapter 12.—How These Persons 
Chapter 12.—In Relative Things
Chapter 12.—In What Manner the
Chapter 12.—In What Sense the 
Chapter 12.—Manichæan Subterfu
Chapter 12.—Of His Own Will a 
Chapter 12.—Of the Burial of t
Chapter 12.—Of the Era in Abra
Chapter 12.—Of the Greatness o
Chapter 12.—Of the Miracles Wr
Chapter 12.—Of the Nature of M
Chapter 12.—Of the Opinion of 
Chapter 12.—Of the Remedy for 
Chapter 12.—Of the Rituals of 
Chapter 12.—Of the Three Oppos
Chapter 12.—Paul, Whence So Ca
Chapter 12.—Rule for Interpret
Chapter 12.—That Even the Fier
Chapter 12.—That Even the Plat
Chapter 12.—That Jupiter is Al
Chapter 12.—That When Once the
Chapter 12.—That the Romans Ad
Chapter 12.—That the Romans, b
Chapter 12.—The Academic Philo
Chapter 12.—The Aim of the Ora
Chapter 12.—The Appearance to 
Chapter 12.—The Devil the Medi
Chapter 12.—The Fourth Calumny
Chapter 12.—The Law Could Not 
Chapter 12.—The Mind is an Ima
Chapter 12.—The Old Testament 
Chapter 12.—The Trinity in the
Chapter 12.—The Wild Fancies o
Chapter 12.—There is a Kind of
Chapter 12.—They Who Have Not 
Chapter 12.—To Whose Person th
Chapter 12.—We are United to G
Chapter 12.—What Death God Int
Chapter 12.—What is Meant Unde
Chapter 12.—Whether the Fire t
Chapter 12.—Why Love is Not th
Chapter 120.—Death Cannot Inju
Chapter 121.—Love is the End o
Chapter 122.—Conclusion.
Chapter 13
Chapter 13 (29).
Chapter 13.
Chapter 13.—A Subterfuge of th
Chapter 13.—Actions to Be Judg
Chapter 13.—Against the Opinio
Chapter 13.—By What Right or A
Chapter 13.—Concerning Those W
Chapter 13.—Concerning the Lov
Chapter 13.—Concerning the Opi
Chapter 13.—Diverse Things are
Chapter 13.—Election is of Gra
Chapter 13.—From Deliberation 
Chapter 13.—God’s Purposes are
Chapter 13.—How Any One Can Fo
Chapter 13.—How Faulty Interpr
Chapter 13.—How the Demons Can
Chapter 13.—How the Word Begin
Chapter 13.—In the Marriage of
Chapter 13.—Individual Good Th
Chapter 13.—Man Was to Be Resc
Chapter 13.—Of the Invisible G
Chapter 13.—Of the Remedy for 
Chapter 13.—Of the Revolution 
Chapter 13.—Of the Universal P
Chapter 13.—Reasons for Buryin
Chapter 13.—Same Subject, Cont
Chapter 13.—Still Further of t
Chapter 13.—That When It is Ex
Chapter 13.—That in Adam’s Sin
Chapter 13.—That the Romans Sh
Chapter 13.—The Appearance in 
Chapter 13.—The Death of Chris
Chapter 13.—The Hearer Must Be
Chapter 13.—The Opinion of Tho
Chapter 13.—The Pelagian Argum
Chapter 13.—The Word Was Made 
Chapter 13.—There Can Be No Ev
Chapter 13.—Two Opposite Subst
Chapter 13.—We are Joined Inse
Chapter 13.—What Fables Were I
Chapter 13.—What Was the First
Chapter 13.—Whether Abortions,
Chapter 13.—Whether All the An
Chapter 13.—Whether the Time o
Chapter 13.—Whether the Truth 
Chapter 13.—Whether, in Comput
Chapter 13.—Why One of the Cov
Chapter 13.—Why, in the Accoun
Chapter 14
Chapter 14 [XIII.]—He Shows Th
Chapter 14.
Chapter 14. —Job Was Not Witho
Chapter 14.—Again It is Shown 
Chapter 14.—An Explanation of 
Chapter 14.—Beauty of Diction 
Chapter 14.—Christ the Most Pe
Chapter 14.—Concerning the Era
Chapter 14.—Concerning the Off
Chapter 14.—Error of Those Who
Chapter 14.—Good and Evil are 
Chapter 14.—He Illustrates His
Chapter 14.—His Eighth Error. 
Chapter 14.—How the Meaning of
Chapter 14.—How the Wisdom of 
Chapter 14.—In What Respect th
Chapter 14.—In What State Man 
Chapter 14.—It is God’s Grace 
Chapter 14.—Manichæus Promises
Chapter 14.—None of the Elect 
Chapter 14.—Of David’s Concern
Chapter 14.—Of the Appearance 
Chapter 14.—Of the Captivity o
Chapter 14.—Of the Creation of
Chapter 14.—Of the Damnation o
Chapter 14.—Of the Opinion of 
Chapter 14.—Of the Order and L
Chapter 14.—Of the Pride in th
Chapter 14.—Of the Remedy Agai
Chapter 14.—Of the Temporary P
Chapter 14.—Of the Theological
Chapter 14.—Of the Wickedness 
Chapter 14.—Of the Years of Te
Chapter 14.—Paul First Receive
Chapter 14.—Small Good Things 
Chapter 14.—Superabundance of 
Chapter 14.—That Plato, Who Ex
Chapter 14.—That the Apostle i
Chapter 14.—That the One God i
Chapter 14.—That the Years in 
Chapter 14.—The Enlargement of
Chapter 14.—The Father and the
Chapter 14.—The Mind Loves God
Chapter 14.—The Opinions of Al
Chapter 14.—The Testimonies of
Chapter 14.—The Unobligated De
Chapter 14.—The Word of God is
Chapter 14.—Three Good Reasons
Chapter 14.—Victor’s Dilemma: 
Chapter 14.—We Cleave to the T
Chapter 14.—What is the Differ
Chapter 14.—Whether Infants Sh
Chapter 14.—Whether Men, Thoug
Chapter 14.—Why the Father Doe
Chapter 15
Chapter 15.
Chapter 15.—Although the Soul 
Chapter 15.—Among Versions a P
Chapter 15.—Carnal Generation 
Chapter 15.—Concerning Certain
Chapter 15.—Concerning the Tem
Chapter 15.—Faith is Buttresse
Chapter 15.—From Such Scriptur
Chapter 15.—He Prays for His F
Chapter 15.—How Great is the U
Chapter 15.—How We are to Unde
Chapter 15.—In Opposition to t
Chapter 15.—In the Body of the
Chapter 15.—It is Believers th
Chapter 15.—Man, by Birth, is 
Chapter 15.—Of Regulus, in Who
Chapter 15.—Of the Appearance 
Chapter 15.—Of the Fall of the
Chapter 15.—Of the Justice of 
Chapter 15.—Of the Liberty Pro
Chapter 15.—Of the Man Christ 
Chapter 15.—Of the Method in W
Chapter 15.—Of the Ministry of
Chapter 15.—Of the Same Subjec
Chapter 15.—Of the Time of the
Chapter 15.—Perseverance is Gi
Chapter 15.—Rule for Interpret
Chapter 15.—That Adam in His S
Chapter 15.—That Everything Wh
Chapter 15.—That It Was Vanity
Chapter 15.—That the Demons ar
Chapter 15.—The Apostle Meets 
Chapter 15.—The Christian Defi
Chapter 15.—The Christian Teac
Chapter 15.—The Doctrine of Ma
Chapter 15.—The Pelagians Prof
Chapter 15.—The Perfection of 
Chapter 15.—The Preceding Argu
Chapter 15.—The Teaching of th
Chapter 15.—They are Proud Who
Chapter 15.—What Manner of Lif
Chapter 15.—Whether All the Th
Chapter 15.—Whether It is Cred
Chapter 15.—Whether It is Suit
Chapter 15.—Whether We are to 
Chapter 15.—Whether the Bodies
Chapter 15.—Whether the Holy S
Chapter 15.—Who the Dead are W
Chapter 15.—Why God Willed tha
Chapter 15.—Why the Manichæans
Chapter 16
Chapter 16.
Chapter 16.—A Specimen of a Ca
Chapter 16.—Christ Purges His 
Chapter 16.—Concerning Apollo 
Chapter 16.—Concerning the Phi
Chapter 16.—Concerning the Rew
Chapter 16.—Disclosure of the 
Chapter 16.—God Rules Everywhe
Chapter 16.—Harmony of the Old
Chapter 16.—How Sin Died, and 
Chapter 16.—How We are to Unde
Chapter 16.—How the Image of G
Chapter 16.—Human Directions N
Chapter 16.—Ignorance is Bette
Chapter 16.—In What Manner Mos
Chapter 16.—It is Not Essentia
Chapter 16.—Of Diomede, Who Af
Chapter 16.—Of Equitable Rule.
Chapter 16.—Of Marriage Betwee
Chapter 16.—Of the Evil of Lus
Chapter 16.—Of the First Roman
Chapter 16.—Of the New Heaven 
Chapter 16.—Of the Order and N
Chapter 16.—Of the Ranks and D
Chapter 16.—Of the Things Pert
Chapter 16.—Of the Violation o
Chapter 16.—Origin of Errors; 
Chapter 16.—Our Word is Never 
Chapter 16.—Privations in Thin
Chapter 16.—Rule for Interpret
Chapter 16.—That If the Gods H
Chapter 16.—The Knowledge Both
Chapter 16.—The Laws of Grace,
Chapter 16.—The Old Philosophe
Chapter 16.—The Pelagians are 
Chapter 16.—The Remains of Dea
Chapter 16.—The Soul, Though M
Chapter 16.—What Apuleius the 
Chapter 16.—What Was the Reaso
Chapter 16.—What is Meant by t
Chapter 16.—What is Said of Go
Chapter 16.—Whether Those Ange
Chapter 16.—Whosoever Do Not P
Chapter 16.—Why God Makes of S
Chapter 16.—Why the Gift of Fa
Chapter 16—Job Foresaw that Ch
Chapter 17
Chapter 17.
Chapter 17.—Against Those Who 
Chapter 17.—Appeal to the Mani
Chapter 17.—Christ, by Forgivi
Chapter 17.—Concerning the Ark
Chapter 17.—Description of the
Chapter 17.—Disobedient Compas
Chapter 17.—How Pelagius Decei
Chapter 17.—How the Back Parts
Chapter 17.—How the Holy Spiri
Chapter 17.—How the Image of G
Chapter 17.—In How Many Ways T
Chapter 17.—Nature, in as Far 
Chapter 17.—Of Suicide Committ
Chapter 17.—Of Those Things in
Chapter 17.—Of Those Who Fancy
Chapter 17.—Of the Disasters W
Chapter 17.—Of the Endless Glo
Chapter 17.—Of the Nakedness o
Chapter 17.—Of the Rape of the
Chapter 17.—Of the Three Most 
Chapter 17.—Of the Two Fathers
Chapter 17.—Origin of the Lege
Chapter 17.—Other Advantages o
Chapter 17.—Some Commands are 
Chapter 17.—That Even Varro Hi
Chapter 17.—That the Flaw of W
Chapter 17.—That to Obtain the
Chapter 17.—The Difficulty of 
Chapter 17.—The Exclusion of B
Chapter 17.—The Faith that He 
Chapter 17.—The Memory Contain
Chapter 17.—The Nature of Erro
Chapter 17.—The Specimen of Ca
Chapter 17.—Threefold Division
Chapter 17.—To What Profit the
Chapter 17.—What Defence is Ma
Chapter 17.—What Produces Peac
Chapter 17.—What Varro Says of
Chapter 17.—Where the Kingdom 
Chapter 17.—Whether It is Prop
Chapter 17.—Whether the Bodies
Chapter 17.—Whether, If the Hi
Chapter 17.—Whom Sinners Imita
Chapter 18
Chapter 18 [XVII.]—He Discover
Chapter 18.
Chapter 18.—A More Credible Ca
Chapter 18.—Against Those Who 
Chapter 18.—But Why Should One
Chapter 18.—By “Breath” Is Sig
Chapter 18.—Faith Without Good
Chapter 18.—How Different the 
Chapter 18.—How Far Christians
Chapter 18.—How the Apostle Sa
Chapter 18.—Hyle, Which Was Ca
Chapter 18.—It is Never Allowa
Chapter 18.—No Gift of God is 
Chapter 18.—No Help is to Be D
Chapter 18.—Of Earthly Bodies,
Chapter 18.—Of Those Who Fancy
Chapter 18.—Of What is to Be B
Chapter 18.—Of the 3d, 41st, 1
Chapter 18.—Of the Beauty of t
Chapter 18.—Of the Perfect Man
Chapter 18.—Of the Repeated Ad
Chapter 18.—Of the Shame Which
Chapter 18.—Of the Symbol of t
Chapter 18.—Of the Violence Wh
Chapter 18.—Only Christ Justif
Chapter 18.—Only in the Cathol
Chapter 18.—Perfection of Righ
Chapter 18.—Some Instances of 
Chapter 18.—That the Deceitful
Chapter 18.—The Christian Orat
Chapter 18.—The Desire of Good
Chapter 18.—The Disasters Suff
Chapter 18.—The First Question
Chapter 18.—The Keys Given to 
Chapter 18.—The Opinion of the
Chapter 18.—The Preceding Argu
Chapter 18.—The Same Continued
Chapter 18.—The Significance o
Chapter 18.—The Son of God Bec
Chapter 18.—The Understanding 
Chapter 18.—The Vision of Dani
Chapter 18.—We Must Take into 
Chapter 18.—What Kind of Relig
Chapter 18.—What We Should Bel
Chapter 18.—What the Apostle P
Chapter 18.—What the History o
Chapter 18.—Whether the Senten
Chapter 18.—Why the Son of God
Chapter 18.—With What Reason T
Chapter 19
Chapter 19.
Chapter 19.—Against the Opinio
Chapter 19.—Bodily and Spiritu
Chapter 19.—Concerning Fortuna
Chapter 19.—Concerning the Dif
Chapter 19.—Concerning the Int
Chapter 19.—Crimes of the Mani
Chapter 19.—Description of the
Chapter 19.—God’s Ways Past Fi
Chapter 19.—If the Mind Has No
Chapter 19.—In What Manner the
Chapter 19.—In What Sense the 
Chapter 19.—John is Rather to 
Chapter 19.—Men’s Errors Vary 
Chapter 19.—Of Lucretia, Who P
Chapter 19.—Of Those Who Promi
Chapter 19.—Of Worlds Without 
Chapter 19.—Of the 69th Psalm,
Chapter 19.—Of the Calamity of
Chapter 19.—Of the Co-Existenc
Chapter 19.—Of the Corruption 
Chapter 19.—Of the Divine Pres
Chapter 19.—Of the Dress and H
Chapter 19.—Of the Impiety of 
Chapter 19.—On the Reasonablen
Chapter 19.—Pelagius’ Attempt 
Chapter 19.—Sins of Ignorance;
Chapter 19.—That All Bodily Bl
Chapter 19.—That Even Among Th
Chapter 19.—That It is Now Nec
Chapter 19.—That Æneas Came in
Chapter 19.—The Christian Teac
Chapter 19.—The Craft of the P
Chapter 19.—The Holy Spirit is
Chapter 19.—The Meaning of “Br
Chapter 19.—The Significance O
Chapter 19.—To Have True Exist
Chapter 19.—Two Kinds Of Heath
Chapter 19.—What It is to Acco
Chapter 19.—What in the Incarn
Chapter 19.—What the Apostle P
Chapter 19.—What, Seemingly, W
Chapter 19.—Why Does God Mingl
Chapter 19.—Wicked Men Judge O
Chapter 19.—Zacharias and Elis
Chapter 2
Chapter 2 (18).
Chapter 2 .—What is Said of th
Chapter 2.
Chapter 2.—A Certain Trinity i
Chapter 2.—At What Time the Pr
Chapter 2.—Concerning the Two 
Chapter 2.—Every Corporeal Con
Chapter 2.—Faith a Thing of th
Chapter 2.—God the Only Unchan
Chapter 2.—God, Although Incom
Chapter 2.—He Begins with Argu
Chapter 2.—How It Often Happen
Chapter 2.—How This May Suffic
Chapter 2.—How Varro, by Remov
Chapter 2.—How We are Rendered
Chapter 2.—If the Light that i
Chapter 2.—In What Manner This
Chapter 2.—It is Lawful for a 
Chapter 2.—Man Alone of Animat
Chapter 2.—No One at All Loves
Chapter 2.—Of Carnal Life, Whi
Chapter 2.—Of God and His Excl
Chapter 2.—Of Those Things Whi
Chapter 2.—Of that Death Which
Chapter 2.—Of the Children of 
Chapter 2.—Of the Eternal and 
Chapter 2.—Of the Kind of Sign
Chapter 2.—Of the Kings and Ti
Chapter 2.—Of the Knowledge of
Chapter 2.—On the Difference i
Chapter 2.—Recapitulation of t
Chapter 2.—Rule for Removing A
Chapter 2.—That It is Quite Co
Chapter 2.—That Some Ways of S
Chapter 2.—That There is No En
Chapter 2.—That in the Mingled
Chapter 2.—The Catholic Faith 
Chapter 2.—The Father and the 
Chapter 2.—The Fear of God is 
Chapter 2.—The Opinion of Plot
Chapter 2.—The Three Things Wh
Chapter 2.—The Will of God is 
Chapter 2.—There is a Kind of 
Chapter 2.—To What Extent the 
Chapter 2.—What Evil is. That 
Chapter 2.—What Was Prophetica
Chapter 2.—What We are to Beli
Chapter 2.—What a Thing Is, an
Chapter 2.—Whether Among the D
Chapter 2.—Whether It is Possi
Chapter 2.—Whether the Gods, W
Chapter 2.—Who are the Select 
Chapter 2.—Why Heretical Writi
Chapter 2.—Why the Manichæans 
Chapter 20
Chapter 20.
Chapter 20.—Against Eunomius, 
Chapter 20.—Ambrose on God’s C
Chapter 20.—Concerning Virtue 
Chapter 20.—Concerning the Rit
Chapter 20.—Consistency of Goo
Chapter 20.—Did God Promise th
Chapter 20.—Disgraceful Conduc
Chapter 20.—Every Error is Not
Chapter 20.—Examples of the Va
Chapter 20.—God’s Agency is Ne
Chapter 20.—How It is that Cai
Chapter 20.—In Me, that Is, in
Chapter 20.—Of David’s Reign a
Chapter 20.—Of Israel’s Bondag
Chapter 20.—Of Those Who Promi
Chapter 20.—Of the Destruction
Chapter 20.—Of the Foolish Bea
Chapter 20.—Of the Impiety of 
Chapter 20.—Of the Kind of Hap
Chapter 20.—Of the Kind of Kno
Chapter 20.—Of the Parting of 
Chapter 20.—Of the Succession 
Chapter 20.—Of the Supreme and
Chapter 20.—Of the Words Which
Chapter 20.—Original Sin Alone
Chapter 20.—Original Sin is De
Chapter 20.—Other Ways of Taki
Chapter 20.—Pain Only in Good 
Chapter 20.—Paul Worthy to Be 
Chapter 20.—Pelagius Provides 
Chapter 20.—Refutation of the 
Chapter 20.—That Christians Ha
Chapter 20.—That It is as Sham
Chapter 20.—That the Flesh Now
Chapter 20.—That the Saints ar
Chapter 20.—That, in the Resur
Chapter 20.—The Law Without Gr
Chapter 20.—The Question Answe
Chapter 20.—The Resurrection t
Chapter 20.—The Sender and the
Chapter 20.—The Sting of Death
Chapter 20.—The Superstitious 
Chapter 20.—Victor Quotes Scri
Chapter 20.—We are Required to
Chapter 20.—What Has Been Trea
Chapter 20.—What the Same Apos
Chapter 20.—Whether We are to 
Chapter 20.—Why the Righteousn
Chapter 21
Chapter 21 .—Of the Power Dele
Chapter 21.
Chapter 21.—Augustin Complimen
Chapter 21.—Cicero’s Opinion o
Chapter 21.—Concerning the Sha
Chapter 21.—David Not Lustful,
Chapter 21.—Error, Though Not 
Chapter 21.—Examples of the Va
Chapter 21.—From Measure Thing
Chapter 21.—It is to Be Wonder
Chapter 21.—Man Does No Good T
Chapter 21.—Neither Body Nor S
Chapter 21.—No Condemnation in
Chapter 21.—Of God’s Eternal a
Chapter 21.—Of Paradise, that 
Chapter 21.—Of Those Who Asser
Chapter 21.—Of the Babylonish 
Chapter 21.—Of the Cases in Wh
Chapter 21.—Of the Ingratitude
Chapter 21.—Of the Kings After
Chapter 21.—Of the Kings of La
Chapter 21.—Of the Likeness of
Chapter 21.—Of the New Spiritu
Chapter 21.—Of the Sensible Sh
Chapter 21.—Of the Third Promi
Chapter 21.—Pelagius, in Imita
Chapter 21.—Popular Renown and
Chapter 21.—Superstition of As
Chapter 21.—That Although Not 
Chapter 21.—That Man’s Transgr
Chapter 21.—That Righteousness
Chapter 21.—That There Was Cre
Chapter 21.—That the Roman Dom
Chapter 21.—The Second Passage
Chapter 21.—This Region of Lig
Chapter 21.—To What Extent the
Chapter 21.—Utterances of the 
Chapter 21.—Whether There Ever
Chapter 21.—Whether the Gods U
Chapter 21.—Who May Be Underst
Chapter 21.—Why It is That, as
Chapter 22
Chapter 22 .—The Folly of Obse
Chapter 22.
Chapter 22.—A Lie is Not Allow
Chapter 22.—Concerning Neptune
Chapter 22.—Concerning the Kno
Chapter 22.—Fortitude Comes fr
Chapter 22.—Further References
Chapter 22.—God Alone to Be En
Chapter 22.—God’s Promise is S
Chapter 22.—How Great the Unli
Chapter 22.—It is an Absurdity
Chapter 22.—Measure in Some Se
Chapter 22.—Names Do Not Imply
Chapter 22.—Nature of Human Ri
Chapter 22.—No Man Justified b
Chapter 22.—Of Abraham’s Overc
Chapter 22.—Of Jeroboam, Who P
Chapter 22.—Of Those Who Do No
Chapter 22.—Of Those Who Fancy
Chapter 22.—Of the Conjugal Un
Chapter 22.—Of the Edict of Mi
Chapter 22.—Of the Fall of the
Chapter 22.—Of the Miseries an
Chapter 22.—Of the Six Ages of
Chapter 22.—Rule Regarding Pas
Chapter 22.—Shall We Be Ashame
Chapter 22.—That God Foreknew 
Chapter 22.—That Rome Was Foun
Chapter 22.—That Suicide Can N
Chapter 22.—That We Must, Notw
Chapter 22.—That the Bodies of
Chapter 22.—That the Roman God
Chapter 22.—The Difference Bet
Chapter 22.—The Durations and 
Chapter 22.—The Form of the Re
Chapter 22.—The Necessity of V
Chapter 22.—True Children of G
Chapter 22.—Victor’s Third Quo
Chapter 22.—What is Meant by t
Chapter 22.—Whence the Saints 
Chapter 22.—Whether the God Wh
Chapter 22.—Why the Passage Re
Chapter 23
Chapter 23.
Chapter 23.—Against Those Who 
Chapter 23.—Augustin Dwells St
Chapter 23.—Concerning Felicit
Chapter 23.—Concerning the Ear
Chapter 23.—Concerning the War
Chapter 23.—Epilogue.
Chapter 23.—Further References
Chapter 23.—His Fourth Quotati
Chapter 23.—How the Various St
Chapter 23.—Man Needs No Injun
Chapter 23.—Nothing is Command
Chapter 23.—Obstinacy Makes th
Chapter 23.—Of the Error in Wh
Chapter 23.—Of the Erythræan S
Chapter 23.—Of the Internal Di
Chapter 23.—Of the Miseries of
Chapter 23.—Of the Mission of 
Chapter 23.—Of the Nature of t
Chapter 23.—Of the Principles 
Chapter 23.—Of the Varying Con
Chapter 23.—Of the Word of the
Chapter 23.—Porphyry’s Account
Chapter 23.—Rule Regarding the
Chapter 23.—Scripture Precepts
Chapter 23.—Summary of the Res
Chapter 23.—That the Name of G
Chapter 23.—That the Vicissitu
Chapter 23.—The Anthropomorphi
Chapter 23.—There is No True R
Chapter 23.—Those Who are Call
Chapter 23.—What Daniel Predic
Chapter 23.—What Hermes Trisme
Chapter 23.—What We are to Thi
Chapter 23.—What We are to Und
Chapter 23.—Whence a Bad Measu
Chapter 23.—Whether Generation
Chapter 23.—Whether We are to 
Chapter 23.—Why We Repudiate A
Chapter 23.—Why for the People
Chapter 24
Chapter 24.
Chapter 24.—Abraham’s Bosom—Wh
Chapter 24.—Against Those Who 
Chapter 24.—An Objection of th
Chapter 24.—Concerning the Sur
Chapter 24.—Even the Sins of t
Chapter 24.—He Concludes that 
Chapter 24.—How Hermes Openly 
Chapter 24.—How We Must Unders
Chapter 24.—How We are to Unde
Chapter 24.—It is Proved by th
Chapter 24.—Lust and Shame Com
Chapter 24.—No Man Hates His O
Chapter 24.—Of Justice and Pru
Chapter 24.—Of the Blessings w
Chapter 24.—Of the Church in I
Chapter 24.—Of the Civil Disse
Chapter 24.—Of the Deeds of Sy
Chapter 24.—Of the Divine Trin
Chapter 24.—Of the Meaning of 
Chapter 24.—Of the Number of N
Chapter 24.—Of the One Only Tr
Chapter 24.—Of the Prophets, W
Chapter 24.—Passages from the 
Chapter 24.—Pelagius Places Fr
Chapter 24.—Pelagius’ Long Res
Chapter 24.—That If Men Had Re
Chapter 24.—That No One is Jud
Chapter 24.—That in that Virtu
Chapter 24.—That the Seven Sag
Chapter 24.—The Character of t
Chapter 24.—The Definition Whi
Chapter 24.—The Dilemma Propos
Chapter 24.—The Effects Produc
Chapter 24.—The Infirmity of t
Chapter 24.—The Intercourse an
Chapter 24.—The Passage in Cor
Chapter 24.—The Reasons by Whi
Chapter 24.—The Secondary Caus
Chapter 24.—What Was the Happi
Chapter 24.—Whether the Angels
Chapter 25
Chapter 25 [XXII.]—The Condemn
Chapter 25.
Chapter 25.—A Man May Love Som
Chapter 25.—Concerning the One
Chapter 25.—Concerning the Pro
Chapter 25.—Four Moral Duties 
Chapter 25.—God Punishes Both 
Chapter 25.—God’s Judgments Up
Chapter 25.—How Powerfully the
Chapter 25.—How the Temperate 
Chapter 25.—In Human Instituti
Chapter 25.—Infants are Descri
Chapter 25.—Just as the Mother
Chapter 25.—Of Constancy in th
Chapter 25.—Of Malachi’s Proph
Chapter 25.—Of Sarah’s Handmai
Chapter 25.—Of True Blessednes
Chapter 25.—Of the Anger of Go
Chapter 25.—Of the Division of
Chapter 25.—Of the Obstinacy o
Chapter 25.—Of the Temple of C
Chapter 25.—Omnipotence Create
Chapter 25.—That All the Saint
Chapter 25.—That God Alone is 
Chapter 25.—That We Should Not
Chapter 25.—That Where There i
Chapter 25.—The Interpretation
Chapter 25.—The Passage in Rom
Chapter 25.—The Question Why t
Chapter 25.—The Same Word Does
Chapter 25.—Therefore Rebuke i
Chapter 25.—This Last Expressi
Chapter 25.—What Philosophers 
Chapter 25.—Whether Those Who 
Chapter 26
Chapter 26 [XXIII.]—The Pelagi
Chapter 26.
Chapter 26.—Concerning the Abo
Chapter 26.—Further Appeals to
Chapter 26.—In Every Style the
Chapter 26.—Love of Ourselves 
Chapter 26.—No Fruit Good Exce
Chapter 26.—Obscure Passages a
Chapter 26.—Of God’s Attestati
Chapter 26.—Of Porphyry’s Weak
Chapter 26.—Of that Opinion of
Chapter 26.—Of the Formal Admi
Chapter 26.—Of the Image of th
Chapter 26.—Of the Peace Which
Chapter 26.—Of the Sacrifices 
Chapter 26.—Of the Scenic Play
Chapter 26.—Of the Various Kin
Chapter 26.—On the Faith and P
Chapter 26.—That All the Relig
Chapter 26.—That Creatures are
Chapter 26.—That We are to Bel
Chapter 26.—That at the Time W
Chapter 26.—That in Certain Pe
Chapter 26.—That the Ark Which
Chapter 26.—That the Demons Ga
Chapter 26.—That the Opinion o
Chapter 26.—The Command to Lov
Chapter 26.—The Holy Spirit Tw
Chapter 26.—The Manicheans Do 
Chapter 26.—The Manichæans are
Chapter 26.—The Pelagians Cont
Chapter 26.—Through Adam’s Sin
Chapter 26.—What Human Contriv
Chapter 26.—What It is to Have
Chapter 26.—Whatever is Born T
Chapter 27
Chapter 27.
Chapter 27.—"From Him" And "Of
Chapter 27.—Against the Belief
Chapter 27.—Concerning the Fig
Chapter 27.—Concerning the Nat
Chapter 27.—Concerning the Thr
Chapter 27.—Even Evils, Throug
Chapter 27.—In What Sense Lust
Chapter 27.—Infants Must Feed 
Chapter 27.—Is the Soul Wounde
Chapter 27.—Of Existence, and 
Chapter 27.—Of the Angels and 
Chapter 27.—Of the Apparently 
Chapter 27.—Of the Ark and the
Chapter 27.—Of the Civil War B
Chapter 27.—Of the Impiety of 
Chapter 27.—Of the Male, Who W
Chapter 27.—Of the Prophecies 
Chapter 27.—Of the Separation 
Chapter 27.—Of the Times of th
Chapter 27.—On Doing Good to t
Chapter 27.—One Passage Suscep
Chapter 27.—Reference to the “
Chapter 27.—Some Departments o
Chapter 27.—That the Obsceniti
Chapter 27.—That the Peace of 
Chapter 27.—That the Whole Ple
Chapter 27.—The Answer.
Chapter 27.—The Beauty of the 
Chapter 27.—The Book of Wisdom
Chapter 27.—The Man Whose Life
Chapter 27.—The Order of Love.
Chapter 27.—The Pelagians Argu
Chapter 27.—The State of Miser
Chapter 27.—What It is that Su
Chapter 27.—Whether Voluntary 
Chapter 28
Chapter 28.
Chapter 28.— It is Safer to Ex
Chapter 28.—A Natural Figure o
Chapter 28.—Baptized Infants, 
Chapter 28.—By What Judgment o
Chapter 28.—Cyprian’s Orthodox
Chapter 28.—Cyprian’s Treatise
Chapter 28.—Faith is the Gift 
Chapter 28.—How It is that Por
Chapter 28.—How We are to Deci
Chapter 28.—Is the Soul Deform
Chapter 28.—Manichæus Places F
Chapter 28.—Of the Change of N
Chapter 28.—Of the Nature of t
Chapter 28.—Of the Things Pert
Chapter 28.—Of the Victory of 
Chapter 28.—On Doing Good to t
Chapter 28.—Sin Not From God, 
Chapter 28.—That the Christian
Chapter 28.—That the Doctrine 
Chapter 28.—That the Law of Mo
Chapter 28.—The Conclusion of 
Chapter 28.—The End of the Wic
Chapter 28.—The First Man Hims
Chapter 28.—To What Extent His
Chapter 28.—Truth is More Impo
Chapter 28.—What Plato or Labe
Chapter 28.—When the Rebelliou
Chapter 28.—Whether We Ought t
Chapter 28.—Whether the Worshi
Chapter 29
Chapter 29.
Chapter 29.—A Comparison of th
Chapter 29.—A Subterfuge of th
Chapter 29.—An Exhortation to 
Chapter 29.—God is Able to Con
Chapter 29.—God’s Dealing Does
Chapter 29.—God’s True Grace C
Chapter 29.—It is Permissible 
Chapter 29.—Of the Authority o
Chapter 29.—Of the Beatific Vi
Chapter 29.—Of the Coming of E
Chapter 29.—Of the Falsity of 
Chapter 29.—Of the Incarnation
Chapter 29.—Of the Knowledge b
Chapter 29.—Of the Three Men o
Chapter 29.—That All Things Wh
Chapter 29.—That God is Not De
Chapter 29.—The Knowledge of T
Chapter 29.—The Refutation of 
Chapter 29.—The Restored Part 
Chapter 29.—The Righteous Men 
Chapter 29.—The Same Continued
Chapter 29.—To What Extent Nat
Chapter 29.—We are to Desire a
Chapter 29.—What Things are Pr
Chapter 29.—What the Servants 
Chapter 3
Chapter 3 (19).
Chapter 3.
Chapter 3.—A Brief Recapitulat
Chapter 3.—A Difficulty Remove
Chapter 3.—Among Signs, Words 
Chapter 3.—Augustin Once a Man
Chapter 3.—Concerning the Argu
Chapter 3.—God is Besought for
Chapter 3.—God is to Be Worshi
Chapter 3.—Happiness is in the
Chapter 3.—How Far the Maniche
Chapter 3.—How God May Be Know
Chapter 3.—How It is Proved th
Chapter 3.—How Much Do We Know
Chapter 3.—How Pronunciation S
Chapter 3.—How There is No Rea
Chapter 3.—If Evil is Defined 
Chapter 3.—Measure, Form, and 
Chapter 3.—Of the Authority of
Chapter 3.—Of the Full Narrati
Chapter 3.—Of the Generations 
Chapter 3.—Of the Promise of E
Chapter 3.—Of the Same Argumen
Chapter 3.—Of the Socratic Phi
Chapter 3.—Of the Son of God, 
Chapter 3.—Of the Three-Fold M
Chapter 3.—Pelagius Makes God 
Chapter 3.—Scriptural Confirma
Chapter 3.—Sinners are Convict
Chapter 3.—Some Desires Being 
Chapter 3.—Some Things Concern
Chapter 3.—Some Things are for
Chapter 3.—That Sarah’s Barren
Chapter 3.—That We Need Only t
Chapter 3.—That When the Mind 
Chapter 3.—That the Enemies of
Chapter 3.—That the Gods Could
Chapter 3.—That the Platonists
Chapter 3.—That the Romans Did
Chapter 3.—That the Sin is Cau
Chapter 3.—That the Unity of t
Chapter 3.—The Argument of the
Chapter 3.—The Difference Betw
Chapter 3.—The Higher Reason W
Chapter 3.—The Image of the Tr
Chapter 3.—The One Death and R
Chapter 3.—The Proper Age and 
Chapter 3.—The Same Continued.
Chapter 3.—The Unity of the Th
Chapter 3.—Theirs is Comparati
Chapter 3.—Varro’s Distributio
Chapter 3.—What Apuleius Attri
Chapter 3.—What Augustin Reque
Chapter 3.—What Kings Reigned 
Chapter 3.—What Solomon, in th
Chapter 3.—Whether Bodily Suff
Chapter 3.—Whether Death, Whic
Chapter 3.—Whether the Great E
Chapter 3.—Which of the Three 
Chapter 3.—Why He Addresses Hi
Chapter 3.—Why the Son Chiefly
Chapter 30
Chapter 30.
Chapter 30.—All Will is Either
Chapter 30.—Augustin Claims th
Chapter 30.—How Piety Distingu
Chapter 30.—Is Corporeity Nece
Chapter 30.—Men are Not Saved 
Chapter 30.—Of Lot’s Deliveran
Chapter 30.—Of the Connection 
Chapter 30.—Of the Eternal Fel
Chapter 30.—Of the Perfection 
Chapter 30.—Porphyry’s Emendat
Chapter 30.—Secondly, of Marri
Chapter 30.—That Good Things, 
Chapter 30.—That Those Who Com
Chapter 30.—That in the Books 
Chapter 30.—The Church Apostro
Chapter 30.—The Grace by Which
Chapter 30.—The Incarnation of
Chapter 30.—The New Law Writte
Chapter 30.—The Number of Good
Chapter 30.—The Preacher Shoul
Chapter 30.—The Rules of Ticho
Chapter 30.—The Testimonies of
Chapter 30.—What Kind of Thing
Chapter 30.—What Micah, Jonah,
Chapter 30.—What the Mechanica
Chapter 30.—Whether Angels are
Chapter 30.—Why One is Baptize
Chapter 30—The Danger of Argui
Chapter 31
Chapter 31.
Chapter 31.—Against the Argume
Chapter 31.—Apology for the Le
Chapter 31.—By What Steps the 
Chapter 31.—Christ Predestinat
Chapter 31.—Christ’s Incarnati
Chapter 31.—Concerning the Opi
Chapter 31.—Faith Itself is th
Chapter 31.—God Uses Rather Th
Chapter 31.—Grace is Given to 
Chapter 31.—Infants are Not Ju
Chapter 31.—Of Isaac, Who Was 
Chapter 31.—Of the Predictions
Chapter 31.—Of the Seventh Day
Chapter 31.—That It is Effront
Chapter 31.—The Argument of th
Chapter 31.—The First Man Had 
Chapter 31.—The First Rule of 
Chapter 31.—The Life of the An
Chapter 31.—The Order and Proc
Chapter 31.—The Same Subject C
Chapter 31.—The Testimonies of
Chapter 31.—Thirdly, of Conjug
Chapter 31.—To Punish and to F
Chapter 31.—Use of Dialectics.
Chapter 31.—What Benefits God 
Chapter 32
Chapter 32.
Chapter 32.—From God Also is t
Chapter 32.—God’s Sovereignity
Chapter 32.—In What Interest t
Chapter 32.—In What Way God Us
Chapter 32.—Inconsistency of G
Chapter 32.—Manichæus Got the 
Chapter 32.—Of Abraham’s Obedi
Chapter 32.—Of the Establishme
Chapter 32.—Of the Opinion tha
Chapter 32.—Of the Prophecy th
Chapter 32.—Of the Universal W
Chapter 32.—Praise of the Cler
Chapter 32.—That at No Time in
Chapter 32.—The Case of Certai
Chapter 32.—The Freedom of the
Chapter 32.—The Gifts of Grace
Chapter 32.—The Second Rule of
Chapter 32.—Valid Logical Sequ
Chapter 32.—When Good Will Be 
Chapter 32.—Why the Pelagians 
Chapter 33
Chapter 33.
Chapter 33.—Another Kind of Me
Chapter 33.—Augustin Has No Ob
Chapter 33.—Christ is the Savi
Chapter 33.—Every Nature, as N
Chapter 33.—False Inferences M
Chapter 33.—God Gives Both Ini
Chapter 33.—In What Way Man Sh
Chapter 33.—It is in the Power
Chapter 33.—Men, Being by Natu
Chapter 33.—Of Rebecca, the Gr
Chapter 33.—Of the Two Differe
Chapter 33.—Opposition of the 
Chapter 33.—That Evil Angels H
Chapter 33.—That Only Through 
Chapter 33.—That the Overthrow
Chapter 33.—That the Times of 
Chapter 33.—The Phenix After D
Chapter 33.—The Prophecy of Je
Chapter 33.—The Shame of Naked
Chapter 33.—The Third Rule of 
Chapter 33.—Through Grace We H
Chapter 33.—What Jeremiah and 
Chapter 34
Chapter 34.
Chapter 34.—Christ the First W
Chapter 34.—Concerning the Boo
Chapter 34.—Concerning the Kin
Chapter 34.—How Concupiscence 
Chapter 34.—It is One Thing to
Chapter 34.—Nature Cannot Be W
Chapter 34.—Of God’s Clemency 
Chapter 34.—Of the Idea that t
Chapter 34.—Of the Prophecy of
Chapter 34.—Pelagius Says that
Chapter 34.—That Sin is Not th
Chapter 34.—The Aid Without Wh
Chapter 34.—The Apostle’s Eulo
Chapter 34.—The Calling Togeth
Chapter 34.—The Church is Not 
Chapter 34.—The Fourth Rule of
Chapter 34.—The Ineffable Myst
Chapter 34.—The Law; Grace.
Chapter 34.—The Mistakes Which
Chapter 34.—The Same Continued
Chapter 34.—What is Meant by A
Chapter 35
Chapter 35 .—The Science of De
Chapter 35.
Chapter 35.—Commendations of L
Chapter 35.—Concerning the Hyd
Chapter 35.—Desire in Paradise
Chapter 35.—Do Angels Appear t
Chapter 35.—Evil Alone is Corr
Chapter 35.—Jesus Christ, Bein
Chapter 35.—Marriage and Prope
Chapter 35.—Of the Prophecy of
Chapter 35.—Of the Sons of the
Chapter 35.—The Fifth Rule of 
Chapter 35.—The Fulfillment an
Chapter 35.—The Same Continued
Chapter 35.—The Tree Was Forbi
Chapter 35.—There is a Greater
Chapter 35.—Unless Infants are
Chapter 35.—What Predestinatio
Chapter 35.—What Was Indicated
Chapter 36
Chapter 36.
Chapter 36.—About Esdras and t
Chapter 36.—Even Now While We 
Chapter 36.—God Chose the Righ
Chapter 36.—God Not Only Forek
Chapter 36.—Infants Not Enligh
Chapter 36.—Love Commended by 
Chapter 36.—No Creature of God
Chapter 36.—Of the Oracle and 
Chapter 36.—That Interpretatio
Chapter 36.—The Grace of God i
Chapter 36.—The Preaching of t
Chapter 36.—The Rules of Eloqu
Chapter 36.—The Same Continued
Chapter 36.—The Sixth Rule of 
Chapter 36.—The Source of Evil
Chapter 37
Chapter 37.
Chapter 37.—Dangers of Mistake
Chapter 37.—Ears to Hear are a
Chapter 37.—God Alone Perfectl
Chapter 37.—God Makes Good Use
Chapter 37.—How God Enlightens
Chapter 37.—Of the Things Myst
Chapter 37.—That Prophetic Rec
Chapter 37.—The Same Grace is 
Chapter 37.—The Seventh Rule o
Chapter 37.—To a Sound Will is
Chapter 37.—Use of Rhetoric an
Chapter 37.—We Were Elected an
Chapter 37—The Same Continued.
Chapter 38
Chapter 38.
Chapter 38.—Eternal Fire Tortu
Chapter 38.—Jesus Christ, Acco
Chapter 38.—Love Never Faileth
Chapter 38.—Nature Made by God
Chapter 38.—Of Jacob’s Mission
Chapter 38.—That the Ecclesias
Chapter 38.—The Science of Num
Chapter 38.—We Would Not Love 
Chapter 38.—What is the Nature
Chapter 38.—What “Lighteth” Me
Chapter 39
Chapter 39 [XIII.]—The Number 
Chapter 39 [XVI.]—The Same Con
Chapter 39 [XXIV.]—Man Born of
Chapter 39.
Chapter 39.—About the Hebrew W
Chapter 39.—Concluding Admonit
Chapter 39.—Fire is Called Ete
Chapter 39.—He Who is Mature i
Chapter 39.—In What Sense Evil
Chapter 39.—Not Everything tha
Chapter 39.—Pelagius Glorifies
Chapter 39.—The Reason Why Jac
Chapter 39.—The Spirit of Fear
Chapter 39.—To Which of the Ab
Chapter 39—The Beginning of Fa
Chapter 4
Chapter 4 (20).
Chapter 4.
Chapter 4.—A Difficulty as Reg
Chapter 4.—About the Prefigure
Chapter 4.—Against the Wise Me
Chapter 4.—Coelestius Concedes
Chapter 4.—Concerning Plato, t
Chapter 4.—Concerning the Twin
Chapter 4.—Continuation of the
Chapter 4.—Difference of Use a
Chapter 4.—Even the Soul of a 
Chapter 4.—Evil is Corruption 
Chapter 4.—Examples from Natur
Chapter 4.—God Must First Be K
Chapter 4.—God Uses All Creatu
Chapter 4.—How Ambiguities May
Chapter 4.—How It Was Brought 
Chapter 4.—How Like Kingdoms W
Chapter 4.—How This Unity Come
Chapter 4.—How the Mind Knows 
Chapter 4.—Man—What?
Chapter 4.—Of Varro’s Opinion,
Chapter 4.—Of the Asylum of Ju
Chapter 4.—Of the Conflict and
Chapter 4.—Of the Diversity of
Chapter 4.—Of the Nature of Ir
Chapter 4.—Of the Son of God a
Chapter 4.—Of the Times of Jac
Chapter 4.—Origin of Writing.
Chapter 4.—Pelagius’ System of
Chapter 4.—Proofs of the Catho
Chapter 4.—That Proofs of the 
Chapter 4.—That Sacrifice is D
Chapter 4.—That from the Dispu
Chapter 4.—That the Great Reas
Chapter 4.—That the World is N
Chapter 4.—That the Worshipper
Chapter 4.—The Accidental Alwa
Chapter 4.—The Difference Betw
Chapter 4.—The Divine Commands
Chapter 4.—The Duty of the Chr
Chapter 4.—The Glorification o
Chapter 4.—The Image of God is
Chapter 4.—The Inferior Gods, 
Chapter 4.—The Opinion of the 
Chapter 4.—The Questions Propo
Chapter 4.—The Ratio of the Si
Chapter 4.—The Same Argument C
Chapter 4.—The Same Continued.
Chapter 4.—The Three are One, 
Chapter 4.—The Trinity and the
Chapter 4.—The Two Contrary Er
Chapter 4.—The Will to Possess
Chapter 4.—Theirs is a Much Mo
Chapter 4.—Three Leading Point
Chapter 4.—To Believe the Soul
Chapter 4.—What It is to Live 
Chapter 4.—What Universal Natu
Chapter 4.—What the Christians
Chapter 4.—What the Doctrine o
Chapter 4.—Why Death, the Puni
Chapter 40
Chapter 40 [XVII.]—The Same Co
Chapter 40.
Chapter 40.—About the Most Men
Chapter 40.—An Argument Antici
Chapter 40.—Christ’s Birth Thr
Chapter 40.—Corruption Tends t
Chapter 40.—How It is Said tha
Chapter 40.—Neither Can God Su
Chapter 40.—No One is Certain 
Chapter 40.—What Manner of Rea
Chapter 40.—Whatever Has Been 
Chapter 40.—When the Truth Mus
Chapter 41
Chapter 41.
Chapter 41.—About the Discord 
Chapter 41.—Augustin Indulgent
Chapter 41.—Children of Believ
Chapter 41.—Christ, Who Was Hi
Chapter 41.—Corruption is by G
Chapter 41.—Even in Judgment G
Chapter 41.—From the First Epi
Chapter 41.—Further Apostolic 
Chapter 41.—How Great Good Thi
Chapter 41.—Of the Blessing Wh
Chapter 41.—Predestination Def
Chapter 41.—Restoration of Nat
Chapter 41.—The Law Written in
Chapter 41.—What Kind of Spiri
Chapter 41.—Whether Holy Men H
Chapter 42
Chapter 42.
Chapter 42.—By What Dispensati
Chapter 42.—Exhortation to the
Chapter 42.—From the First Epi
Chapter 42.—Manichæan Blasphem
Chapter 42.—Of the Sons of Jos
Chapter 42.—Old Testament Test
Chapter 42.—Sacred Scripture C
Chapter 42.—Sanctification Man
Chapter 42.—The Adversaries Ca
Chapter 42.—The Pelagians Try 
Chapter 42.—The Reprobate are 
Chapter 42.—The Sacrament of B
Chapter 43
Chapter 43.
Chapter 43.—Baptism and the Gr
Chapter 43.—Conclusion.
Chapter 43.—From the Epistle t
Chapter 43.—Further Developmen
Chapter 43.—God Operates on Me
Chapter 43.—Many Evils Before 
Chapter 43.—Of the Authority o
Chapter 43.—Of the Times of Mo
Chapter 43.—The Good Tree in t
Chapter 44
Chapter 44 [XX.]—The Acquittal
Chapter 44.
Chapter 44.—An Objection of th
Chapter 44.—Exhortation to Wis
Chapter 44.—From the Epistles 
Chapter 44.—How the Threat of 
Chapter 44.—In Speaking of Sin
Chapter 44.—In What Way God Wi
Chapter 44.—Incredible Turpitu
Chapter 44.—Pelagius Argues th
Chapter 44.—The Answer Is, tha
Chapter 45
Chapter 45 [XXI.]—Pelagius’ Ac
Chapter 45.
Chapter 45.—Answer to This Arg
Chapter 45.—Certain Unspeakabl
Chapter 45.—Exhortation to Oth
Chapter 45.—From the Epistle t
Chapter 45.—In Adam’s First Si
Chapter 45.—It is Not by Their
Chapter 45.—Man’s Deliverance 
Chapter 45.—Scriptural Instanc
Chapter 45.—That the Jews Ceas
Chapter 46
Chapter 46.
Chapter 46.—A Man Who Does Not
Chapter 46.—Difficulty of Beli
Chapter 46.—From the Epistle t
Chapter 46.—How the Passage of
Chapter 46.—It is Probable tha
Chapter 46.—Of the Birth of Ou
Chapter 46.—The Reign of Death
Chapter 46.—The Unspeakable Do
Chapter 47
Chapter 47.
Chapter 47.—Another Interpreta
Chapter 47.—From the Epistle t
Chapter 47.—He Compels to the 
Chapter 47.—It is Difficult to
Chapter 47.—Predestination is 
Chapter 47.—The Scriptures Rep
Chapter 47.—Whether Before Chr
Chapter 48
Chapter 48.
Chapter 48.—Augustin Prays tha
Chapter 48.—Christ the Saviour
Chapter 48.—From the Epistles 
Chapter 48.—Original Sin Arose
Chapter 48.—Pelagius Rightly C
Chapter 48.—That Haggai’s Prop
Chapter 48.—The Guilt of the F
Chapter 48.—The Image of God i
Chapter 48.—The Purpose of Reb
Chapter 49
Chapter 49.
Chapter 49.—Christ Was Not Reg
Chapter 49.—Conclusion.
Chapter 49.—From the Epistle t
Chapter 49.—Further References
Chapter 49.—Of the Indiscrimin
Chapter 49.—The Grace Promised
Chapter 4—The Children of God 
Chapter 5
Chapter 5 (21).
Chapter 5.
Chapter 5.—Against the Title o
Chapter 5.—As the Wicked Make 
Chapter 5.—Baptism Puts Away A
Chapter 5.—Brief Answers to Th
Chapter 5.—Concerning the More
Chapter 5.—Concerning the Thre
Chapter 5.—Cæsar’s Statement R
Chapter 5.—Examination of Vict
Chapter 5.—Free Choice Did Not
Chapter 5.—He Shows that Ignor
Chapter 5.—How Difficult It is
Chapter 5.—How Vicious Souls, 
Chapter 5.—How the Trinity May
Chapter 5.—If Evil is Defined 
Chapter 5.—In God, Substance i
Chapter 5.—In What Manner the 
Chapter 5.—It is a Wretched Sl
Chapter 5.—Man’s Chief Good is
Chapter 5.—Nothing is Spoken o
Chapter 5.—Of Apis King of Arg
Chapter 5.—Of Christ’s Passion
Chapter 5.—Of Difficulties Con
Chapter 5.—Of God’s Coming Dow
Chapter 5.—Of Those Things Whi
Chapter 5.—Of the Fratricidal 
Chapter 5.—Of the Obscenities 
Chapter 5.—Of the Resurrection
Chapter 5.—Of the Runaway Glad
Chapter 5.—Of the Sacrifices W
Chapter 5.—Of the Same Thing.
Chapter 5.—Of the Social Life,
Chapter 5.—Scripture Translate
Chapter 5.—That It is Especial
Chapter 5.—That It is Not Cred
Chapter 5.—That There are Many
Chapter 5.—That These Three ar
Chapter 5.—That We Ought Not t
Chapter 5.—That in All Natures
Chapter 5.—That the Opinion of
Chapter 5.—That the Passions W
Chapter 5.—That the Person Who
Chapter 5.—The Corrupted Natur
Chapter 5.—The Holy Spirit Als
Chapter 5.—The Number Six is A
Chapter 5.—The Opinion Which D
Chapter 5.—The Passages in Whi
Chapter 5.—The Same Continued.
Chapter 5.—The Second Petition
Chapter 5.—The Son and Holy Sp
Chapter 5.—The Trinity of the 
Chapter 5.—The Trinity the Tru
Chapter 5.—To Believe is to Th
Chapter 5.—What is the Special
Chapter 5.—Whether the Mind of
Chapter 5.—Why Miracles are No
Chapter 5.—Why the Soul is Enj
Chapter 5.—Wisdom of More Impo
Chapter 50
Chapter 50.
Chapter 50.—Ambrose Teaches th
Chapter 50.—Christ Took Away N
Chapter 50.—From the Epistle t
Chapter 50.—Obedience Not Disc
Chapter 50.—Of the Preaching o
Chapter 50.—Pelagius Has No Go
Chapter 50.—The Rise and Origi
Chapter 51
Chapter 51.
Chapter 51.—All Men Born of Ad
Chapter 51.—Faith the Ground o
Chapter 51.—From the Apocalyps
Chapter 51.—That the Catholic 
Chapter 51.—To Call Those that
Chapter 51.—Why the Devil is S
Chapter 52
Chapter 52.
Chapter 52.—From the Acts of t
Chapter 52.—In Baptism, Which 
Chapter 52.—Previous Writings 
Chapter 52.—The Whole Discussi
Chapter 52.—Whether We Should 
Chapter 53
Chapter 53.
Chapter 53.—Augustin’s “Confes
Chapter 53.—Christ’s Cross and
Chapter 53.—Of the Hidden Time
Chapter 53.—The Utility of the
Chapter 54
Chapter 54.
Chapter 54.—By the Sacrifices 
Chapter 54.—Christ’s Second Co
Chapter 54.—Of the Very Foolis
Chapter 54.—Whether Faith Be i
Chapter 55
Chapter 55.
Chapter 55.—Pelagius’ Letter D
Chapter 55.—Testimony of His P
Chapter 55.—The Expression, “C
Chapter 55.—To Recover the Rig
Chapter 56
Chapter 56.
Chapter 56.—God Gives Means as
Chapter 56.—No One is Reconcil
Chapter 56.—The Case of David,
Chapter 56.—The Faith of Those
Chapter 56.—The Holy Spirit an
Chapter 56.—The Pelagians Allo
Chapter 57
Chapter 57 [XXXII.]—Fraudulent
Chapter 57.
Chapter 57.—The Condition of t
Chapter 58
Chapter 58.
Chapter 58.—Adam’s Sin is Deri
Chapter 58.—The Doctrine to Be
Chapter 58.—The Free Will of M
Chapter 58.—The Same Continued
Chapter 58.—We Have No Certain
Chapter 59
Chapter 59.
Chapter 59.—Mercy and Pity in 
Chapter 59.—Offence to Be Avoi
Chapter 59.—The Bodies Assumed
Chapter 59.—The Context of The
Chapter 59.—Whether the Soul i
Chapter 6
Chapter 6 (22).
Chapter 6.
Chapter 6. —Why This Opinion i
Chapter 6.—Concerning Twins of
Chapter 6.—Concerning the Cove
Chapter 6.—Concerning the Mean
Chapter 6.—Concerning the Myth
Chapter 6.—Concerning the Opin
Chapter 6.—Controversy Out of 
Chapter 6.—Diversity Alone Mak
Chapter 6.—How God is a Substa
Chapter 6.—How There is a Trin
Chapter 6.—How a Kind of Trini
Chapter 6.—How the Man Not Yet
Chapter 6.—In What Sense God i
Chapter 6.—Nature Which Cannot
Chapter 6.—Not Death Alone, Bu
Chapter 6.—Of Christ’s Ascensi
Chapter 6.—Of What Kind We are
Chapter 6.—Of the Character of
Chapter 6.—Of the Error of Hum
Chapter 6.—Of the Evil of Deat
Chapter 6.—Of the Jewish Pries
Chapter 6.—Of the Passions Whi
Chapter 6.—Of the True and Per
Chapter 6.—Of the Way to Comme
Chapter 6.—Of the Weaknesses W
Chapter 6.—Presumption and Arr
Chapter 6.—Reply is Made to th
Chapter 6.—Shall God’s Nature 
Chapter 6.—That All Marvels ar
Chapter 6.—That Not Even the R
Chapter 6.—That Rome Made Its 
Chapter 6.—That the Gods Exact
Chapter 6.—That the Gods of th
Chapter 6.—That the Son is Ver
Chapter 6.—That the World and 
Chapter 6.—The Creature is Not
Chapter 6.—The Opinion Which t
Chapter 6.—The Sacred Writers 
Chapter 6.—The Same Continued.
Chapter 6.—The Simile Reformed
Chapter 6.—The Three Days of t
Chapter 6.—There is One Knowle
Chapter 6.—Use of the Obscurit
Chapter 6.—Utility of the Bond
Chapter 6.—Virtue Gives Perfec
Chapter 6.—What Corruption Aff
Chapter 6.—What We are to Unde
Chapter 6.—What is the First R
Chapter 6.—What the Cause of t
Chapter 6.—Wherein the Pharise
Chapter 6.—Whether Even Vices 
Chapter 6.—Who Were Kings of A
Chapter 6.—Why Manichæus Calle
Chapter 6.—Why Pelagius Does N
Chapter 6.—Why We Do Not in th
Chapter 6.—Why, When All Will 
Chapter 60
Chapter 60.
Chapter 60.—It is More Necessa
Chapter 60.—Let Not the Pelagi
Chapter 60.—The Application to
Chapter 61
Chapter 61.
Chapter 61.—History of the Pel
Chapter 61.—The Church on Eart
Chapter 61.—Use of the Third P
Chapter 62
Chapter 62.
Chapter 62.—By the Sacrifice o
Chapter 62.—Concerning What Gr
Chapter 62.—He Returns to the 
Chapter 62.—Prayer to Be Incul
Chapter 62.—The History Contin
Chapter 63
Chapter 63.
Chapter 63.—An Objection.
Chapter 63.—The Peace of God, 
Chapter 63.—The Same Continued
Chapter 64
Chapter 64.
Chapter 64.—A Twofold Mistake 
Chapter 64.—How the Bishops Cl
Chapter 64.—In What Sense the 
Chapter 64.—Pardon of Sin Exte
Chapter 64.—Pelagius’ Admissio
Chapter 65
Chapter 65.
Chapter 65.—God Pardons Sins, 
Chapter 65.—In What Sense a Si
Chapter 65.—Recapitulation of 
Chapter 65.—The Church’s Praye
Chapter 66
Chapter 66.
Chapter 66.—Although Perfect R
Chapter 66.—Infants’ Faults Sp
Chapter 66.—The Harsh Measures
Chapter 66.—The Pardon of Sin 
Chapter 66.—The Works, Not the
Chapter 67
Chapter 67.
Chapter 67.—Faith Without Work
Chapter 67.—The Most Eminent I
Chapter 68
Chapter 68.
Chapter 68.—Conclusion.
Chapter 68.—The True Sense of 
Chapter 69
Chapter 69.
Chapter 69.—It is Not Impossib
Chapter 7
Chapter 7 (23).
Chapter 7.
Chapter 7.—A Doubt Raised Abou
Chapter 7.—Concerning the Choo
Chapter 7.—Concerning the Like
Chapter 7.—Examples of True El
Chapter 7.—Faith is Necessary,
Chapter 7.—God is a Trinity, B
Chapter 7.—Grace is Necessary 
Chapter 7.—Great Miracles Wrou
Chapter 7.—He Concludes that H
Chapter 7.—He Suggests a Dilem
Chapter 7.—How Evil Men are of
Chapter 7.—How Man is the Imag
Chapter 7.—How Much the Platon
Chapter 7.—In What Manner We a
Chapter 7.—In What Manner the 
Chapter 7.—In What Sense the F
Chapter 7.—Of Christ’s Session
Chapter 7.—Of True Love, by Wh
Chapter 7.—Of the Cause of Cai
Chapter 7.—Of the Death Which 
Chapter 7.—Of the Destruction 
Chapter 7.—Of the Disruption o
Chapter 7.—Of the Diversity of
Chapter 7.—Of the Exposition o
Chapter 7.—Of the Love of the 
Chapter 7.—Of the Nature of th
Chapter 7.—Pope Zosimus Kindly
Chapter 7.—Steps to Wisdom: Fi
Chapter 7.—That It is Not Easy
Chapter 7.—That We Ought Not t
Chapter 7.—That the Cruelties 
Chapter 7.—That the Suggestion
Chapter 7.—That the Ultimate R
Chapter 7.—That the Words Love
Chapter 7.—That the World’s Be
Chapter 7.—The Addition of a N
Chapter 7.—The Corruption of R
Chapter 7.—The Creed and the L
Chapter 7.—The Goodness of God
Chapter 7.—The Knowledge of Go
Chapter 7.—The New Testament i
Chapter 7.—The Opinions of Phi
Chapter 7.—The Thing is Made P
Chapter 7.—The Useless Bondage
Chapter 7.—There is Another Tr
Chapter 7.—To Think the Soul C
Chapter 7.—We Conceive and Beg
Chapter 7.—What All Men Unders
Chapter 7.—What is Written in 
Chapter 7.—What is the Meaning
Chapter 7.—Whether Earthly Kin
Chapter 7.—Whether Even the Re
Chapter 7.—Whether It is Reaso
Chapter 7.—Who Were Kings When
Chapter 70
Chapter 70.
Chapter 70.—Almsgiving Will No
Chapter 71
Chapter 71.
Chapter 71.—The Daily Prayer o
Chapter 72
Chapter 72.
Chapter 72.—There are Many Kin
Chapter 73.
Chapter 73.—He Meets Pelagius 
Chapter 73.—The Greatest of Al
Chapter 74
Chapter 74.
Chapter 74.—God Does Not Pardo
Chapter 75.
Chapter 75.—Augustin Adduces i
Chapter 75.—The Wicked and the
Chapter 76
Chapter 76.
Chapter 76.—To Give Alms Arigh
Chapter 77.
Chapter 77.—If We Would Give A
Chapter 77.—Xystus.
Chapter 78
Chapter 78.
Chapter 78.—What Sins are Triv
Chapter 79
Chapter 79.
Chapter 79.—Sins Which Appear 
Chapter 8
Chapter 8 (24).
Chapter 8 [VII.]—Coelestius Co
Chapter 8.
Chapter 8.—A Distinction Drawn
Chapter 8.—All Righteous Men B
Chapter 8.—Augustin Refutes th
Chapter 8.—Blessedness Cannot 
Chapter 8.—Concerning Those Wh
Chapter 8.—Concerning the Inte
Chapter 8.—Conjugal Chastity i
Chapter 8.—Death Passed Upon A
Chapter 8.—Different Modes of 
Chapter 8.—Evil is Not a Subst
Chapter 8.—For What Reason the
Chapter 8.—From the Corruption
Chapter 8.—Further Replies to 
Chapter 8.—God Alone Creates T
Chapter 8.—God is the Chief Go
Chapter 8.—God to Be Esteemed 
Chapter 8.—Grace, According to
Chapter 8.—How Apuleius Define
Chapter 8.—How the Apostle Say
Chapter 8.—How the Soul Inquir
Chapter 8.—In What Desire and 
Chapter 8.—In What Manner Chri
Chapter 8.—Jesus is the Saviou
Chapter 8.—No Addition Can Be 
Chapter 8.—Of Christ’s Coming 
Chapter 8.—Of Miracles Which W
Chapter 8.—Of the Advantages a
Chapter 8.—Of the Binding and 
Chapter 8.—Of the Method to Be
Chapter 8.—Of the Miracles Whi
Chapter 8.—Of the Misdirected 
Chapter 8.—Of the Promises Mad
Chapter 8.—Of the Three Pertur
Chapter 8.—Romans Interprets C
Chapter 8.—That He Who Loves H
Chapter 8.—That It is Not Cont
Chapter 8.—That the Friendship
Chapter 8.—That the Platonists
Chapter 8.—That the Saints, by
Chapter 8.—That the Theatrical
Chapter 8.—The Canonical Books
Chapter 8.—The Catholic Faith 
Chapter 8.—The Distinction Bet
Chapter 8.—The Entire Trinity 
Chapter 8.—The Festival of the
Chapter 8.—The Jews Liberated 
Chapter 8.—The Manichæans Inqu
Chapter 8.—The Obscurity of th
Chapter 8.—The Texts of Script
Chapter 8.—The Thirst of the R
Chapter 8.—The Trinity Which i
Chapter 8.—Turning Aside from 
Chapter 8.—We Have No Memory o
Chapter 8.—What Cain’s Reason 
Chapter 8.—What We are to Unde
Chapter 8.—Whatever is Spoken 
Chapter 8.—Whether Certain Mon
Chapter 8.—Whether Rome Ought 
Chapter 8.—Which of the Gods C
Chapter 8.—Who Were Kings When
Chapter 80
Chapter 80.
Chapter 80.—Sins, However Grea
Chapter 81.
Chapter 81.—Augustin Quotes Hi
Chapter 81.—There are Two Caus
Chapter 82
Chapter 82.
Chapter 82.—The Mercy of God i
Chapter 83
Chapter 83.
Chapter 83.—The Man Who Despis
Chapter 84
Chapter 84.
Chapter 84.—The Resurrection o
Chapter 85.
Chapter 85.—The Case of Aborti
Chapter 86.
Chapter 86.—If They Have Ever 
Chapter 87.
Chapter 87.—The Case of Monstr
Chapter 88.
Chapter 88.—The Material of th
Chapter 89.
Chapter 89.—But This Material 
Chapter 9
Chapter 9 (25).
Chapter 9.
Chapter 9.—Against Those Who B
Chapter 9.—All Acknowledge the
Chapter 9.—All are Sometimes U
Chapter 9.—Augustin Deceived b
Chapter 9.—Concerning that Phi
Chapter 9.—Concerning the Fore
Chapter 9.—Concerning the Powe
Chapter 9.—Concerning the Spec
Chapter 9.—Entering into Tempt
Chapter 9.—Harmony of the Old 
Chapter 9.—How Like the Prophe
Chapter 9.—How We Should Proce
Chapter 9.—How, and with Whom,
Chapter 9.—In the Love of Spir
Chapter 9.—Of Hell, and the Na
Chapter 9.—Of the Friendship o
Chapter 9.—Of the Holy Spirit 
Chapter 9.—Of the Illicit Arts
Chapter 9.—Of the Long Life an
Chapter 9.—Of the Method in Wh
Chapter 9.—Of the Perturbation
Chapter 9.—Of the Reasons for 
Chapter 9.—Of the Term “Enigma
Chapter 9.—Our Love of the Rig
Chapter 9.—Punishment is Const
Chapter 9.—Species is Produced
Chapter 9.—That All the Miracl
Chapter 9.—That the Poetical L
Chapter 9.—The Ambiguity of “A
Chapter 9.—The Beginning of Re
Chapter 9.—The Catholics Maint
Chapter 9.—The Manichæan Ficti
Chapter 9.—The Mind Knows Itse
Chapter 9.—The Original Cause 
Chapter 9.—The Same Argument C
Chapter 9.—The Same Argument i
Chapter 9.—The Three Persons N
Chapter 9.—Victor Utterly Unab
Chapter 9.—We Say that Future 
Chapter 9.—What We are to Beli
Chapter 9.—What the Reign of t
Chapter 9.—What the Scriptures
Chapter 9.—When Perseverance i
Chapter 9.—When the City of At
Chapter 9.—When the Holy Spiri
Chapter 9.—Whether It is Credi
Chapter 9.—Whether Justice and
Chapter 9.—Whether One or the 
Chapter 9.—Whether We Should S
Chapter 9.—Whether We are to B
Chapter 9.—Whether the Angels,
Chapter 9.—Whether the Great E
Chapter 9.—Whether the Interce
Chapter 9.—Who are the Childre
Chapter 9.—Who is in Bondage t
Chapter 90.
Chapter 90.—If There Be Differ
Chapter 91.
Chapter 91.—The Bodies of the 
Chapter 92.
Chapter 92.—The Resurrection o
Chapter 93.
Chapter 93.—Both the First and
Chapter 94.
Chapter 94.—The Saints Shall K
Chapter 95.
Chapter 95.—God’s Judgments Sh
Chapter 96.
Chapter 96.—The Omnipotent God
Chapter 97.
Chapter 97.—In What Sense Does
Chapter 98.
Chapter 98.—Predestination to 
Chapter 99.
Chapter 99.—As God’s Mercy is 
Chapter C.
Chapter C.—In what sense Chris
Chapter CI.
Chapter CI.—Christ refers all 
Chapter CII.
Chapter CII.—The prediction of
Chapter CIII.
Chapter CIII.—The Pharisees ar
Chapter CIV.
Chapter CIV.—Circumstances of 
Chapter CIX.
Chapter CIX.—The conversion of
Chapter CV.
Chapter CV.—The Psalm also pre
Chapter CVI.
Chapter CVI.—Christ’s resurrec
Chapter CVII.
Chapter CVII.—The same is taug
Chapter CVIII.
Chapter CVIII.—The resurrectio
Chapter CX.
Chapter CX.—A portion of the p
Chapter CXI.
Chapter CXI.—The two advents w
Chapter CXII.
Chapter CXII.—The Jews expound
Chapter CXIII.
Chapter CXIII.—Joshua was a fi
Chapter CXIV.
Chapter CXIV.—Some rules for d
Chapter CXIX.
Chapter CXIX.—Christians are t
Chapter CXL.—In Christ all are
Chapter CXLI.—Free-will in men
Chapter CXLII.—The Jews return
Chapter CXV.
Chapter CXV.—Prediction about 
Chapter CXVI.
Chapter CXVI.—It is shown how 
Chapter CXVII.
Chapter CXVII.—Malachi’s proph
Chapter CXVIII.
Chapter CXVIII.—He exhorts to 
Chapter CXX.
Chapter CXX.—Christians were p
Chapter CXXI.
Chapter CXXI.—From the fact th
Chapter CXXII.
Chapter CXXII.—The Jews unders
Chapter CXXIII.
Chapter CXXIII.—Ridiculous int
Chapter CXXIV.
Chapter CXXIV.—Christians are 
Chapter CXXIX.
Chapter CXXIX.—That is confirm
Chapter CXXV.
Chapter CXXV.—He explains what
Chapter CXXVI.
Chapter CXXVI.—The various nam
Chapter CXXVII.
Chapter CXXVII.—These passages
Chapter CXXVIII.
Chapter CXXVIII.—The Word is s
Chapter CXXX.
Chapter CXXX.—He returns to th
Chapter CXXXI.
Chapter CXXXI.—How much more f
Chapter CXXXII.
Chapter CXXXII.—How great the 
Chapter CXXXIII.
Chapter CXXXIII.—The hard-hear
Chapter CXXXIV.
Chapter CXXXIV.—The marriages 
Chapter CXXXIX.—The blessings,
Chapter CXXXV.
Chapter CXXXV.—Christ is king 
Chapter CXXXVI.—The Jews, in r
Chapter CXXXVII.—He exhorts th
Chapter CXXXVIII.—Noah is a fi
Chapter I .—The Discovery of T
Chapter I.
Chapter I. Argument.—Novatian,
Chapter I.41
Chapter I.459—The Hatred Felt 
Chapter I.607—The Ophites the 
Chapter I.—A Comparison of Con
Chapter I.—A Sketch of the Lif
Chapter I.—A Statement of the 
Chapter I.—Absurd ideas of the
Chapter I.—Acknowledgment of h
Chapter I.—Acknowledgment of t
Chapter I.—Address.
Chapter I.—After Jovian’s Deat
Chapter I.—After the Death of 
Chapter I.—After the salutatio
Chapter I.—An Account of Conte
Chapter I.—An Explanation.
Chapter I.—Anthemius the Præto
Chapter I.—Apostasy of Julian,
Chapter I.—Appion Does Not App
Chapter I.—Argument.—When the 
Chapter I.—Argument: Minucius 
Chapter I.—As a prisoner, I ho
Chapter I.—Bernice’s Hospitali
Chapter I.—Bibliography.
Chapter I.—Book VI. Diligence 
Chapter I.—Boyish Questionings
Chapter I.—By Confession He De
Chapter I.—Cautions against er
Chapter I.—Chastity Alone Aids
Chapter I.—Chastity the Chief 
Chapter I.—Christ alone is abl
Chapter I.—Clement Meets Appio
Chapter I.—Clement’s Early His
Chapter I.—Commendation and ex
Chapter I.—Concerning that Mos
Chapter I.—Concerning the Divi
Chapter I.—Concerning what fol
Chapter I.—Concerning æon or a
Chapter I.—Connection of Glutt
Chapter I.—Death of Arcadius, 
Chapter I.—Death of Constans C
Chapter I.—Deluded by an Insan
Chapter I.—Design of the Treat
Chapter I.—Desire of Ignatius 
Chapter I.—Different Views in 
Chapter I.—Doctrine of Reserve
Chapter I.—Earliest Heretics:8
Chapter I.—Examination of Just
Chapter I.—Examination of the 
Chapter I.—Exhortations to ear
Chapter I.—Expedition of Julia
Chapter I.—General Introductio
Chapter I.—Halt at Dora.
Chapter I.—He Calls Upon God, 
Chapter I.—He Deplores the Wic
Chapter I.—He Describes the Ci
Chapter I.—He Praises God, the
Chapter I.—He Proclaims the Gr
Chapter I.—He Regarded Not God
Chapter I.—He, Now Given to Di
Chapter I.—Heresies Hitherto R
Chapter I.—Heresy Compared to 
Chapter I.—His Mother Having F
Chapter I.—His own sufferings:
Chapter I.—How Mary and Joseph
Chapter I.—How he honored Many
Chapter I.—In God Alone is the
Chapter I.—Introduction contai
Chapter I.—Introduction to the
Chapter I.—Introduction.
Chapter I.—Introduction. Modes
Chapter I.—Introduction. Origi
Chapter I.—Introduction. Reaso
Chapter I.—Introduction. The c
Chapter I.—Introduction. Virgi
Chapter I.—Introductory. Heres
Chapter I.—Introductory. Tertu
Chapter I.—Introductory. The A
Chapter I.—Introductory; A Bri
Chapter I.—It is Not to the Ph
Chapter I.—Journey from Tripol
Chapter I.—Journey to Laodicea
Chapter I.—Justin justifies hi
Chapter I.—Life of S. Cyril.
Chapter I.—Marriage Not Abolis
Chapter I.—Mattidia is Baptize
Chapter I.—Methodius’ Derivati
Chapter I.—Morning Exercises.
Chapter I.—Object of the autho
Chapter I.—Occasion of Writing
Chapter I.—Occasion of the epi
Chapter I.—Of Heathen Repentan
Chapter I.—Of Julian; his Line
Chapter I.—Of Patience General
Chapter I.—Of the Method in Wh
Chapter I.—Of the Question Reg
Chapter I.—Of the piety of the
Chapter I.—Of the reign and pi
Chapter I.—Of the reign of Jul
Chapter I.—On God.
Chapter I.—On the Authority of
Chapter I.—On the Death of The
Chapter I.—On the Freedom of t
Chapter I.—On the Inspiration 
Chapter I.—On the World.
Chapter I.—Origin of the Arian
Chapter I.—Passages of Holy Sc
Chapter I.—Pearls Before Swine
Chapter I.—Peter Addresses the
Chapter I.—Peter Wishes to Con
Chapter I.—Peter is Willing to
Chapter I.—Peter’s Arrival at 
Chapter I.—Peter’s Attendants.
Chapter I.—Peter’s Discourse R
Chapter I.—Peter’s Martyrdom.
Chapter I.—Peter’s Salutation.
Chapter I.—Power of Habit.
Chapter I.—Praise of the Ephes
Chapter I.—Praise of the Phili
Chapter I.—Praise of the bisho
Chapter I.—Preface. Reason for
Chapter I.—Preface.—Of the Dea
Chapter I.—Preliminary Remarks
Chapter I.—Probation.
Chapter I.—Reason for writing 
Chapter I.—Reason of writing t
Chapter I.—Reasons Which Led t
Chapter I.—Reasons for address
Chapter I.—Recapitulation.
Chapter I.—Recapitulation; Cha
Chapter I.—Return of St. Athan
Chapter I.—Satan’s Wiles Again
Chapter I.—Secret Persecution 
Chapter I.—Simon Comes to Pete
Chapter I.—Simon Maintains tha
Chapter I.—Simon Undertakes to
Chapter I.—Simon Wishes to Dis
Chapter I.—Subject of which we
Chapter I.—Successors of Theod
Chapter I.—System of the Astro
Chapter I.—Thales; His Physics
Chapter I.—Thanks to God for y
Chapter I.—That It Becomes the
Chapter I.—That the Deity is i
Chapter I.—That the Scriptures
Chapter I.—The Bishops of Rome
Chapter I.—The Course pursued 
Chapter I.—The Difficulty and 
Chapter I.—The Doctrine of the
Chapter I.—The Events which pr
Chapter I.—The Excellence of t
Chapter I.—The General Purport
Chapter I.—The Heathen Gods fr
Chapter I.—The Life and Writin
Chapter I.—The Lord acknowledg
Chapter I.—The Methods of Marc
Chapter I.—The Morning of the 
Chapter I.—The Necessity of Pr
Chapter I.—The Number of those
Chapter I.—The Offering of Cha
Chapter I.—The Old Workman.
Chapter I.—The Opinions of Her
Chapter I.—The Oration.
Chapter I.—The Parts of the Wo
Chapter I.—The Peace granted u
Chapter I.—The Persecution und
Chapter I.—The Plan of the Wor
Chapter I.—The Pretended Relax
Chapter I.—The Salutation.
Chapter I.—The Salutation. Pra
Chapter I.—The Third Day in Tr
Chapter I.—The True and Chaste
Chapter I.—The Wickedness of D
Chapter I.—The apostles did no
Chapter I.—The salutation. Pra
Chapter I.—The self-evidencing
Chapter I.—There is but one Go
Chapter I.—Time Changes Nation
Chapter I.—Truth Rather to Be 
Chapter I.—Two Bands.
Chapter I.—We Ought to Think H
Chapter I.—What the True and S
Chapter I.—When the Romans are
Chapter I.—Wide Scope of the W
Chapter II.
Chapter II. Argument.—God is A
Chapter II. Argument.—He First
Chapter II. —Concerning the ma
Chapter II.475—The Heathen Per
Chapter II.—A Difficulty.
Chapter II.—A Sound Mind in a 
Chapter II.—Abraham’s Sacrific
Chapter II.—All Creatures Subs
Chapter II.—An Analysis of Aug
Chapter II.—An Appeal to the C
Chapter II.—An Explanation of 
Chapter II.—An exhortation to 
Chapter II.—Analogy Between Fe
Chapter II.—Argument. Perpetua
Chapter II.—Argument: The Arri
Chapter II.—Arguments of the P
Chapter II.—As His Lungs Were 
Chapter II.—Be subject to the 
Chapter II.—Before Proceeding 
Chapter II.—By what Means the 
Chapter II.—Catechetical Instr
Chapter II.—Cautions against f
Chapter II.—Character and Cond
Chapter II.—Christ’s true pass
Chapter II.—Clement’s Previous
Chapter II.—Concerning Helena,
Chapter II.—Concerning the cre
Chapter II.—Concerning the sit
Chapter II.—Concerning things 
Chapter II.—Conduct of the Ari
Chapter II.—Congratulations an
Chapter II.—Constantius again 
Chapter II.—Curtailment of Sle
Chapter II.—Death of Nectarius
Chapter II.—Declension of the 
Chapter II.—Definition of Good
Chapter II.—Demolition of Chur
Chapter II.—Disciples Divided 
Chapter II.—Discovery of the R
Chapter II.—Do not save me fro
Chapter II.—Docetic Notion of 
Chapter II.—Doctrines Concerni
Chapter II.—Education, Trainin
Chapter II.—Eusebius, Bishop o
Chapter II.—Examination of Jus
Chapter II.—Exhortations.
Chapter II.—Extracts from the 
Chapter II.—Farther Remarks on
Chapter II.—Figure, Image, Tru
Chapter II.—For True Virginity
Chapter II.—Generation Somethi
Chapter II.—Genesis.
Chapter II.—God Himself an Exa
Chapter II.—God Just as Well a
Chapter II.—Good Out of Evil.
Chapter II.—Gratian elects The
Chapter II.—He Begs of God tha
Chapter II.—He Teaches Rhetori
Chapter II.—He perished under 
Chapter II.—Hermogenes, After 
Chapter II.—His Behaviour in P
Chapter II.—His Distress.
Chapter II.—His General Charac
Chapter II.—His own condition.
Chapter II.—How Tiberius was a
Chapter II.—How a Schoolmaster
Chapter II.—I rejoice in your 
Chapter II.—Idolatry in Its Mo
Chapter II.—Ignatius is condem
Chapter II.—Ignorance and Erro
Chapter II.—In Public Spectacl
Chapter II.—Justice demanded.
Chapter II.—Justin describes h
Chapter II.—Letter of Julius t
Chapter II.—List of the Princi
Chapter II.—Love of Preachers 
Chapter II.—Maintain union wit
Chapter II.—Marcion, Aided by 
Chapter II.—Marcion, Who Would
Chapter II.—Marriage Lawful, B
Chapter II.—Misrepresentation 
Chapter II.—Monarchy and Polya
Chapter II.—Much to Be Done in
Chapter II.—Naasseni Ascribe T
Chapter II.—Objections to the 
Chapter II.—Of the Apostle’s M
Chapter II.—Of the Bishops of 
Chapter II.—Of the Double Heav
Chapter II.—Of the Man Out of 
Chapter II.—Of the Proof of Th
Chapter II.—Of the Sedition ex
Chapter II.—Of the return of A
Chapter II.—Of the return of t
Chapter II.—On Christ.
Chapter II.—On the Epistle to 
Chapter II.—On the Opposing Po
Chapter II.—On the Order of th
Chapter II.—On the Perpetuity 
Chapter II.—On the Vanity of T
Chapter II.—Ophites, Cainites,
Chapter II.—Ordination of Clem
Chapter II.—Perfect Modesty Wi
Chapter II.—Peter Relates to N
Chapter II.—Peter’s Thoughtful
Chapter II.—Philosophers Had N
Chapter II.—Philosophical Basi
Chapter II.—Praise of the Cori
Chapter II.—Preliminaries.
Chapter II.—Proofs from the pl
Chapter II.—Pythagoras; His Co
Chapter II.—Reason for Listeni
Chapter II.—Reason of Simon’s 
Chapter II.—Reception in the H
Chapter II.—Remission of a Fou
Chapter II.—Return of Athanasi
Chapter II.—She, on the Prohib
Chapter II.—Simon Magus.
Chapter II.—Simon’s Design.
Chapter II.—Simon’s Practices.
Chapter II.—Simon’s Speech Aga
Chapter II.—Source of the Here
Chapter II.—St. Luke’s Gospel,
Chapter II.—Stricken with Exce
Chapter II.—Suffering the Effe
Chapter II.—Summary View of th
Chapter II.—Summary of the Opi
Chapter II.—Testimonies to the
Chapter II.—That All Things ar
Chapter II.—That the God Whom 
Chapter II.—The Age of Manichæ
Chapter II.—The Allegory of th
Chapter II.—The Bishops of Rom
Chapter II.—The Blame of Our M
Chapter II.—The Calamities of 
Chapter II.—The Catholic Doctr
Chapter II.—The Christian Has 
Chapter II.—The Church, Former
Chapter II.—The Destruction of
Chapter II.—The Digressions of
Chapter II.—The Disputation of
Chapter II.—The Emperor Gratia
Chapter II.—The Existence of t
Chapter II.—The First Clause.
Chapter II.—The First Ruler of
Chapter II.—The Greek theogony
Chapter II.—The Interpretation
Chapter II.—The Jewish Sadduce
Chapter II.—The Jewish sacrifi
Chapter II.—The Law Anterior t
Chapter II.—The Law of Change,
Chapter II.—The Life, Educatio
Chapter II.—The Lofty Mind and
Chapter II.—The Martyrs, belov
Chapter II.—The Myths are Not 
Chapter II.—The Origin of Fema
Chapter II.—The Parable of the
Chapter II.—The Pious Old Man 
Chapter II.—The Preface Contin
Chapter II.—The Propator was k
Chapter II.—The Protection of 
Chapter II.—The Reason of Pete
Chapter II.—The Restoration of
Chapter II.—The Same Subject C
Chapter II.—The Spiritualists 
Chapter II.—The Subsequent Rev
Chapter II.—The System of Basi
Chapter II.—The Theology of St
Chapter II.—The Training of Or
Chapter II.—The True Doctrine 
Chapter II.—The Two Ages.
Chapter II.—The Very Simplicit
Chapter II.—The heretics follo
Chapter II.—The true doctrine 
Chapter II.—The vanity of idol
Chapter II.—The wonderful cons
Chapter II.—The world was not 
Chapter II.—Thekla Singing Dec
Chapter II.—These Heretics Bra
Chapter II.—True Repentance a 
Chapter II.—Unity of the three
Chapter II.—Urbicus condemns t
Chapter II.—Valentinian goes i
Chapter II.—Virginity a Plant 
Chapter II.—When Christ visite
Chapter II.—Why Christ’s Comin
Chapter II.—Youth may be allie
Chapter II.—“Giving All Dilige
Chapter III.
Chapter III. Argument.—And Thu
Chapter III. Argument.—That Go
Chapter III.3544—Marcion Insin
Chapter III.487—The Great Offe
Chapter III.671
Chapter III.—A Conversation In
Chapter III.—A Friendly Confer
Chapter III.—A Statement of th
Chapter III.—A Suggestion.
Chapter III.—A refutation of t
Chapter III.—An Ambiguous Pass
Chapter III.—An Argument of He
Chapter III.—An Objection Anti
Chapter III.—Answer to the cav
Chapter III.—Appion Proceeds t
Chapter III.—Argument. Perpetu
Chapter III.—Argument: Octaviu
Chapter III.—As Ambrose Was Oc
Chapter III.—Athanasius, encou
Chapter III.—Avoid schismatics
Chapter III.—Beasts Similarly 
Chapter III.—Beginning of the 
Chapter III.—Birth and Educati
Chapter III.—By the Circumcisi
Chapter III.—By the Vision of 
Chapter III.—Carpocrates, Ceri
Chapter III.—Christ Undoes the
Chapter III.—Christ was posses
Chapter III.—Christ’s Nativity
Chapter III.—Claim of judicial
Chapter III.—Clement’s Trick.
Chapter III.—Comparison Instit
Chapter III.—Concerning Christ
Chapter III.—Concerning His Fa
Chapter III.—Concerning St. Me
Chapter III.—Concerning angels
Chapter III.—Concerning the Ge
Chapter III.—Cyprian, and the 
Chapter III.—Empedocles; His T
Chapter III.—Equalization of t
Chapter III.—Everywhere God Wh
Chapter III.—Examination of Ch
Chapter III.—Examples of youth
Chapter III.—Exhortations as t
Chapter III.—Exhortations to u
Chapter III.—Exhortations.
Chapter III.—Expressions of pe
Chapter III.—Faith and Unbelie
Chapter III.—Family of Noe.
Chapter III.—Far Best to Culti
Chapter III.—Follies of the Gr
Chapter III.—Forewarned is For
Chapter III.—Further Expositio
Chapter III.—Genesis I. 3,—Of 
Chapter III.—God Both Good and
Chapter III.—God Known by His 
Chapter III.—Gradual Developme
Chapter III.—Grant that Beauty
Chapter III.—Having Heard Faus
Chapter III.—He Begins from th
Chapter III.—He Retires to the
Chapter III.—He Who Confesseth
Chapter III.—He had complied w
Chapter III.—His Dissatisfacti
Chapter III.—His Object.
Chapter III.—His Origenism.
Chapter III.—Honour the deacon
Chapter III.—Honour your youth
Chapter III.—How Constantine w
Chapter III.—How Each One Ough
Chapter III.—How God honors Pi
Chapter III.—How Jesus Went Ou
Chapter III.—Idolatry: Origin 
Chapter III.—If the members ri
Chapter III.—Ignatius sails to
Chapter III.—In reply to those
Chapter III.—Initiation.
Chapter III.—Jesus Christ in H
Chapter III.—Julian, on his Se
Chapter III.—Justin accuses Cr
Chapter III.—Justin narrates t
Chapter III.—Letters of the Co
Chapter III.—Man the Lord of A
Chapter III.—Marriage Good: Ce
Chapter III.—Martyrdom of the 
Chapter III.—Miracles Alone, W
Chapter III.—Need of Caution.
Chapter III.—Noetianism an Off
Chapter III.—Nolo Episcopari.
Chapter III.—Not Even When at 
Chapter III.—Not Even the Most
Chapter III.—Object of the Mis
Chapter III.—Obstacles to Fait
Chapter III.—Of Circumcision a
Chapter III.—Of Indulgence and
Chapter III.—Of Theodosius and
Chapter III.—Of his Picture su
Chapter III.—Of the Darkness U
Chapter III.—Of the Fact that 
Chapter III.—Of the Manner in 
Chapter III.—Of the Question W
Chapter III.—Of the dissension
Chapter III.—Of the number and
Chapter III.—On Threefold Wisd
Chapter III.—On the Beginning 
Chapter III.—On the Holy Spiri
Chapter III.—Opinions of the s
Chapter III.—Order of March.
Chapter III.—Paul, Bishop of C
Chapter III.—Perplexity.
Chapter III.—Peter Refuses to 
Chapter III.—Pray rather that 
Chapter III.—Proof that there 
Chapter III.—Rapid Promotion o
Chapter III.—Recognition of Ni
Chapter III.—Remarks on Some o
Chapter III.—Righteous Anger.
Chapter III.—Rules for the Con
Chapter III.—Second Exile of S
Chapter III.—Simon’s Accusatio
Chapter III.—Simon’s Flight.
Chapter III.—Sins May Be Divid
Chapter III.—Sketch of Aristot
Chapter III.—Some Truths Held 
Chapter III.—Special Preparati
Chapter III.—St. Paul Quite in
Chapter III.—Story of Apsethus
Chapter III.—Submission.
Chapter III.—Summary of the Op
Chapter III.—Sundry Popular Fe
Chapter III.—Superstitions of 
Chapter III.—Synodical letter 
Chapter III.—Temples built by 
Chapter III.—Testimonies to a 
Chapter III.—Texts of Holy Scr
Chapter III.—That God and the 
Chapter III.—That God is the F
Chapter III.—That Passage of D
Chapter III.—That the Cause of
Chapter III.—The Apologists th
Chapter III.—The Bramble and t
Chapter III.—The Bythus and Pl
Chapter III.—The Dedications i
Chapter III.—The Doctrine of C
Chapter III.—The Emperor Indig
Chapter III.—The Epistle of Al
Chapter III.—The Epistles of t
Chapter III.—The Fancies of Ma
Chapter III.—The Folly of This
Chapter III.—The Horoscope the
Chapter III.—The Importance of
Chapter III.—The Lot and Inher
Chapter III.—The Manichæan Sys
Chapter III.—The Mode of the D
Chapter III.—The Name Jesus an
Chapter III.—The Nature of the
Chapter III.—The Newly Erected
Chapter III.—The Old Man Does 
Chapter III.—The Physical Phil
Chapter III.—The Principal Bis
Chapter III.—The Principle of 
Chapter III.—The Question of N
Chapter III.—The Reign of Jovi
Chapter III.—The Remedy.
Chapter III.—The Sad State of 
Chapter III.—The Same Endeavou
Chapter III.—The Second Clause
Chapter III.—The Soul’s Origin
Chapter III.—The Unity of God.
Chapter III.—The Virtues of Pu
Chapter III.—The Vision which 
Chapter III.—The Work of the G
Chapter III.—The constancy of 
Chapter III.—The fasts of the 
Chapter III.—The power and glo
Chapter III.—The sad state of 
Chapter III.—The same continue
Chapter III.—The true doctrine
Chapter III.—True Virgins Prov
Chapter III.—Two senses of the
Chapter III.—Virgins Being Mar
Chapter III.—Water Chosen as a
Chapter III.—Weak People Fall 
Chapter III.—Which are the Bet
Chapter III.—While Constantine
Chapter III.—While Valens pers
Chapter III.—While still very 
Chapter III.—“Behold What Indi
Chapter II—The poets are unfit
Chapter IV.
Chapter IV. Argument.—Moreover
Chapter IV. Argument.—To These
Chapter IV.502—The Truth Hated
Chapter IV.—A Farther Notice o
Chapter IV.—A Paralytic Jew he
Chapter IV.—A Request.
Chapter IV.—A Sedition was exc
Chapter IV.—Account given by t
Chapter IV.—Adultery and Forni
Chapter IV.—After the Death of
Chapter IV.—All Things Have Be
Chapter IV.—Allow me to fall a
Chapter IV.—An Account of the 
Chapter IV.—An Adjuration Conc
Chapter IV.—Another Instance o
Chapter IV.—Answer to another 
Chapter IV.—Antichrist is at h
Chapter IV.—Appion’s Undertaki
Chapter IV.—Argument. Saturus,
Chapter IV.—Argument: Cæcilius
Chapter IV.—Aristotle’s Genera
Chapter IV.—Beware of these he
Chapter IV.—Campaign of Consta
Chapter IV.—Ceremonies of Bapt
Chapter IV.—Change Not Always 
Chapter IV.—Christ Alone Taugh
Chapter IV.—Christians unjustl
Chapter IV.—Clement’s Joy at R
Chapter IV.—Clement’s Joy.
Chapter IV.—Commendation and e
Chapter IV.—Concerning the Ple
Chapter IV.—Concerning the dev
Chapter IV.—Concerning the man
Chapter IV.—Concerning the nat
Chapter IV.—Conduct of the Hol
Chapter IV.—Constantine comman
Chapter IV.—Continuation of th
Chapter IV.—Continuation.
Chapter IV.—Defence of the Div
Chapter IV.—Docetic Doctrine D
Chapter IV.—Duty of Imitating 
Chapter IV.—Each Side Claims t
Chapter IV.—Enterprise of Gaïn
Chapter IV.—Exhortation to the
Chapter IV.—Exhortations.
Chapter IV.—Faith and Duty.
Chapter IV.—Free Inquiry.
Chapter IV.—From the Formlessn
Chapter IV.—Further Remarks Up
Chapter IV.—Further Use Made o
Chapter IV.—God desires not sa
Chapter IV.—God’s Honour in th
Chapter IV.—Have but one Eucha
Chapter IV.—He Commits Theft w
Chapter IV.—He Recognises the 
Chapter IV.—He Shows by the Ex
Chapter IV.—Heathens and Heret
Chapter IV.—Heaven and Earth C
Chapter IV.—Heraclitus; His Un
Chapter IV.—Hermogenes Gives D
Chapter IV.—His Increasing Dis
Chapter IV.—His Liberality, fr
Chapter IV.—His Teaching on th
Chapter IV.—Human Generation, 
Chapter IV.—I have need of hum
Chapter IV.—Idols Not to Be Ma
Chapter IV.—Ignorance the Moth
Chapter IV.—Imperial and Eccle
Chapter IV.—Impossibility of F
Chapter IV.—In Opposition to P
Chapter IV.—In the Country He 
Chapter IV.—In the Nineteenth 
Chapter IV.—Irenæus commended 
Chapter IV.—It is Asserted tha
Chapter IV.—Julian inflicted E
Chapter IV.—Many Called.
Chapter IV.—Many Evils Have Al
Chapter IV.—Many evils have al
Chapter IV.—Marcion’s Christ N
Chapter IV.—Men Sin Through Ig
Chapter IV.—More Perplexity.
Chapter IV.—Must the deformed 
Chapter IV.—Not Peace, But a S
Chapter IV.—Of Eusebius814 Bis
Chapter IV.—Of Serapion the De
Chapter IV.—Of What Took Place
Chapter IV.—Of the Argument Dr
Chapter IV.—Of the Fact that J
Chapter IV.—Of the Hindrances 
Chapter IV.—Of the Infirmity o
Chapter IV.—Of the Observance 
Chapter IV.—Of the Reason Why 
Chapter IV.—Of the Words, “The
Chapter IV.—Of the laws made b
Chapter IV.—Of the restoration
Chapter IV.—On Defection, or F
Chapter IV.—On Human Temptatio
Chapter IV.—On the Death of Eu
Chapter IV.—On the Death of Ge
Chapter IV.—On the Error of Id
Chapter IV.—Opinions of Pythag
Chapter IV.—Origin of Chaos.
Chapter IV.—Panegyric on the S
Chapter IV.—Paulus, Bishop of 
Chapter IV.—Perfect Consecrati
Chapter IV.—Peter’s Arguments 
Chapter IV.—Proof of the Catho
Chapter IV.—Providence Seen in
Chapter IV.—Prudence in Dealin
Chapter IV.—Quintus the aposta
Chapter IV.—Reign of Theodosiu
Chapter IV.—Relation of Manich
Chapter IV.—Repentance Applica
Chapter IV.—Rusticus threatens
Chapter IV.—Shameless practice
Chapter IV.—Simon’s Doings.
Chapter IV.—Simon’s Forced Int
Chapter IV.—Snares Laid for th
Chapter IV.—Some Things Here H
Chapter IV.—Some wickedly act 
Chapter IV.—Sorely Distressed 
Chapter IV.—Summary of the Opi
Chapter IV.—Suppositions in Re
Chapter IV.—That Constantine p
Chapter IV.—That God honored C
Chapter IV.—That God is Not Co
Chapter IV.—That in His Confes
Chapter IV.—That the Knowledge
Chapter IV.—That the Son is Et
Chapter IV.—The Author Goes on
Chapter IV.—The Bishops of Rom
Chapter IV.—The Epistles which
Chapter IV.—The Famous Martyrs
Chapter IV.—The First Successo
Chapter IV.—The God of the Law
Chapter IV.—The Golden Rule.
Chapter IV.—The Harvest Plente
Chapter IV.—The Heresy Traceab
Chapter IV.—The Law Useless fo
Chapter IV.—The Letter of Ariu
Chapter IV.—The Macedonians ho
Chapter IV.—The Macedonians, w
Chapter IV.—The Majesty of God
Chapter IV.—The Memorials agai
Chapter IV.—The Mind Clearer W
Chapter IV.—The Moon’s Increas
Chapter IV.—The Mother Must No
Chapter IV.—The Next Stage Occ
Chapter IV.—The Objection is R
Chapter IV.—The Passage2691 Ex
Chapter IV.—The Prejudices of 
Chapter IV.—The Primeval Hover
Chapter IV.—The Question State
Chapter IV.—The Recompense of 
Chapter IV.—The Religion Procl
Chapter IV.—The Third Clause.
Chapter IV.—The Unity of the G
Chapter IV.—The Unrevealed God
Chapter IV.—The absurdity of t
Chapter IV.—The other observan
Chapter IV.—The pupils of Orig
Chapter IV.—The same continued
Chapter IV.—The same subject c
Chapter IV.—The soul of itself
Chapter IV.—The truth is to be
Chapter IV.—Those persons are 
Chapter IV.—Troubles again ari
Chapter IV.—Truce with Persia.
Chapter IV.—True Confession of
Chapter IV.—Valentinus, Ptolem
Chapter IV.—Various exhortatio
Chapter IV.—Waiving Allusion t
Chapter IV.—Waiving the Questi
Chapter IV.—War arises between
Chapter IV.—Warnings Against H
Chapter IV.—What Constantine t
Chapter IV.—What the Lord Jesu
Chapter IV.—What the Oil in th
Chapter IV.—Why it was the Son
Chapter IV.—Why the Christians
Chapter IV.—Why the Evil Princ
Chapter IV.—Wrong Derivation o
Chapter IV.—Zoroaster.
Chapter IX.
Chapter IX. Argument.—Further,
Chapter IX.595—The Christians 
Chapter IX.691
Chapter IX.—A Love-Letter.
Chapter IX.—After the Synod of
Chapter IX.—An Explanation of 
Chapter IX.—Another Cavil Answ
Chapter IX.—Argument: The Reli
Chapter IX.—Artemis.
Chapter IX.—Augustin and the M
Chapter IX.—Basilides Adopts t
Chapter IX.—Being Attacked by 
Chapter IX.—Certain General Pr
Chapter IX.—Christ’s Flesh Per
Chapter IX.—Clement’s Interpos
Chapter IX.—Concerning Faith a
Chapter IX.—Concerning the Hat
Chapter IX.—Concerning the Out
Chapter IX.—Concerning the wat
Chapter IX.—Concerning what is
Chapter IX.—Concluding salutat
Chapter IX.—Constantine enacts
Chapter IX.—Continuation of th
Chapter IX.—Continuation: igno
Chapter IX.—Council of Milan. 
Chapter IX.—Decrees of the Sec
Chapter IX.—Disappearance of H
Chapter IX.—Dispute between Th
Chapter IX.—Duties of husbands
Chapter IX.—Ejection of Paul a
Chapter IX.—Elchasai Derived H
Chapter IX.—Eternal punishment
Chapter IX.—Examples of the Sa
Chapter IX.—Examples of the sa
Chapter IX.—Excess in Dress, a
Chapter IX.—Exhortations to th
Chapter IX.—Existence of Evil 
Chapter IX.—Faustus Himself Ap
Chapter IX.—Folly of idol wors
Chapter IX.—From Examples Tert
Chapter IX.—From Fasts Absolut
Chapter IX.—Further Astronomic
Chapter IX.—God a Jealous God.
Chapter IX.—God the Centre or 
Chapter IX.—God’s Distribution
Chapter IX.—God’s Love for the
Chapter IX.—He Compares the Do
Chapter IX.—He Describes the P
Chapter IX.—Honour the bishop.
Chapter IX.—How Demons Get Pow
Chapter IX.—How Jesus Carried 
Chapter IX.—How Simon Bears Hi
Chapter IX.—In reply to the qu
Chapter IX.—Innocent Alypius, 
Chapter IX.—It Was a Pleasure 
Chapter IX.—Josephus and the W
Chapter IX.—Let us live with C
Chapter IX.—Letter of Constant
Chapter IX.—Marcion’s Gnostic 
Chapter IX.—Martyrdom of the S
Chapter IX.—Not Only Things, B
Chapter IX.—Objections Continu
Chapter IX.—Of Certain Persons
Chapter IX.—Of Eusebius of Emi
Chapter IX.—Of Patience Under 
Chapter IX.—Of the Mockery Whi
Chapter IX.—Of the Philosopher
Chapter IX.—Of the Prophecies 
Chapter IX.—Of the Question Ho
Chapter IX.—Of the Virtue and 
Chapter IX.—Of the heresy of t
Chapter IX.—Of what befell Jul
Chapter IX.—On the World and t
Chapter IX.—One and the same G
Chapter IX.—Other Capricious F
Chapter IX.—Out of St. Luke’s 
Chapter IX.—Parmenides; His Th
Chapter IX.—Particulars of the
Chapter IX.—Patience inculcate
Chapter IX.—Polycarp refuses t
Chapter IX.—Possessions are Tr
Chapter IX.—Pray for the churc
Chapter IX.—Preaching of Barna
Chapter IX.—Professions of Som
Chapter IX.—Recapitulation.882
Chapter IX.—Reference to the h
Chapter IX.—Refutation of Marc
Chapter IX.—Refutation of the 
Chapter IX.—Samson’s Admonitor
Chapter IX.—Sapor King of Pers
Chapter IX.—Second Marriage a 
Chapter IX.—Serapion, the Arch
Chapter IX.—Showing how that p
Chapter IX.—Simon Attacks Pete
Chapter IX.—Simon Magus: His P
Chapter IX.—Simon Tries to Sho
Chapter IX.—Simon’s Interpreta
Chapter IX.—Simple and Compoun
Chapter IX.—State of Innocence
Chapter IX.—Sufferings of thos
Chapter IX.—Sundry Inevitable 
Chapter IX.—Synodical letter f
Chapter IX.—System of the Pera
Chapter IX.—Tatian.
Chapter IX.—That One of the Cr
Chapter IX.—That he was the So
Chapter IX.—That the Heaven of
Chapter IX.—That the Judgment 
Chapter IX.—That the Love of a
Chapter IX.—That the Mind Comm
Chapter IX.—The Bishops of Ant
Chapter IX.—The Bishops under 
Chapter IX.—The Body of Paul, 
Chapter IX.—The Catholic Rule 
Chapter IX.—The Christians hav
Chapter IX.—The Dispensation o
Chapter IX.—The Disturbance wh
Chapter IX.—The Doctrine of th
Chapter IX.—The Epistle of Adr
Chapter IX.—The Epistle of the
Chapter IX.—The Letter of the 
Chapter IX.—The Lost Ones.
Chapter IX.—The Martyrdom of J
Chapter IX.—The Miracles of Na
Chapter IX.—The Mother Begs Ba
Chapter IX.—The Old Testament 
Chapter IX.—The Power of Rome.
Chapter IX.—The Research After
Chapter IX.—The Ridiculous Fan
Chapter IX.—The Second Return 
Chapter IX.—The Son of God, Wh
Chapter IX.—The Time and Arran
Chapter IX.—The Times of Pilat
Chapter IX.—The Two Kingdoms.
Chapter IX.—The Ungodly Baptis
Chapter IX.—The Victory of Con
Chapter IX.—The Victory of the
Chapter IX.—The Virgins Immedi
Chapter IX.—The antiquity of M
Chapter IX.—The resurrection o
Chapter IX.—The spiritual mean
Chapter IX.—Theories in Regard
Chapter IX.—There is but one C
Chapter IX.—There is but one a
Chapter IX.—Those in Thebais.2
Chapter IX.—Types of the Red S
Chapter IX.—Uncertainty of the
Chapter IX.—Unworthy Ends of P
Chapter IX.—Use of Baptism.
Chapter IX.—Valens persecutes 
Chapter IX.—Valentinus.
Chapter IX.—Veiling Consistent
Chapter IX.—We Shall Be Judged
Chapter IX.—Why the Holy Spiri
Chapter IX.—Why the Son was se
Chapter IX.—Why the Wicked One
Chapter IX.—Wisdom and the Beg
Chapter IX.—Ye have given no h
Chapter IX.—“Conceived in Sin.
Chapter IX.—“Eyes Have They, B
Chapter IX.—“Let Brotherly Lov
Chapter IX.—“The Weak Things o
Chapter IX.—“Vindicate the Way
Chapter L.
Chapter L.—A Satisfactory Answ
Chapter L.—Embassy and Present
Chapter L.—Folly of Astrology.
Chapter L.—His Rejection by th
Chapter L.—His Teaching Concer
Chapter L.—His humiliation pre
Chapter L.—How Licinius attemp
Chapter L.—In What Sense Flesh
Chapter L.—It is proved from I
Chapter L.—Let Us Pray to Be T
Chapter L.—Let us pray to be t
Chapter L.—Marcus and Colarbas
Chapter L.—Of the Occasion on 
Chapter L.—Peter’s Benediction
Chapter L.—Philosophers Not Be
Chapter L.—Simon’s Presumption
Chapter L.—That he erected Chu
Chapter L.—That the Persecutio
Chapter L.—The Absurd Opinion 
Chapter L.—The Flood.
Chapter LI
Chapter LI.
Chapter LI.—Christ the True Pr
Chapter LI.—Death Entirely Sep
Chapter LI.—Evils Brought in b
Chapter LI.—His Teaching Conce
Chapter LI.—Intrigues of Licin
Chapter LI.—It is proved that 
Chapter LI.—Let the Partakers 
Chapter LI.—Let the partakers 
Chapter LI.—Of Matthew’s Decla
Chapter LI.—Peter’s Accessibil
Chapter LI.—That Constantine d
Chapter LI.—That Constantine, 
Chapter LI.—That he ordered a 
Chapter LI.—The Hebdomadarii; 
Chapter LI.—The Only Saviour.
Chapter LI.—The Session of Jes
Chapter LI.—The Sixth Sense.
Chapter LI.—The majesty of Chr
Chapter LI.—Weigh in the Balan
Chapter LII.
Chapter LII.—All Kinds of Deat
Chapter LII.—Appion and Anubio
Chapter LII.—Banishment of the
Chapter LII.—Certain fulfilmen
Chapter LII.—Constantine’s Let
Chapter LII.—False Signs and M
Chapter LII.—From St. Paul’s A
Chapter LII.—Jacob predicted t
Chapter LII.—Of Matthew’s Agre
Chapter LII.—Other Sayings of 
Chapter LII.—Reductio Ad Absur
Chapter LII.—Sins of the Saint
Chapter LII.—Such a Confession
Chapter LII.—Such a confession
Chapter LII.—That after they h
Chapter LII.—The Manifold Form
Chapter LII.—The Saints Before
Chapter LII.—“No Rose Without 
Chapter LIII.
Chapter LIII.—A Transformation
Chapter LIII.—Animosity of the
Chapter LIII.—Close of the Con
Chapter LIII.—Edict that Women
Chapter LIII.—Everything Has I
Chapter LIII.—Having reigned a
Chapter LIII.—Jacob predicted 
Chapter LIII.—Not the Soul, Bu
Chapter LIII.—Of the Occasion 
Chapter LIII.—Other Sayings of
Chapter LIII.—Self-Love the Fo
Chapter LIII.—Simon’s Blasphem
Chapter LIII.—Summary of the p
Chapter LIII.—That the Barbari
Chapter LIII.—That the Saviour
Chapter LIII.—The Entire Soul 
Chapter LIII.—The Love of Mose
Chapter LIII.—The love of Mose
Chapter LIV.
Chapter LIV.—An Illustration.
Chapter LIV.—Death Swallowed U
Chapter LIV.—Destruction of Id
Chapter LIV.—Excitement in Ant
Chapter LIV.—God to Be Supreme
Chapter LIV.—He Who is Full of
Chapter LIV.—He who is full of
Chapter LIV.—How Simon Learned
Chapter LIV.—Jewish Sects.
Chapter LIV.—Of the Occasion o
Chapter LIV.—Of those who abus
Chapter LIV.—Origin of heathen
Chapter LIV.—Other Sayings.
Chapter LIV.—That those who re
Chapter LIV.—What Vengeance ov
Chapter LIV.—What the blood of
Chapter LIV.—Whither Does the 
Chapter LIX.
Chapter LIX.—A Scene of Mourni
Chapter LIX.—Farther Descripti
Chapter LIX.—God distinct from
Chapter LIX.—Good and Evil in 
Chapter LIX.—He gives Glory to
Chapter LIX.—Of the Disturbanc
Chapter LIX.—Of the Occasion o
Chapter LIX.—Our Flesh in the 
Chapter LIX.—Peter’s Resolutio
Chapter LIX.—Pharisees Refuted
Chapter LIX.—Plato’s obligatio
Chapter LIX.—That Maximin, bli
Chapter LIX.—The Corinthians a
Chapter LIX.—The Creator Our F
Chapter LIX.—The True Prophet.
Chapter LIX.—Warning Against D
Chapter LV
Chapter LV.
Chapter LV.—A Stratagem.
Chapter LV.—Constantine employ
Chapter LV.—Constantine gives 
Chapter LV.—Examples of Such L
Chapter LV.—Examples of such l
Chapter LV.—Of the Harmony Bet
Chapter LV.—Overthrow of an Id
Chapter LV.—Public Discussion.
Chapter LV.—Simon’s Objections
Chapter LV.—Symbols of the cro
Chapter LV.—Teaching of Christ
Chapter LV.—Ten Commandments C
Chapter LV.—The Change of a Th
Chapter LV.—The Christian Idea
Chapter LV.—The Lawless Conduc
Chapter LV.—The Two Kingdoms.
Chapter LV.—Trypho asks that C
Chapter LVI.
Chapter LVI.—At length he unde
Chapter LVI.—Destruction of th
Chapter LVI.—God who appeared 
Chapter LVI.—He prays that All
Chapter LVI.—How he took Bisho
Chapter LVI.—Let Us Admonish a
Chapter LVI.—Let us admonish a
Chapter LVI.—No God Above the 
Chapter LVI.—Of the Manifestat
Chapter LVI.—Origin of Evil.
Chapter LVI.—Refutation of the
Chapter LVI.—Sadducees Refuted
Chapter LVI.—Simon Resisted Pe
Chapter LVI.—Simon’s Design in
Chapter LVI.—Teaching of Chris
Chapter LVI.—The Procedure of 
Chapter LVI.—The demons still 
Chapter LVII.
Chapter LVII.—And cause persec
Chapter LVII.—Great Grief.
Chapter LVII.—He gives Glory t
Chapter LVII.—How he received 
Chapter LVII.—How the Gentiles
Chapter LVII.—Let the Authors 
Chapter LVII.—Let the authors 
Chapter LVII.—Magic and Sorcer
Chapter LVII.—Miracles of the 
Chapter LVII.—Of the Harmony B
Chapter LVII.—Our Bodies, Howe
Chapter LVII.—Samaritan Refute
Chapter LVII.—Simon’s Inconsis
Chapter LVII.—Teaching of Chri
Chapter LVII.—That Maximian,31
Chapter LVII.—The Jew objects,
Chapter LVII.—The Old Man Unco
Chapter LVIII.
Chapter LVIII.—And raise up he
Chapter LVIII.—Blessings sough
Chapter LVIII.—Concerning the 
Chapter LVIII.—Conclusion. Poi
Chapter LVIII.—Flight of Simon
Chapter LVIII.—From This Perfe
Chapter LVIII.—He glorifies hi
Chapter LVIII.—How It All Happ
Chapter LVIII.—How he destroye
Chapter LVIII.—Of the Man Who 
Chapter LVIII.—Scribes Refuted
Chapter LVIII.—Simon’s God Unj
Chapter LVIII.—Sitting in Judg
Chapter LVIII.—Submission the 
Chapter LVIII.—That Maximin, w
Chapter LVIII.—The same is pro
Chapter LVIII.—Truth Veiled wi
Chapter LX.
Chapter LX.—A Counterplot.
Chapter LX.—All the Characteri
Chapter LX.—An Admonition at t
Chapter LX.—Constantine’s Lett
Chapter LX.—Disciples of John 
Chapter LX.—He also erected hi
Chapter LX.—His Deliverances N
Chapter LX.—Of His Paying the 
Chapter LX.—Opinions of the Je
Chapter LX.—Plato’s doctrine o
Chapter LX.—Prayer Continued.
Chapter LX.—Successor to Be Ap
Chapter LX.—The Creator the Su
Chapter LX.—Uselessness of Pre
Chapter LXI.
Chapter LXI.—A Mine Dug.
Chapter LXI.—Caiaphas Answered
Chapter LXI.—Christian baptism
Chapter LXI.—His Sickness at H
Chapter LXI.—How Controversies
Chapter LXI.—Ignorance of the 
Chapter LXI.—Imagination.
Chapter LXI.—Monarchy.
Chapter LXI.—Of the Little Chi
Chapter LXI.—Prayer Continued—
Chapter LXI.—Ten Pairs.
Chapter LXI.—The Details of Ou
Chapter LXI.—The Emperor’s Let
Chapter LXII.
Chapter LXII.—A Case of Consci
Chapter LXII.—Concerning the S
Chapter LXII.—Constantine’s Ap
Chapter LXII.—Constantine’s Le
Chapter LXII.—End of the Confe
Chapter LXII.—Foolishness of P
Chapter LXII.—Its imitation by
Chapter LXII.—Obedience Leads 
Chapter LXII.—Of the Harmony S
Chapter LXII.—Our Destined Lik
Chapter LXII.—Peter’s Experien
Chapter LXII.—Summary and Conc
Chapter LXII.—The Christian Li
Chapter LXII.—The words “Let U
Chapter LXIII.
Chapter LXIII.—A Deserter from
Chapter LXIII.—A Pious Fraud.
Chapter LXIII.—Appeal to the J
Chapter LXIII.—Conclusion. The
Chapter LXIII.—Hortatory, Lett
Chapter LXIII.—How Constantine
Chapter LXIII.—How God appeare
Chapter LXIII.—How after his B
Chapter LXIII.—How he displaye
Chapter LXIII.—It is proved th
Chapter LXIII.—Of the Little C
Chapter LXIII.—Peter’s Reverie
Chapter LXIII.—Zacchæus Appoin
Chapter LXIV.
Chapter LXIV.—A Competition in
Chapter LXIV.—Andrew’s Rebuke.
Chapter LXIV.—Blessings Sought
Chapter LXIV.—Constantine’s De
Chapter LXIV.—Constantine’s Ed
Chapter LXIV.—Constantine’s Le
Chapter LXIV.—Declaration of S
Chapter LXIV.—Further misrepre
Chapter LXIV.—Justin adduces o
Chapter LXIV.—Of the Occasions
Chapter LXIV.—Temple to Be Des
Chapter LXIV.—The Bishopric.
Chapter LXIX.
Chapter LXIX.—Arrangements App
Chapter LXIX.—Faith and Reason
Chapter LXIX.—Mourning for Con
Chapter LXIX.—Of the Harmony B
Chapter LXIX.—Origin of the Co
Chapter LXIX.—Peter’s Thanksgi
Chapter LXIX.—The devil, since
Chapter LXIX.—Two Comings of C
Chapter LXIX.—“Not Forsaking t
Chapter LXI—Wisdom is begotten
Chapter LXV.
Chapter LXV.—Administration of
Chapter LXV.—Fallacy of Imagin
Chapter LXV.—His Continual Anx
Chapter LXV.—Lamentations of t
Chapter LXV.—Nolo Episcopari
Chapter LXV.—Of the Absence of
Chapter LXV.—Peter Resolves to
Chapter LXV.—Success of the Pl
Chapter LXV.—The Corinthians a
Chapter LXV.—The Heretics are 
Chapter LXV.—The Jew objects t
Chapter LXV.—Tumult Stilled by
Chapter LXVI.
Chapter LXVI.—Danger of Disobe
Chapter LXVI.—Discussion Resum
Chapter LXVI.—Existence and Co
Chapter LXVI.—He proves from I
Chapter LXVI.—How on the Disco
Chapter LXVI.—Of the Colt of t
Chapter LXVI.—Of the Eucharist
Chapter LXVI.—Removal of the B
Chapter LXVI.—That he also adj
Chapter LXVI.—Truth Told by Ly
Chapter LXVI.—Zacchæus Made Bi
Chapter LXVII.
Chapter LXVII.—Duties of Churc
Chapter LXVII.—Faustinianus is
Chapter LXVII.—He received the
Chapter LXVII.—Invitation to B
Chapter LXVII.—Of the Expulsio
Chapter LXVII.—Speech of Gamal
Chapter LXVII.—That Religion b
Chapter LXVII.—The Law Teaches
Chapter LXVII.—Trypho compares
Chapter LXVII.—Weekly worship 
Chapter LXVIII
Chapter LXVIII.
Chapter LXVIII.—Conclusion.
Chapter LXVIII.—He complains o
Chapter LXVIII.—Of the Witheri
Chapter LXVIII.—Peter’s Entry 
Chapter LXVIII.—Resolution of 
Chapter LXVIII.—The Rule of Fa
Chapter LXVIII.—The Visible an
Chapter LXVIII.—Twelve Sent Be
Chapter LXVIII.—“Marriage Alwa
Chapter LXX.
Chapter LXX.—Adjournment.
Chapter LXX.—An Exhortation to
Chapter LXX.—Departure of the 
Chapter LXX.—His Burial by his
Chapter LXX.—Miracles.
Chapter LXX.—Of the Two Sons W
Chapter LXX.—So also the myste
Chapter LXX.—Tumult Raised by 
Chapter LXX.—“Hear the Bishop.
Chapter LXXI.
Chapter LXXI.—Flight to Jerich
Chapter LXXI.—Of the Marriage 
Chapter LXXI.—Peter Prepares t
Chapter LXXI.—Sacred Service i
Chapter LXXI.—Separation from 
Chapter LXXI.—Success.
Chapter LXXI.—The Jews reject 
Chapter LXXI.—There should be 
Chapter LXXI.—Various Duties o
Chapter LXXII.
Chapter LXXII.—Happy Ending.
Chapter LXXII.—More Than Ten T
Chapter LXXII.—Of the Harmony 
Chapter LXXII.—Of the Phoenix.
Chapter LXXII.—Ordination.
Chapter LXXII.—Passages have b
Chapter LXXII.—Peter Sent to C
Chapter LXXII.—The Excess of h
Chapter LXXII.—The Remedy.
Chapter LXXIII.
Chapter LXXIII.—Baptisms.
Chapter LXXIII.—How Constantin
Chapter LXXIII.—Of the Person 
Chapter LXXIII.—The Controvers
Chapter LXXIII.—Tidings of Sim
Chapter LXXIII.—Welcomed by Za
Chapter LXXIII.—[The words] “F
Chapter LXXIV.
Chapter LXXIV.—Farewell to Cæs
Chapter LXXIV.—Of the Passage 
Chapter LXXIV.—Simon Magus Cha
Chapter LXXIV.—The God whom he
Chapter LXXIV.—The beginning o
Chapter LXXIX.
Chapter LXXIX.—He proves again
Chapter LXXIX.—Of the Concord 
Chapter LXXV.
Chapter LXXV.—Contents of Clem
Chapter LXXV.—He surpassed all
Chapter LXXV.—It is proved tha
Chapter LXXV.—Of the Pharisees
Chapter LXXVI.
Chapter LXXVI.—From other pass
Chapter LXXVI.—Of the Harmony 
Chapter LXXVII.
Chapter LXXVII.—He returns to 
Chapter LXXVII.—Of the Harmony
Chapter LXXVIII.
Chapter LXXVIII.—He proves tha
Chapter LXXVIII.—Of the Questi
Chapter LXXX.
Chapter LXXX.—Of the Harmony C
Chapter LXXX.—The opinion of J
Chapter LXXXI.
Chapter LXXXI.—He endeavours t
Chapter LXXXII.
Chapter LXXXII.—The prophetica
Chapter LXXXIII.
Chapter LXXXIII.—It is proved 
Chapter LXXXIV.
Chapter LXXXIV.—That prophecy,
Chapter LXXXIX.
Chapter LXXXIX.—The cross alon
Chapter LXXXV.
Chapter LXXXV.—He proves that 
Chapter LXXXVI.
Chapter LXXXVI.—There are vari
Chapter LXXXVII.
Chapter LXXXVII.—Trypho mainta
Chapter LXXXVIII.
Chapter LXXXVIII.—Christ has n
Chapter V.
Chapter V. Argument.—But There
Chapter V. Argument.—If We Reg
Chapter V.185—Sundry Objection
Chapter V.522—The Inconsistent
Chapter V.—A Charge.
Chapter V.—A Passage of Jeremi
Chapter V.—A Resolution.
Chapter V.—A Statement of the 
Chapter V.—Advantages of Knowl
Chapter V.—Anaximander; His Th
Chapter V.—Another Method of F
Chapter V.—Apostrophe to Satan
Chapter V.—Argument. Secundulu
Chapter V.—Argument: Cæcilius 
Chapter V.—As God is the Autho
Chapter V.—At the Recommendati
Chapter V.—Athanasius the Grea
Chapter V.—By the Rule of Anti
Chapter V.—Christ Truly Lived 
Chapter V.—Christ and His apos
Chapter V.—Christ, by Preservi
Chapter V.—Christians charged 
Chapter V.—Clement’s Affection
Chapter V.—Clement’s Office of
Chapter V.—Closing appeal.
Chapter V.—Concerning the Moti
Chapter V.—Concerning the Two 
Chapter V.—Concerning the numb
Chapter V.—Concerning the visi
Chapter V.—Connection of These
Chapter V.—Conquest of the Scy
Chapter V.—Constantine destroy
Chapter V.—Copies of Imperial 
Chapter V.—Cyril directs the S
Chapter V.—Death is the fate o
Chapter V.—Defence of the Coun
Chapter V.—Denunciation of fal
Chapter V.—Difference Between 
Chapter V.—Discretion the Bett
Chapter V.—Documents connected
Chapter V.—Engagement between 
Chapter V.—Eucharistic Rites. 
Chapter V.—Events at Antioch i
Chapter V.—Excellence of the K
Chapter V.—Explanation of the 
Chapter V.—Expressions of resp
Chapter V.—Faith is the Basis 
Chapter V.—Faith the Gift of G
Chapter V.—Forasmuch as Ye Did
Chapter V.—Formation of the De
Chapter V.—Freedom of Discussi
Chapter V.—God Created the Wor
Chapter V.—God Not Deserving o
Chapter V.—God sent Rain from 
Chapter V.—Gold and Silver Not
Chapter V.—Good and Evil.
Chapter V.—Gregory, the Theolo
Chapter V.—He Recognises the T
Chapter V.—He Rejects the Sacr
Chapter V.—He Seeks Rest in Go
Chapter V.—Heraclitus’ Estimat
Chapter V.—Heresy, as Well as 
Chapter V.—Hermogenes Coquets 
Chapter V.—Hero-Worship.
Chapter V.—His Design to Test 
Chapter V.—How the Citizens We
Chapter V.—How the Fight Begin
Chapter V.—How the angels tran
Chapter V.—I desire to die.
Chapter V.—I will not teach yo
Chapter V.—Ignatius is brought
Chapter V.—In reply to those w
Chapter V.—Jesus Inconsistent 
Chapter V.—John draws down upo
Chapter V.—John swayed the Peo
Chapter V.—Julian restores Lib
Chapter V.—Kronos and Rhea Exp
Chapter V.—Many Eminent Christ
Chapter V.—Marcion’s Cavils Co
Chapter V.—Marcus and Colarbas
Chapter V.—Mattidia Wishes to 
Chapter V.—Monoïmus; Man the U
Chapter V.—Moses and Christ.
Chapter V.—Mss. And Editions.
Chapter V.—Necessity of Inequa
Chapter V.—No Less Evils Have 
Chapter V.—No less evils have 
Chapter V.—Nonentity as a Caus
Chapter V.—Of Lucifer and Euse
Chapter V.—Of Manichæus Pertin
Chapter V.—Of Sacrifices.
Chapter V.—Of Sin and Danger I
Chapter V.—Of the Accounts Whi
Chapter V.—Of the Causes Which
Chapter V.—Of the Disagreement
Chapter V.—Of the Love of Offs
Chapter V.—Of the Prohibition 
Chapter V.—Of the Statement Wh
Chapter V.—Of the Word Woman, 
Chapter V.—Of the campaign of 
Chapter V.—Of the fourth exile
Chapter V.—Of the reign of Val
Chapter V.—On Justice and Good
Chapter V.—On Rational Natures
Chapter V.—Opinions of Plato a
Chapter V.—Peter Commences the
Chapter V.—Peter Departs for S
Chapter V.—Peter Doubts Simon’
Chapter V.—Philo’s Embassy to 
Chapter V.—Potamiæna.1799
Chapter V.—Practical Refutatio
Chapter V.—Pray for me.
Chapter V.—Probable View of th
Chapter V.—Proceeding to the H
Chapter V.—Proof that God is o
Chapter V.—Questions Concernin
Chapter V.—Refutation of the A
Chapter V.—Refutation of the p
Chapter V.—Salutations and goo
Chapter V.—Sentence pronounced
Chapter V.—Simon Appeals to Sc
Chapter V.—Simon Magus, a Form
Chapter V.—Sin Never to Be Ret
Chapter V.—Some Considerations
Chapter V.—Some Refinements in
Chapter V.—Sophonias Maintains
Chapter V.—Subject Continued. 
Chapter V.—Sundry Features of 
Chapter V.—That Christ, the So
Chapter V.—That Man Knoweth No
Chapter V.—That he reigned abo
Chapter V.—That the World Took
Chapter V.—The Adjuration Acce
Chapter V.—The Bishops of Jeru
Chapter V.—The Death of Consta
Chapter V.—The Different Natio
Chapter V.—The Dispute of Ariu
Chapter V.—The Dual Principle 
Chapter V.—The Evolution of th
Chapter V.—The Fear of God.
Chapter V.—The First Epistle t
Chapter V.—The Forged Acts.
Chapter V.—The Fourth Clause.
Chapter V.—The Gifts of Virgin
Chapter V.—The Heresy of Maced
Chapter V.—The Holy Father Fol
Chapter V.—The Irksomeness and
Chapter V.—The Last Siege of t
Chapter V.—The Letter of Euseb
Chapter V.—The Malignity of th
Chapter V.—The Mystery of the 
Chapter V.—The Naasseni.
Chapter V.—The Partial Council
Chapter V.—The Peace following
Chapter V.—The Physical Theory
Chapter V.—The Presbyter Sabba
Chapter V.—The Relation of Man
Chapter V.—The Reward of Virgi
Chapter V.—The Sixty Queens: W
Chapter V.—The Time of his App
Chapter V.—The Vow of Chastity
Chapter V.—The Woman Who Bring
Chapter V.—The Worship of the 
Chapter V.—The author returns 
Chapter V.—The departure and v
Chapter V.—The duties of deaco
Chapter V.—The duties of husba
Chapter V.—The manners of the 
Chapter V.—The new covenant, f
Chapter V.—The praise of unity
Chapter V.—The prolonged life 
Chapter V.—The resurrection of
Chapter V.—The soul is not in 
Chapter V.—The vain pretension
Chapter V.—Their dangerous err
Chapter V.—Theory of Magic.
Chapter V.—This World Should B
Chapter V.—This world was not 
Chapter V.—Those in Nicomedia.
Chapter V.—Unity of Marriage T
Chapter V.—Use Made of Water b
Chapter V.—Use of Errors.
Chapter V.—Various relative du
Chapter V.—Virtues of the Mant
Chapter V.—What Licinius, whil
Chapter V.—What May Have Been 
Chapter V.—Where There is Only
Chapter V.—Why Weeping is Plea
Chapter VI.
Chapter VI. Argument.—And That
Chapter VI. Argument.—But, on 
Chapter VI.2951—Copy of an Imp
Chapter VI.531—The Innocence o
Chapter VI.— The Relation of M
Chapter VI.—A Congregation.
Chapter VI.—About the Time of 
Chapter VI.—Abstain from the p
Chapter VI.—After the Death of
Chapter VI.—Alaric the Goth. H
Chapter VI.—Alexander, Bishop 
Chapter VI.—Although Writing i
Chapter VI.—An Apparition seen
Chapter VI.—Anaximenes; His Sy
Chapter VI.—Argument. From the
Chapter VI.—Argument: The Obje
Chapter VI.—Arrangements of th
Chapter VI.—Athanasius, after 
Chapter VI.—Authorities in Sup
Chapter VI.—Baptism Not to Be 
Chapter VI.—By death I shall a
Chapter VI.—Catalogue of the B
Chapter VI.—Cerdo, Marcion, Lu
Chapter VI.—Charge of atheism 
Chapter VI.—Clement of Alexand
Chapter VI.—Community in Certa
Chapter VI.—Concealment and Re
Chapter VI.—Concerning the Ari
Chapter VI.—Concerning the Hea
Chapter VI.—Concerning the Wor
Chapter VI.—Concerning the que
Chapter VI.—Conduct of Callist
Chapter VI.—Conquest of the Sa
Chapter VI.—Continuation.
Chapter VI.—Continuation. Seve
Chapter VI.—Council held at Sa
Chapter VI.—Danger of Having t
Chapter VI.—Death of Jovian; T
Chapter VI.—Deceived by His Ow
Chapter VI.—Divinity of Virgin
Chapter VI.—Division begins in
Chapter VI.—Do not accept Juda
Chapter VI.—Documents connecte
Chapter VI.—Effects of Baptism
Chapter VI.—Eusebius surnamed 
Chapter VI.—Examples of Heathe
Chapter VI.—Examples of Such O
Chapter VI.—Explanation of the
Chapter VI.—Faustus Was Indeed
Chapter VI.—Fire-Worship.
Chapter VI.—Free-Will.
Chapter VI.—Further Distinctio
Chapter VI.—Further disagreeme
Chapter VI.—Gaïnas the Goth at
Chapter VI.—General Council of
Chapter VI.—God Cares Even for
Chapter VI.—God to Be Loved Mo
Chapter VI.—God will bestow sa
Chapter VI.—God’s Power of Cha
Chapter VI.—Gregory of Nazianz
Chapter VI.—Have respect to th
Chapter VI.—He Confesses that 
Chapter VI.—He Describes His I
Chapter VI.—He Did Not, Howeve
Chapter VI.—He Refutes the Div
Chapter VI.—He is Baptized at 
Chapter VI.—Hears of Christ.
Chapter VI.—Heretics are Self-
Chapter VI.—His Friend Being S
Chapter VI.—How Christians Sho
Chapter VI.—How Jesus Was Trea
Chapter VI.—How he ordered a C
Chapter VI.—Idolatry Condemned
Chapter VI.—Ignatius is devour
Chapter VI.—Lucifer goes to An
Chapter VI.—Marcion Untrue to 
Chapter VI.—Marcion’s Object i
Chapter VI.—Monoïmus’ “Iota;” 
Chapter VI.—Names of God and o
Chapter VI.—Not the Lowliness 
Chapter VI.—Of Apollo and Daph
Chapter VI.—Of Dyeing the Hair
Chapter VI.—Of Precious Stones
Chapter VI.—Of the Abolition a
Chapter VI.—Of the Circumstanc
Chapter VI.—Of the Four Living
Chapter VI.—Of the Harmony Cha
Chapter VI.—Of the election of
Chapter VI.—Of the reign of Th
Chapter VI.—On the End of the 
Chapter VI.—On the End or Cons
Chapter VI.—On the Incarnation
Chapter VI.—On the Position Gi
Chapter VI.—On the Source and 
Chapter VI.—Patience Both Ante
Chapter VI.—Peter Accuses Simo
Chapter VI.—Peter Goes Out to 
Chapter VI.—Peter in Sidon.
Chapter VI.—Peter’s Authority.
Chapter VI.—Peter’s Frugality.
Chapter VI.—Peter’s Simplicity
Chapter VI.—Phanes and Pluto.
Chapter VI.—Photinus, Bishop o
Chapter VI.—Polycarp is betray
Chapter VI.—Pontitianus’ Accou
Chapter VI.—Preserve harmony.
Chapter VI.—Proceedings of Joh
Chapter VI.—Purgatory and Hell
Chapter VI.—Renewed cautions.
Chapter VI.—Restoration of the
Chapter VI.—Scruples.
Chapter VI.—Sikera, a Manufact
Chapter VI.—Simon Appeals to t
Chapter VI.—Simon Magus: His W
Chapter VI.—Simon’s Departure.
Chapter VI.—Simon’s System Exp
Chapter VI.—Subject Continued.
Chapter VI.—Substance, Accordi
Chapter VI.—That he was the Se
Chapter VI.—That in one of its
Chapter VI.—The Angel the Fore
Chapter VI.—The Arguments of t
Chapter VI.—The Case of Abraha
Chapter VI.—The Changes of the
Chapter VI.—The Divine Way of 
Chapter VI.—The Doctrine of Ap
Chapter VI.—The Duty of a Bish
Chapter VI.—The Eighty Concubi
Chapter VI.—The Falsity of the
Chapter VI.—The Famine which o
Chapter VI.—The Father of Cons
Chapter VI.—The Fifth Clause.
Chapter VI.—The Heresy of Sabe
Chapter VI.—The Last Siege of 
Chapter VI.—The Leaders of Ari
Chapter VI.—The Love of God, i
Chapter VI.—The Love of Man.
Chapter VI.—The Misfortunes wh
Chapter VI.—The Mystery of the
Chapter VI.—The Nature of Reve
Chapter VI.—The Objection from
Chapter VI.—The Old Man Oppose
Chapter VI.—The Ophites the Gr
Chapter VI.—The Other Side of 
Chapter VI.—The Parallel Case 
Chapter VI.—The Peratæ.
Chapter VI.—The Physical Tende
Chapter VI.—The Present and Fu
Chapter VI.—The Reason why und
Chapter VI.—The Shifts to Whic
Chapter VI.—The Sons Reveal Th
Chapter VI.—The True Prophet.
Chapter VI.—The Two Principles
Chapter VI.—The Whole Number o
Chapter VI.—The Word of God is
Chapter VI.—The Works of the C
Chapter VI.—The angels and the
Chapter VI.—The duties of pres
Chapter VI.—The duties of the 
Chapter VI.—The relation of Ch
Chapter VI.—The resurrection c
Chapter VI.—The sufferings of 
Chapter VI.—The threefold kind
Chapter VI.—These things were 
Chapter VI.—This Liberty Vindi
Chapter VI.—Those in the Palac
Chapter VI.—Those who suffered
Chapter VI.—Tidings from Judæa
Chapter VI.—Virginity to Be Cu
Chapter VI.—We should acknowle
Chapter VI.—Why God Suffers Ob
Chapter VI.—Why He Delighted i
Chapter VI.—Why the Holy Ghost
Chapter VI.—Zodiacal Influence
Chapter VII.
Chapter VII. Argument.—Moreove
Chapter VII.545—The Christians
Chapter VII.—A Distinction wit
Chapter VII.—A Statement of Au
Chapter VII.—Account of the Bi
Chapter VII.—Ambassadors from 
Chapter VII.—An Exhortation to
Chapter VII.—An exhortation to
Chapter VII.—Anaxagoras; His T
Chapter VII.—Appion’s Salutati
Chapter VII.—Argument: That th
Chapter VII.—Aristotle’s Cosmo
Chapter VII.—Arrival of Barnab
Chapter VII.—Avoid the Docetæ,
Chapter VII.—Beware of false t
Chapter VII.—By His Co-Eternal
Chapter VII.—By the Co-operati
Chapter VII.—Clearly Seeing th
Chapter VII.—Clement’s Argumen
Chapter VII.—Comparison with C
Chapter VII.—Concerning Eutrop
Chapter VII.—Concerning light,
Chapter VII.—Concerning the Ho
Chapter VII.—Concerning the Se
Chapter VII.—Concerning the on
Chapter VII.—Confutation of Ar
Chapter VII.—Continuation.
Chapter VII.—Continuation: inc
Chapter VII.—Created things ar
Chapter VII.—Cyril succeeds Th
Chapter VII.—Death of the Tyra
Chapter VII.—Dissension betwee
Chapter VII.—Do nothing withou
Chapter VII.—Duties of Presbyt
Chapter VII.—Each Christian mu
Chapter VII.—Eucharistic Doctr
Chapter VII.—Eunomius supersed
Chapter VII.—Even down to thos
Chapter VII.—Even the Old Disc
Chapter VII.—Exhortation to co
Chapter VII.—Explanation of th
Chapter VII.—Fasting, and the 
Chapter VII.—From Patriarchal,
Chapter VII.—Further Examples 
Chapter VII.—Gregory, finding 
Chapter VII.—Grief of the Fait
Chapter VII.—He Attacks the Do
Chapter VII.—He Deplores His W
Chapter VII.—He Gives Thanks t
Chapter VII.—He Leads to Refor
Chapter VII.—He Shows by Examp
Chapter VII.—He is Severely Ex
Chapter VII.—Hermogenes Held t
Chapter VII.—High Priests of R
Chapter VII.—How Jesus Raised 
Chapter VII.—How the Iberians 
Chapter VII.—I have exhorted y
Chapter VII.—If God Had Anyhow
Chapter VII.—Ignatius appears 
Chapter VII.—In answer to thos
Chapter VII.—In regard to Thin
Chapter VII.—Inasmuch as Chris
Chapter VII.—Inconsistencies o
Chapter VII.—Innocent the Bish
Chapter VII.—Let us stand aloo
Chapter VII.—Letters of the Em
Chapter VII.—Man in the Shape 
Chapter VII.—Marcion Rejected 
Chapter VII.—Monoïmus on the S
Chapter VII.—Moses and Christ.
Chapter VII.—Motion Vindicated
Chapter VII.—Nicetas Tells Wha
Chapter VII.—Objections to the
Chapter VII.—Of Elaborate Dres
Chapter VII.—Of Repentance, in
Chapter VII.—Of Theodorus the 
Chapter VII.—Of famous leaders
Chapter VII.—Of the Church Hym
Chapter VII.—Of the Fact that 
Chapter VII.—Of the General Co
Chapter VII.—Of the Parables o
Chapter VII.—Of the Reasons As
Chapter VII.—Of the Thorough H
Chapter VII.—Of the Two Herods
Chapter VII.—Of the Unction.
Chapter VII.—On Incorporeal an
Chapter VII.—On the Arian Symb
Chapter VII.—On the Holy Spiri
Chapter VII.—Other Beings Besi
Chapter VII.—Out of Nothing Go
Chapter VII.—Pagan Philosophy 
Chapter VII.—Peter Appeals to 
Chapter VII.—Peter Suspects Si
Chapter VII.—Peter’s Humility.
Chapter VII.—Pilate’s Suicide.
Chapter VII.—Polycarp is found
Chapter VII.—Poseidon, Zeus, a
Chapter VII.—Practical Absurdi
Chapter VII.—Prophecy Sets For
Chapter VII.—Rarity the Only C
Chapter VII.—Reason of desirin
Chapter VII.—Recapitulation of
Chapter VII.—Reply to an objec
Chapter VII.—Request that Poly
Chapter VII.—Responsibility of
Chapter VII.—Sacrificial Orgie
Chapter VII.—Simon Confesses H
Chapter VII.—Simon Magus: His 
Chapter VII.—Simon’s System of
Chapter VII.—Solemn charge to 
Chapter VII.—St. Paul’s Phrase
Chapter VII.—Tatian, Cataphryg
Chapter VII.—That God is to Be
Chapter VII.—That Victory ever
Chapter VII.—That the Holy Spi
Chapter VII.—The Abominable Er
Chapter VII.—The Alleged Discr
Chapter VII.—The Case of a Hea
Chapter VII.—The Causes of Imp
Chapter VII.—The Child of the 
Chapter VII.—The Church Interm
Chapter VII.—The Death of a Hu
Chapter VII.—The Decree agains
Chapter VII.—The Earth Made fo
Chapter VII.—The Earthy Materi
Chapter VII.—The Egyptians in 
Chapter VII.—The Emperor Const
Chapter VII.—The Exemption of 
Chapter VII.—The Explanation o
Chapter VII.—The First Eight E
Chapter VII.—The Gods of the M
Chapter VII.—The Gospel in Rom
Chapter VII.—The Objection Ans
Chapter VII.—The Old Man Tells
Chapter VII.—The Old and the N
Chapter VII.—The Personal Hist
Chapter VII.—The Persons that 
Chapter VII.—The Predictions o
Chapter VII.—The Question Whet
Chapter VII.—The Rational Soul
Chapter VII.—The Relation of M
Chapter VII.—The Sethians.
Chapter VII.—The Sick Healed.
Chapter VII.—The Sixth Clause.
Chapter VII.—The Son by Being 
Chapter VII.—The Soul’s Corpor
Chapter VII.—The System of the
Chapter VII.—The True Virgin.
Chapter VII.—The Two Paths.
Chapter VII.—The Virgins,2698 
Chapter VII.—The Way Cleared.
Chapter VII.—The Works of Chri
Chapter VII.—The Writer, Judas
Chapter VII.—The body valuable
Chapter VII.—The knowledge of 
Chapter VII.—The manifestation
Chapter VII.—The mother Achamo
Chapter VII.—The same continue
Chapter VII.—The world preserv
Chapter VII.—Troubled by Restl
Chapter VII.—Troubles again ar
Chapter VII.—Unaided Quest of 
Chapter VII.—Unprofitableness 
Chapter VII.—Uses of Consideri
Chapter VII.—Violent Death and
Chapter VII.—We Must Strive in
Chapter VII.—What is Impiety?
Chapter VII.—“Let Both Grow To
Chapter VII.—“Not to Be Minist
Chapter VIII.
Chapter VIII. Argument.—It is 
Chapter VIII.585—The Calumny A
Chapter VIII.672
Chapter VIII.—A Challenge.
Chapter VIII.—A Large Congrega
Chapter VIII.—A Synod consisti
Chapter VIII.—Absurdity of Mar
Chapter VIII.—Admitted Evils.
Chapter VIII.—All have been ha
Chapter VIII.—An Explanation o
Chapter VIII.—Answer to an obj
Chapter VIII.—Antiphonal Hymns
Chapter VIII.—Antiquity, inspi
Chapter VIII.—Apelles and His 
Chapter VIII.—Archelaus; Syste
Chapter VIII.—Argument: The Im
Chapter VIII.—Arguments Drawn 
Chapter VIII.—Arrival of Const
Chapter VIII.—Arrival of the E
Chapter VIII.—Basilides and Is
Chapter VIII.—Be on your guard
Chapter VIII.—Be ye favourable
Chapter VIII.—Blastus, Two The
Chapter VIII.—By God’s Assista
Chapter VIII.—Caution against 
Chapter VIII.—Christianity, by
Chapter VIII.—Christians confe
Chapter VIII.—Christ’s Word, S
Chapter VIII.—Clement’s Family
Chapter VIII.—Concerning Theod
Chapter VIII.—Concerning air a
Chapter VIII.—Concerning the H
Chapter VIII.—Conclusion.
Chapter VIII.—Continuation Res
Chapter VIII.—Continuation res
Chapter VIII.—Continuation: ig
Chapter VIII.—Created things a
Chapter VIII.—Departure from R
Chapter VIII.—Desires of the F
Chapter VIII.—Does the body ca
Chapter VIII.—Ecclesiastical W
Chapter VIII.—Election of Nect
Chapter VIII.—Eusebius having 
Chapter VIII.—Examples from Sc
Chapter VIII.—Examples of a Si
Chapter VIII.—Exhortations to 
Chapter VIII.—Facts relating t
Chapter VIII.—Family History.
Chapter VIII.—Flattery or Magi
Chapter VIII.—From the Law Ter
Chapter VIII.—Further Progress
Chapter VIII.—God’s Figure: Si
Chapter VIII.—He Argues Agains
Chapter VIII.—He Sets Out for 
Chapter VIII.—Heaven and Earth
Chapter VIII.—His Preaching.
Chapter VIII.—How Jesus Healed
Chapter VIII.—How the Armenian
Chapter VIII.—How the Only-beg
Chapter VIII.—How the Valentin
Chapter VIII.—If It Be Granted
Chapter VIII.—In His Theft He 
Chapter VIII.—In reply to thos
Chapter VIII.—Is Matter Wicked
Chapter VIII.—Joseph and Potip
Chapter VIII.—Justin by his co
Chapter VIII.—Let nothing be d
Chapter VIII.—Let other church
Chapter VIII.—Liberty and Nece
Chapter VIII.—List of the Bene
Chapter VIII.—Man the Image of
Chapter VIII.—Man, Endued with
Chapter VIII.—Men Not Excluded
Chapter VIII.—Monoïmus Explain
Chapter VIII.—Necessity of Bap
Chapter VIII.—Nicetas Like to 
Chapter VIII.—No Gods Which ar
Chapter VIII.—Objections Conti
Chapter VIII.—Of Luke’s Gospel
Chapter VIII.—Of Patience Unde
Chapter VIII.—Of the Absence o
Chapter VIII.—Of the Conversio
Chapter VIII.—Of the Impositio
Chapter VIII.—Of the Oracle fo
Chapter VIII.—Of the Prodigal 
Chapter VIII.—Of the Question 
Chapter VIII.—Of the Synod whi
Chapter VIII.—Of the Times of 
Chapter VIII.—Of the confiscat
Chapter VIII.—On His Own Princ
Chapter VIII.—On the Angels.
Chapter VIII.—On the Soul (Ani
Chapter VIII.—Origen’s Daring 
Chapter VIII.—Other Arts Made 
Chapter VIII.—Other Platonist 
Chapter VIII.—Other Proofs fro
Chapter VIII.—Pallas and Hera.
Chapter VIII.—Persevere in hop
Chapter VIII.—Peter Undertakes
Chapter VIII.—Place of S. Cyri
Chapter VIII.—Polycarp is brou
Chapter VIII.—Prodigies of the
Chapter VIII.—Propagation of C
Chapter VIII.—Providence Vindi
Chapter VIII.—Quotations from 
Chapter VIII.—Rebellion of Att
Chapter VIII.—Renewed praise o
Chapter VIII.—Revolt and Extra
Chapter VIII.—Sect of the Elch
Chapter VIII.—Simon Magus.
Chapter VIII.—Simon Magus: His
Chapter VIII.—Simon and Peter 
Chapter VIII.—Specific Points.
Chapter VIII.—Stephanus Depose
Chapter VIII.—Synodical Epistl
Chapter VIII.—Test of Truth.
Chapter VIII.—That Fifty Men w
Chapter VIII.—That God bestows
Chapter VIII.—That His Grief C
Chapter VIII.—That Nothing Wha
Chapter VIII.—That When a Boy 
Chapter VIII.—That Word Itself
Chapter VIII.—That he conquere
Chapter VIII.—That he wrote al
Chapter VIII.—That the Assembl
Chapter VIII.—The Argument E C
Chapter VIII.—The Arians and t
Chapter VIII.—The Best Merchan
Chapter VIII.—The Bones and Fl
Chapter VIII.—The Conversation
Chapter VIII.—The Cruelty of H
Chapter VIII.—The Double Altar
Chapter VIII.—The Faithful in 
Chapter VIII.—The Famine which
Chapter VIII.—The Gods of the 
Chapter VIII.—The Heterodoxy o
Chapter VIII.—The Human Nature
Chapter VIII.—The Misfortunes 
Chapter VIII.—The Names and De
Chapter VIII.—The Necessity of
Chapter VIII.—The Old Man Give
Chapter VIII.—The Origin of th
Chapter VIII.—The Peratæ Deriv
Chapter VIII.—The Present and 
Chapter VIII.—The Relation of 
Chapter VIII.—The Same Rule Ho
Chapter VIII.—The Same When at
Chapter VIII.—The Service of G
Chapter VIII.—The Seventh or F
Chapter VIII.—The Signs which 
Chapter VIII.—The Statements o
Chapter VIII.—The Subsequent W
Chapter VIII.—The Work of Reve
Chapter VIII.—The council asse
Chapter VIII.—The gifts of the
Chapter VIII.—The miserable st
Chapter VIII.—The red heifer a
Chapter VIII.—The same continu
Chapter VIII.—Those in Egypt.2
Chapter VIII.—Though the Son o
Chapter VIII.—Uses of Evils.
Chapter VIII.—Vain attempts of
Chapter VIII.—Virgins, by the 
Chapter VIII.—Wiles of the Dev
Chapter VIII.——Of the Nature a
Chapter VIII.—“Do Good Unto Al
Chapter VIII—Instincts.
Chapter VI—Exhortations to pur
Chapter VI—The Holy Ghost, thr
Chapter VI—Unbelievers in the 
Chapter X
Chapter X.
Chapter X. Argument.—That Jesu
Chapter X.136
Chapter X.604—The Christians a
Chapter X.—A Conversation He H
Chapter X.—A Cool Retreat.
Chapter X.—A Disgraceful Featu
Chapter X.—A Roman Lady who ma
Chapter X.—A Statement of the 
Chapter X.—Acknowledgment of t
Chapter X.—Agrippa, who was al
Chapter X.—All Such Stories ar
Chapter X.—Another Account of 
Chapter X.—Another Cavil Met, 
Chapter X.—Another Class of He
Chapter X.—Application of the 
Chapter X.—Argument: Whatever 
Chapter X.—Basilides.
Chapter X.—Beware of Judaizing
Chapter X.—Birth of Valentinia
Chapter X.—By a comparison dra
Chapter X.—Cavils of the Philo
Chapter X.—Christ compared wit
Chapter X.—Christians slain by
Chapter X.—Concerning Faith.
Chapter X.—Concerning Martyriu
Chapter X.—Concerning St. Hila
Chapter X.—Concerning Valentin
Chapter X.—Concerning divine u
Chapter X.—Concerning earth an
Chapter X.—Concerning the Grea
Chapter X.—Concerning the Pass
Chapter X.—Concerning the Tris
Chapter X.—Conclusion.
Chapter X.—Congratulate the in
Chapter X.—Continuation of the
Chapter X.—Continuation: audac
Chapter X.—Council in the Pala
Chapter X.—Creation Implies Pr
Chapter X.—David’s Sin, So Adm
Chapter X.—Denunciation of Dan
Chapter X.—Disappearance of Hi
Chapter X.—Divers Machinations
Chapter X.—Divine Things are t
Chapter X.—Doctrine of the Res
Chapter X.—Duties of masters a
Chapter X.—Elchasai’s Mode of 
Chapter X.—Epiphanius Bishop o
Chapter X.—Exhortation to the 
Chapter X.—Exhortations to pra
Chapter X.—Faustus Explains Hi
Chapter X.—Further Proofs of t
Chapter X.—He Begs of God that
Chapter X.—He Refutes the Opin
Chapter X.—He Reproves the Tri
Chapter X.—Hermogenes; Adopts 
Chapter X.—Holy Scripture Magn
Chapter X.—How God is to be se
Chapter X.—How Jesus Sowed Whe
Chapter X.—How They are to Be 
Chapter X.—How to Make Progres
Chapter X.—Idolatry a Delusion
Chapter X.—If the Female Virgi
Chapter X.—Intercourse with Ba
Chapter X.—Jesus the True Prop
Chapter X.—Leucippus; His Atom
Chapter X.—Literature is Not I
Chapter X.—Mattidia Values Bap
Chapter X.—Necessity of Good W
Chapter X.—Objections Continue
Chapter X.—Of Hilary Bishop of
Chapter X.—Of John’s Baptism.
Chapter X.—Of Men’s Shrinking 
Chapter X.—Of Revenge.
Chapter X.—Of Schoolmasters an
Chapter X.—Of Some Who are Mad
Chapter X.—Of Stations, and of
Chapter X.—Of the Evangelist J
Chapter X.—Of the Method in Wh
Chapter X.—Of the Need for thi
Chapter X.—Of the Son of the P
Chapter X.—Of the heresy of th
Chapter X.—Of those who reject
Chapter X.—On the Resurrection
Chapter X.—One Has Succeeded i
Chapter X.—Origin of the World
Chapter X.—Outline of Manichæa
Chapter X.—Pantænus the Philos
Chapter X.—Perverse interpreta
Chapter X.—Peter’s Explanation
Chapter X.—Peter’s Reply to Si
Chapter X.—Polycarp confesses 
Chapter X.—Poverty Not Necessa
Chapter X.—Proofs of the foreg
Chapter X.—Repentance More Com
Chapter X.—Rome taken and sack
Chapter X.—Salutations.
Chapter X.—Severian, Bishop of
Chapter X.—Simon Magus: His De
Chapter X.—Simon is Driven Awa
Chapter X.—Simon’s Explanation
Chapter X.—Simon’s Intention.
Chapter X.—Sin the Cause of Su
Chapter X.—Spiritual significa
Chapter X.—St. Paul’s Teaching
Chapter X.—Synodical letter of
Chapter X.—Tertullian Refers A
Chapter X.—Test of the Prophet
Chapter X.—That All Things Exi
Chapter X.—That Nothing Arose 
Chapter X.—The Absolute God En
Chapter X.—The Bishop of Rome 
Chapter X.—The Bishops assembl
Chapter X.—The Bishops of Jeru
Chapter X.—The Bishops of Rome
Chapter X.—The Creator Was Kno
Chapter X.—The Creatures Aveng
Chapter X.—The Creed of Jerusa
Chapter X.—The Doctrine of the
Chapter X.—The Dragon, the Dev
Chapter X.—The Emperor also su
Chapter X.—The Emperor orders 
Chapter X.—The High Priests of
Chapter X.—The Lover to the Be
Chapter X.—The Manner in which
Chapter X.—The Mythology Respe
Chapter X.—The Nature and Shap
Chapter X.—The Old Testament S
Chapter X.—The Original Law.
Chapter X.—The Overthrow of th
Chapter X.—The Peratic Heresy 
Chapter X.—The Rashness of Tho
Chapter X.—The Seeker Lost.
Chapter X.—The Simple Nature o
Chapter X.—The Truly Incarnate
Chapter X.—The Very Names of F
Chapter X.—The Wonderful Integ
Chapter X.—The Writer denounce
Chapter X.—The Writings of Phi
Chapter X.—The blessings that 
Chapter X.—The body saved, and
Chapter X.—The daily wants of 
Chapter X.—The reality of Chri
Chapter X.—Theory of Stellar M
Chapter X.—Third exile and fli
Chapter X.—Through a Love of B
Chapter X.—To What Straits Her
Chapter X.—Tow Smeared with Pi
Chapter X.—Trypho blames the C
Chapter X.—Unity of the faith 
Chapter X.—Valerian and the Pe
Chapter X.—Various Battles, an
Chapter X.—Vice is to Be Forsa
Chapter X.—We May Superadd Pra
Chapter X.—When He Had Left th
Chapter X.—Why Some Believe, a
Chapter X.—With God There is T
Chapter X.—“Whatsoever Things 
Chapter XC.
Chapter XC.—The stretched-out 
Chapter XCI.
Chapter XCI.—The cross was for
Chapter XCII.
Chapter XCII.—Unless the scrip
Chapter XCIII.
Chapter XCIII.—The same kind o
Chapter XCIV.
Chapter XCIV.—In what sense he
Chapter XCIX.
Chapter XCIX.—In the commencem
Chapter XCV.
Chapter XCV.—Christ took upon 
Chapter XCVI.
Chapter XCVI.—That curse was a
Chapter XCVII
Chapter XCVII.
Chapter XCVII.—Other predictio
Chapter XCVIII.
Chapter XCVIII.—Predictions of
Chapter XI
Chapter XI.
Chapter XI.651—The Absurd Cavi
Chapter XI.—A confession of th
Chapter XI.—Account of St. Spy
Chapter XI.—Admonitory History
Chapter XI.—After We Have Beli
Chapter XI.—Against the Tyrant
Chapter XI.—Alexander.
Chapter XI.—An Examination of 
Chapter XI.—An exhortation to 
Chapter XI.—And Indeed that Ch
Chapter XI.—Answer to the Obje
Chapter XI.—Argument: Besides 
Chapter XI.—Arrival of Appion 
Chapter XI.—Avoid the deadly e
Chapter XI.—Baptism and the cr
Chapter XI.—Being Troubled by 
Chapter XI.—Cause of the Fall 
Chapter XI.—Christ Was Truly B
Chapter XI.—Christian Women, F
Chapter XI.—Clement Has Heard 
Chapter XI.—Clement of Alexand
Chapter XI.—Clement’s Zeal.
Chapter XI.—Concerning Macedon
Chapter XI.—Concerning Paradis
Chapter XI.—Concerning the Cro
Chapter XI.—Concerning the Nat
Chapter XI.—Concerning what is
Chapter XI.—Connection Between
Chapter XI.—Continuation. Lot.
Chapter XI.—Continuation: auda
Chapter XI.—Democritus; His Du
Chapter XI.—Departure of Barna
Chapter XI.—Different Effects 
Chapter XI.—Discussion on Gene
Chapter XI.—Distinction Betwee
Chapter XI.—Doubts to Be Satis
Chapter XI.—Exposition of the 
Chapter XI.—Expression of grie
Chapter XI.—Fear.
Chapter XI.—Flight, and Magic 
Chapter XI.—From Parables Tert
Chapter XI.—Further Proofs, fr
Chapter XI.—Further Reasons fo
Chapter XI.—Further Remarks Up
Chapter XI.—Further Strictures
Chapter XI.—Gen. I. 26 Appeale
Chapter XI.—General or Special
Chapter XI.—Hail of Extraordin
Chapter XI.—He Refers to the T
Chapter XI.—Heathen oracles te
Chapter XI.—Helpidius Disputed
Chapter XI.—Hermogenes Makes G
Chapter XI.—His Mother, Attack
Chapter XI.—How Christians vie
Chapter XI.—How Jesus Made a S
Chapter XI.—I write these thin
Chapter XI.—If, After Man’s Si
Chapter XI.—Ignorance, Knowled
Chapter XI.—Immortality of the
Chapter XI.—In Opposition to T
Chapter XI.—In What Manner the
Chapter XI.—In what manner Val
Chapter XI.—Inculcation of var
Chapter XI.—Inward and Outward
Chapter XI.—Justinus.
Chapter XI.—Liberius, Bishop o
Chapter XI.—Mattidia Has Unint
Chapter XI.—No threats have an
Chapter XI.—Of Severian and An
Chapter XI.—Of the Bishop Paph
Chapter XI.—Of the Consistency
Chapter XI.—Of the Holy Martyr
Chapter XI.—Of the Respect Due
Chapter XI.—On Counter Promise
Chapter XI.—On the Arrival of 
Chapter XI.—On the Coming of o
Chapter XI.—Ordination of Flav
Chapter XI.—Perniciousness of 
Chapter XI.—Precepts of Elchas
Chapter XI.—Pusices, Superinte
Chapter XI.—Question agitated 
Chapter XI.—Request to them to
Chapter XI.—S. Cyril’s Writing
Chapter XI.—Seized by Disease,
Chapter XI.—Silence of the Cou
Chapter XI.—Simon Magus, at th
Chapter XI.—Simon Professes to
Chapter XI.—Simon’s Explanatio
Chapter XI.—Spirit—A Term Expr
Chapter XI.—Suffering Salutary
Chapter XI.—Symeon rules the C
Chapter XI.—Test of Astrology.
Chapter XI.—Testimonies in Reg
Chapter XI.—Thanks and salutat
Chapter XI.—That Creatures are
Chapter XI.—That Portions of t
Chapter XI.—That his Present O
Chapter XI.—That the Symbols o
Chapter XI.—The Afflictions of
Chapter XI.—The Application of
Chapter XI.—The Bishops of Rom
Chapter XI.—The Call of Levi t
Chapter XI.—The Confession of 
Chapter XI.—The Emperor Gratia
Chapter XI.—The Emperor Julian
Chapter XI.—The Events which h
Chapter XI.—The Evidence for G
Chapter XI.—The Expectation of
Chapter XI.—The Fear of God.
Chapter XI.—The Final Destruct
Chapter XI.—The Heresiarchs of
Chapter XI.—The Identity of th
Chapter XI.—The Impostor Theud
Chapter XI.—The Long Formulary
Chapter XI.—The More the Wives
Chapter XI.—The Opposite Extra
Chapter XI.—The Power of God F
Chapter XI.—The Profane Accoun
Chapter XI.—The Quartodecimans
Chapter XI.—The Romans Provide
Chapter XI.—The Rule of Veilin
Chapter XI.—The Same Argument.
Chapter XI.—The Second Epistle
Chapter XI.—The Transmitted Vi
Chapter XI.—The Tyrants who in
Chapter XI.—The Way of Salvati
Chapter XI.—The Woman with the
Chapter XI.—The evil and darin
Chapter XI.—The heretics, from
Chapter XI.—The law abrogated;
Chapter XI.—The old prophets a
Chapter XI.—The opinions of Va
Chapter XI.—The “Great Archon”
Chapter XI.—Theory of the Size
Chapter XI.—These things are w
Chapter XI.—They Who Ask This 
Chapter XI.—Those in Phrygia.
Chapter XI.—Treats upon the ac
Chapter XI.—Truth and Custom.
Chapter XI.—Unbelief the Demon
Chapter XI.—We Ought to Serve 
Chapter XI.—What It is to Lear
Chapter XI.—What May Be Discov
Chapter XI.—What kingdom Chris
Chapter XI.—When Praying the F
Chapter XI.—Why They Call Them
Chapter XI.—Why the Serpent Te
Chapter XI.—“All Uncleanness w
Chapter XII.
Chapter XII. Argument.—That Ch
Chapter XII.654—The Charge of 
Chapter XII.676—Second Day’s D
Chapter XII.976—The Original D
Chapter XII.—A Pleasure Trip.
Chapter XII.—A Proper Seeking 
Chapter XII.—About the Four Br
Chapter XII.—Allegorical Expla
Chapter XII.—Antiquity of Mose
Chapter XII.—Argument: Moreove
Chapter XII.—Astrologers.
Chapter XII.—Astrology Baffled
Chapter XII.—Aëtius, the Syria
Chapter XII.—Basilides Adopts 
Chapter XII.—Being Compelled, 
Chapter XII.—Call of the Genti
Chapter XII.—Certain Other Div
Chapter XII.—Christians live a
Chapter XII.—Christians proved
Chapter XII.—Christ’s Authorit
Chapter XII.—Clement Undertake
Chapter XII.—Clement’s Arrival
Chapter XII.—Clement’s Rebuke 
Chapter XII.—Compendious State
Chapter XII.—Concerning Lucife
Chapter XII.—Concerning Man.
Chapter XII.—Concerning Worshi
Chapter XII.—Concerning the Sa
Chapter XII.—Concerning the Wo
Chapter XII.—Confutation of th
Chapter XII.—Constantine’s Add
Chapter XII.—Continue in unity
Chapter XII.—Council of Milan.
Chapter XII.—Councils of Sicil
Chapter XII.—Difference Betwee
Chapter XII.—Discussion with A
Chapter XII.—Doctrine of the T
Chapter XII.—Doctrine of the r
Chapter XII.—Duties of Deacons
Chapter XII.—Epiphanius, in or
Chapter XII.—Epitome of Appion
Chapter XII.—Excursion to Arad
Chapter XII.—Excuses Commonly 
Chapter XII.—Exhortation to va
Chapter XII.—Faustus Appears t
Chapter XII.—Final Considerati
Chapter XII.—Fire a Primal Pri
Chapter XII.—From the Formless
Chapter XII.—Further Answers t
Chapter XII.—Further Proofs fr
Chapter XII.—Genesis.
Chapter XII.—God Produced the 
Chapter XII.—Having Prayed to 
Chapter XII.—He declares that,
Chapter XII.—Helen, the Queen 
Chapter XII.—How Constantine, 
Chapter XII.—How He Mourned Hi
Chapter XII.—How Jesus Was Han
Chapter XII.—How Valens exiled
Chapter XII.—Idols Unprofitabl
Chapter XII.—Ignorantia Nemine
Chapter XII.—Importance of Cha
Chapter XII.—Impossibility of 
Chapter XII.—Isaiah’s Prophecy
Chapter XII.—It clearly appear
Chapter XII.—Jupiter’s Amours.
Chapter XII.—Love is Not Conde
Chapter XII.—Many Others, both
Chapter XII.—Metamorphoses of 
Chapter XII.—Of Chrysanthus Bi
Chapter XII.—Of Maris Bishop o
Chapter XII.—Of Spyridon, Bish
Chapter XII.—Of Valentinianus 
Chapter XII.—Of the Concord Pr
Chapter XII.—Of the Fact that 
Chapter XII.—Of the Necessity 
Chapter XII.—Of the Verdict of
Chapter XII.—Of the death of G
Chapter XII.—Of the difference
Chapter XII.—Of those who are 
Chapter XII.—On the Organizati
Chapter XII.—On the Recollecti
Chapter XII.—Other Quotations 
Chapter XII.—Paul an Example t
Chapter XII.—Peter Goes to Byb
Chapter XII.—Peter’s Explanati
Chapter XII.—Polycarp is sente
Chapter XII.—Praise of the Eph
Chapter XII.—Prayer Inconsiste
Chapter XII.—Professing Rhetor
Chapter XII.—Project of Theodo
Chapter XII.—Rules for Visits,
Chapter XII.—Salutations.
Chapter XII.—Serapion and his 
Chapter XII.—Simon Magus and L
Chapter XII.—Simon’s Opinions 
Chapter XII.—Solomon’s Infatua
Chapter XII.—Some Analogies in
Chapter XII.—Such Outward Ador
Chapter XII.—Tarbula, the Sist
Chapter XII.—That like Moses, 
Chapter XII.—That the holy Vir
Chapter XII.—The Apology of Ju
Chapter XII.—The Attributes of
Chapter XII.—The Bishops in Je
Chapter XII.—The Bishops of th
Chapter XII.—The Destruction o
Chapter XII.—The Difficulty So
Chapter XII.—The Disciples of 
Chapter XII.—The Docetæ.
Chapter XII.—The Eternal Home 
Chapter XII.—The Excellent Ans
Chapter XII.—The Explanation o
Chapter XII.—The Fear and Love
Chapter XII.—The Heresy of the
Chapter XII.—The Jews violate 
Chapter XII.—The Macedonians, 
Chapter XII.—The Martyrs in Cæ
Chapter XII.—The Mode of Contr
Chapter XII.—The Montanists; P
Chapter XII.—The People of Con
Chapter XII.—The Rewards of Fa
Chapter XII.—The Same.
Chapter XII.—The Strange Jumbl
Chapter XII.—The Triacontad of
Chapter XII.—The True Function
Chapter XII.—The cross of Chri
Chapter XII.—The doctrines of 
Chapter XII.—The importance of
Chapter XII.—The meek reply of
Chapter XII.—The rewards of fa
Chapter XII.—Theodosiolus and 
Chapter XII.—Theory of Disease
Chapter XII.—Translation of En
Chapter XII.—Vespasian command
Chapter XII.—Virgins are Calle
Chapter XII.—Waste of Mental E
Chapter XII.—We Must Be Free L
Chapter XII.—We are Constantly
Chapter XII.—What God Did Befo
Chapter XII.—Whatever Things t
Chapter XII.—While the Emperor
Chapter XII.—Womanhood Self-Ev
Chapter XII.—Xenophanes; His S
Chapter XII.—Ye are superior t
Chapter XIII.
Chapter XIII. Argument.—That t
Chapter XIII.1011—The Gods Hum
Chapter XIII.672—The Charge of
Chapter XIII.—A Creator Necess
Chapter XIII.—A Woman of a Sor
Chapter XIII.—About Antony the
Chapter XIII.—After the Synod,
Chapter XIII.—An Exhortation t
Chapter XIII.—An exhortation t
Chapter XIII.—Anencletus, the 
Chapter XIII.—Another Ground o
Chapter XIII.—Another Objectio
Chapter XIII.—Argument from th
Chapter XIII.—Argument: Cæcili
Chapter XIII.—Arguments in Fav
Chapter XIII.—Be established i
Chapter XIII.—Before the Times
Chapter XIII.—Being Urged by H
Chapter XIII.—Christ did not a
Chapter XIII.—Christians serve
Chapter XIII.—Christians, and 
Chapter XIII.—Christ’s Connect
Chapter XIII.—Christ’s Human N
Chapter XIII.—Clement Instruct
Chapter XIII.—Concerning Geron
Chapter XIII.—Concerning Pauli
Chapter XIII.—Concerning Pleas
Chapter XIII.—Concerning the h
Chapter XIII.—Concerning the p
Chapter XIII.—Concerning the t
Chapter XIII.—Conclusion.
Chapter XIII.—Condemnation of 
Chapter XIII.—Conference betwe
Chapter XIII.—Conflict between
Chapter XIII.—Deceits of the D
Chapter XIII.—Demophilus, an A
Chapter XIII.—Destiny.
Chapter XIII.—Duties of Catech
Chapter XIII.—Ecphantus; His S
Chapter XIII.—Eunomius separat
Chapter XIII.—Evil by No Means
Chapter XIII.—Examples from Am
Chapter XIII.—Exhortation to m
Chapter XIII.—Extract from the
Chapter XIII.—First Part of th
Chapter XIII.—From Our Author’
Chapter XIII.—Further Descript
Chapter XIII.—Further Explanat
Chapter XIII.—Further Objectio
Chapter XIII.—Future Rewards a
Chapter XIII.—God the Maker of
Chapter XIII.—God’s Name Not t
Chapter XIII.—He Delighted in 
Chapter XIII.—He Entreats God 
Chapter XIII.—He bespeaks his 
Chapter XIII.—He is Sent to Mi
Chapter XIII.—His Cordial Rece
Chapter XIII.—His Doctrine of 
Chapter XIII.—His Humane Treat
Chapter XIII.—History of the S
Chapter XIII.—How He Was Hande
Chapter XIII.—How he led the D
Chapter XIII.—How the Word has
Chapter XIII.—If Unveiling Be 
Chapter XIII.—In the dead who 
Chapter XIII.—Innovations of E
Chapter XIII.—Invitation of th
Chapter XIII.—Isaiah teaches t
Chapter XIII.—Isaiah’s Prophec
Chapter XIII.—It is Meet to Pr
Chapter XIII.—It is Not Enough
Chapter XIII.—Jupiter’s Amours
Chapter XIII.—Kronos and Aphro
Chapter XIII.—Love Originates 
Chapter XIII.—Martyrdom of St.
Chapter XIII.—Maximus the Tyra
Chapter XIII.—Memory Retains A
Chapter XIII.—Mention of the H
Chapter XIII.—Monoïmus.
Chapter XIII.—Narrative concer
Chapter XIII.—Of Bodily Patien
Chapter XIII.—Of Constantius h
Chapter XIII.—Of Eusebius, bis
Chapter XIII.—Of Eutychian the
Chapter XIII.—Of Justina, the 
Chapter XIII.—Of St. Paul, and
Chapter XIII.—Of Washing the H
Chapter XIII.—Of other confess
Chapter XIII.—Of the Baptism o
Chapter XIII.—Of the Hour of t
Chapter XIII.—Of the Inconsist
Chapter XIII.—Of the Intellect
Chapter XIII.—Of the Observanc
Chapter XIII.—Of the Outrages 
Chapter XIII.—Of the Question 
Chapter XIII.—Origin of Idolat
Chapter XIII.—Paul is again ej
Chapter XIII.—People Admitted.
Chapter XIII.—Peter on Chastit
Chapter XIII.—Peter’s Explanat
Chapter XIII.—Prophetic Knowle
Chapter XIII.—Retribution Here
Chapter XIII.—Rhodo and his Ac
Chapter XIII.—Salutations cont
Chapter XIII.—Simon Magus.360
Chapter XIII.—Simon Magus: Sec
Chapter XIII.—Simon a Seducer.
Chapter XIII.—Summary of the C
Chapter XIII.—Superiority of C
Chapter XIII.—Texts Explained;
Chapter XIII.—That the Renewal
Chapter XIII.—That there is a 
Chapter XIII.—The Arians excit
Chapter XIII.—The Author’s Def
Chapter XIII.—The Beggar Woman
Chapter XIII.—The Bishops of t
Chapter XIII.—The Contradictio
Chapter XIII.—The Doctrine of 
Chapter XIII.—The Doctrines of
Chapter XIII.—The Epistle of A
Chapter XIII.—The Epistle to t
Chapter XIII.—The Evidence of 
Chapter XIII.—The Fall of the 
Chapter XIII.—The Flight of Si
Chapter XIII.—The Force of Sun
Chapter XIII.—The History of S
Chapter XIII.—The Jewish Sects
Chapter XIII.—The Marcionites 
Chapter XIII.—The Peace under 
Chapter XIII.—The Peratic Here
Chapter XIII.—The Seven Crowns
Chapter XIII.—The Soul’s Supre
Chapter XIII.—The Writings of 
Chapter XIII.—The deceitful ar
Chapter XIII.—The first order 
Chapter XIII.—The funeral pile
Chapter XIII.—These Four repai
Chapter XIII.—Various exhortat
Chapter XIII.—What Priests Sho
Chapter XIII—Refutation of the
Chapter XII—Of the Need for So
Chapter XIV.
Chapter XIV. Argument.—The Aut
Chapter XIV.674
Chapter XIV.679—The Vile Calum
Chapter XIV.—A Farther Mention
Chapter XIV.—A Sufficient Caus
Chapter XIV.—A warning appeal 
Chapter XIV.—Abilius, the Seco
Chapter XIV.—Account of St. Am
Chapter XIV.—Account of the Ei
Chapter XIV.—All Portions of C
Chapter XIV.—Apostrophe.
Chapter XIV.—Argument: With So
Chapter XIV.—Balm in Gilead.
Chapter XIV.—Being Displeased 
Chapter XIV.—Birth of Honorius
Chapter XIV.—Christ Took Not o
Chapter XIV.—Christ’s Sermon o
Chapter XIV.—Concerning Pain.
Chapter XIV.—Concerning our Lo
Chapter XIV.—Concerning the Ba
Chapter XIV.—Concerning the Bo
Chapter XIV.—Concerning the Ma
Chapter XIV.—Concerning the vo
Chapter XIV.—Conclusion.
Chapter XIV.—Conclusion. Clue 
Chapter XIV.—Constantine. The 
Chapter XIV.—Curiosity Ought N
Chapter XIV.—Departure of Barn
Chapter XIV.—Epiphanius is ask
Chapter XIV.—Eusebius Bishop o
Chapter XIV.—Even If the Permi
Chapter XIV.—Evil of Two Kinds
Chapter XIV.—Examples of Circu
Chapter XIV.—Exhortations to f
Chapter XIV.—Farewells and cau
Chapter XIV.—Figurative Style 
Chapter XIV.—Flight of Athanas
Chapter XIV.—God Both Good and
Chapter XIV.—Gods, Those Which
Chapter XIV.—Having Heard the 
Chapter XIV.—Heathen Orgies.
Chapter XIV.—Hippo; His Dualit
Chapter XIV.—His Account of Hi
Chapter XIV.—How Constantius h
Chapter XIV.—How Jesus Deliver
Chapter XIV.—How the Zealous P
Chapter XIV.—Idols Unprofitabl
Chapter XIV.—If God demands ob
Chapter XIV.—If Paul had known
Chapter XIV.—Is Matter Eternal
Chapter XIV.—Jupiter’s Undisgu
Chapter XIV.—Justin prays that
Chapter XIV.—Knowledge Deadens
Chapter XIV.—Knowledge Enhance
Chapter XIV.—Letter of the Emp
Chapter XIV.—Letter written by
Chapter XIV.—Mode of Creation.
Chapter XIV.—More Tricks.
Chapter XIV.—Neither Time Past
Chapter XIV.—No Man Has Univer
Chapter XIV.—Noxious Animals W
Chapter XIV.—Of Artemius the D
Chapter XIV.—Of Blasphemy. One
Chapter XIV.—Of Paul’s Asserti
Chapter XIV.—Of the Depth of t
Chapter XIV.—Of the Fact that 
Chapter XIV.—Of the Harmony Pr
Chapter XIV.—Of the Holy Men w
Chapter XIV.—Of the Words or t
Chapter XIV.—Of the holy Barse
Chapter XIV.—Of the informatio
Chapter XIV.—Other Beings Call
Chapter XIV.—Overthrow and Dea
Chapter XIV.—Peleus and Thetis
Chapter XIV.—Perils to the Vir
Chapter XIV.—Perversity of The
Chapter XIV.—Peter’s Speech Co
Chapter XIV.—Polytheistic Illu
Chapter XIV.—Prophetic Spirit 
Chapter XIV.—Reply to the Char
Chapter XIV.—Righteousness and
Chapter XIV.—Righteousness is 
Chapter XIV.—Simon Claims the 
Chapter XIV.—Simon Interprets 
Chapter XIV.—Simon Magus, Prof
Chapter XIV.—Simon Refuted.
Chapter XIV.—System of the Ari
Chapter XIV.—Tatian.
Chapter XIV.—Tertullian Pushes
Chapter XIV.—Texts explained; 
Chapter XIV.—That Created Natu
Chapter XIV.—That Out of the C
Chapter XIV.—The Adventures of
Chapter XIV.—The Arians ordain
Chapter XIV.—The Arians remove
Chapter XIV.—The Bishops that 
Chapter XIV.—The Change in the
Chapter XIV.—The Character of 
Chapter XIV.—The Church Spirit
Chapter XIV.—The Circumstances
Chapter XIV.—The Design of Est
Chapter XIV.—The Divine Power 
Chapter XIV.—The Doctrine of M
Chapter XIV.—The Evidence of t
Chapter XIV.—The False Prophet
Chapter XIV.—The Lord hath giv
Chapter XIV.—The Martyrdom of 
Chapter XIV.—The Monks of Nitr
Chapter XIV.—The Natural Invis
Chapter XIV.—The Partisans of 
Chapter XIV.—The Power of This
Chapter XIV.—The Preaching of 
Chapter XIV.—The Same Subject 
Chapter XIV.—The Scriptures me
Chapter XIV.—The Soul Variousl
Chapter XIV.—The System of the
Chapter XIV.—The Tenets of the
Chapter XIV.—The Vessel of the
Chapter XIV.—The Woman’s Grief
Chapter XIV.—The demons misrep
Chapter XIV.—The prayer of Pol
Chapter XIV.—The properties of
Chapter XIV.—The various hypot
Chapter XIV.—Their Discoveries
Chapter XIV.—Unanimous Declara
Chapter XIV.—Unless the flesh 
Chapter XIV.—Valentinus and hi
Chapter XIV.—Virginity a Gift 
Chapter XIV.—We Should Obey Go
Chapter XIV.—We should obey Go
Chapter XIV.—Whence Came the G
Chapter XIV.—Why He Despised G
Chapter XIV.—Your prayers requ
Chapter XIV.—“Doctrine Accordi
Chapter XIX
Chapter XIX.
Chapter XIX.220 —In what Manne
Chapter XIX.5164 Argument.—Tha
Chapter XIX.750—If Christians 
Chapter XIX.—A List Worthy of 
Chapter XIX.—A comparison is i
Chapter XIX.—Absurdities of th
Chapter XIX.—All Men Should Be
Chapter XIX.—An Appeal to the 
Chapter XIX.—Appeal, in Discus
Chapter XIX.—Argument: Moreove
Chapter XIX.—Christ, as to His
Chapter XIX.—Circumcision unkn
Chapter XIX.—Circumstances Rel
Chapter XIX.—Close of the Love
Chapter XIX.—Concerning Milita
Chapter XIX.—Concerning Though
Chapter XIX.—Concerning the De
Chapter XIX.—Concerning the cu
Chapter XIX.—Concerning the th
Chapter XIX.—Death of the Grea
Chapter XIX.—Demons Incite to 
Chapter XIX.—Desire of Instruc
Chapter XIX.—Disputation Begun
Chapter XIX.—Domitian commands
Chapter XIX.—Earthly things ma
Chapter XIX.—Epicurus; Adopts 
Chapter XIX.—Epistle of the Em
Chapter XIX.—Evasions.
Chapter XIX.—Exhortation to fo
Chapter XIX.—Further Particula
Chapter XIX.—God’s Peculiar At
Chapter XIX.—He Does Not Yet F
Chapter XIX.—He Enumerates the
Chapter XIX.—His Second Sugges
Chapter XIX.—Imitating These E
Chapter XIX.—Imitating these e
Chapter XIX.—Installation of C
Chapter XIX.—Jesus Christ was 
Chapter XIX.—Jesus Christ, the
Chapter XIX.—Justa, a Proselyt
Chapter XIX.—Misconception of 
Chapter XIX.—More Difficulties
Chapter XIX.—Narrative of even
Chapter XIX.—None of These All
Chapter XIX.—Not Peace, But a 
Chapter XIX.—Objections from t
Chapter XIX.—Obstinancy of The
Chapter XIX.—Of Palladius the 
Chapter XIX.—Of Stations.
Chapter XIX.—Of his Son Consta
Chapter XIX.—Of the Creed sent
Chapter XIX.—Of the Lengthened
Chapter XIX.—Of the Office of 
Chapter XIX.—Of the Prophecy o
Chapter XIX.—Of the Rending of
Chapter XIX.—Of the Times Most
Chapter XIX.—Of the sedition o
Chapter XIX.—Opposition to Pet
Chapter XIX.—Ordination of Ars
Chapter XIX.—Outward and Inwar
Chapter XIX.—Palpable Absurdit
Chapter XIX.—Passages of Scrip
Chapter XIX.—Peter’s Instructi
Chapter XIX.—Peter’s Reflectio
Chapter XIX.—Peter’s Satisfact
Chapter XIX.—Peter’s Speech En
Chapter XIX.—Praise of the mar
Chapter XIX.—Privileges of the
Chapter XIX.—Prophecies of the
Chapter XIX.—Pythagoras’ Duali
Chapter XIX.—Refutation of Ast
Chapter XIX.—Reign of Christ.
Chapter XIX.—Rejoicings and Fe
Chapter XIX.—Reward of the Rig
Chapter XIX.—Serapion on the H
Chapter XIX.—Slaughter of Many
Chapter XIX.—Some Actions Real
Chapter XIX.—Synod of Antioch;
Chapter XIX.—Testimony of Pyth
Chapter XIX.—Texts explained; 
Chapter XIX.—That God2607 is n
Chapter XIX.—That he directed 
Chapter XIX.—That this Prophec
Chapter XIX.—The Calamity whic
Chapter XIX.—The Episcopal Cha
Chapter XIX.—The Epistle to th
Chapter XIX.—The Heresy of Pre
Chapter XIX.—The Intellect Coe
Chapter XIX.—The Justinian Her
Chapter XIX.—The Law to the Gi
Chapter XIX.—The Minute Prescr
Chapter XIX.—The Proof that Th
Chapter XIX.—The Rich Women of
Chapter XIX.—The Rulers of the
Chapter XIX.—The Second Virtue
Chapter XIX.—The Shape of God 
Chapter XIX.—The Son in Union 
Chapter XIX.—The Sophistical S
Chapter XIX.—The Tenets of the
Chapter XIX.—The True Prophet.
Chapter XIX.—The resurrection 
Chapter XIX.—The way of light.
Chapter XIX.—Their Destinies.
Chapter XIX.—Theodotus.1054
Chapter XIX.—Three celebrated 
Chapter XIX.—Type of Those Bor
Chapter XIX.—We are Ignorant i
Chapter XIX.—What It is to Rem
Chapter XIX.—When the Council 
Chapter XIX.—Work written by J
Chapter XIX.—Wrath of the Empe
Chapter XIX.—“Where Ignorance 
Chapter XI—Proofs in continuat
Chapter XL.
Chapter XL.—Acacius, Bishop of
Chapter XL.—Advent of the True
Chapter XL.—Argument: Then Cæc
Chapter XL.—Christ’s advent fo
Chapter XL.—Further Informatio
Chapter XL.—Genesis.
Chapter XL.—He returns to the 
Chapter XL.—How the Steps in t
Chapter XL.—Let Us Preserve in
Chapter XL.—Let us preserve in
Chapter XL.—No Difference in t
Chapter XL.—Of the Number of h
Chapter XL.—Of the Question as
Chapter XL.—Of the Statue of C
Chapter XL.—One and the same G
Chapter XL.—Peter’s Answer.
Chapter XL.—Preliminary Instru
Chapter XL.—Proclus succeeds M
Chapter XL.—Proved by the Succ
Chapter XL.—Saint Isaac, the M
Chapter XL.—Shapeless Matter a
Chapter XL.—Sundry Passages of
Chapter XL.—That having confer
Chapter XL.—The Body of Man On
Chapter XL.—The Events which h
Chapter XL.—The Funeral of the
Chapter XL.—The Name of Christ
Chapter XL.—The Only Safe Rest
Chapter XL.—The Tombs of Marty
Chapter XL.—Trick with the Liv
Chapter XLI
Chapter XLI.
Chapter XLI.—Argument: Finally
Chapter XLI.—Asking for Inform
Chapter XLI.—Cavils of Simon.
Chapter XLI.—Continuation of t
Chapter XLI.—Excellent Qualiti
Chapter XLI.—Explanation of My
Chapter XLI.—Having Conquered 
Chapter XLI.—Making a Skull Sp
Chapter XLI.—Marcus’ Mystic In
Chapter XLI.—Notwithstanding t
Chapter XLI.—Of the Erection o
Chapter XLI.—Of the Words Whic
Chapter XLI.—On the Emperor’s 
Chapter XLI.—Rejection of the 
Chapter XLI.—Rejoicings throug
Chapter XLI.—Sundry Quotations
Chapter XLI.—That in the meant
Chapter XLI.—The Answer, Conti
Chapter XLI.—The Conduct of He
Chapter XLI.—The Dissolution o
Chapter XLI.—The Martyrs in Al
Chapter XLI.—The Rainbow.
Chapter XLI.—The Woe Pronounce
Chapter XLI.—The crucifixion p
Chapter XLI.—The oblation of f
Chapter XLI.—Those persons who
Chapter XLI.—Those who have pu
Chapter XLI.—“Status Quæstioni
Chapter XLII.
Chapter XLII.—An Earnest Exhor
Chapter XLII.—Call of the Gent
Chapter XLII.—Constantine’s Le
Chapter XLII.—Death Changes, W
Chapter XLII.—Further Exposure
Chapter XLII.—Guardian Angels.
Chapter XLII.—Heretics Work to
Chapter XLII.—His System Appli
Chapter XLII.—In What Manner M
Chapter XLII.—Interpretation o
Chapter XLII.—Of His Coming in
Chapter XLII.—On the Depositio
Chapter XLII.—Other Incidents 
Chapter XLII.—Others of whom D
Chapter XLII.—Panegyric of the
Chapter XLII.—Prophecy using t
Chapter XLII.—Right Notions of
Chapter XLII.—Sleep, the Mirro
Chapter XLII.—That the Empress
Chapter XLII.—The Fraud of the
Chapter XLII.—The Honors Confe
Chapter XLII.—The Order of Min
Chapter XLII.—The bells on the
Chapter XLII.—The order of min
Chapter XLII.—Types and Forms.
Chapter XLII.—Was Adam Blind?
Chapter XLII.—“Full of All Sub
Chapter XLIII.
Chapter XLIII.—A Farther Notic
Chapter XLIII.—A Priori Argume
Chapter XLIII.—A Word of Exhor
Chapter XLIII.—Bishops from al
Chapter XLIII.—Calamities of t
Chapter XLIII.—Conclusions. Je
Chapter XLIII.—Constantine’s L
Chapter XLIII.—God’s Foreknowl
Chapter XLIII.—He concludes th
Chapter XLIII.—How the Enactme
Chapter XLIII.—Loose Company P
Chapter XLIII.—Moses of Old St
Chapter XLIII.—Moses of old st
Chapter XLIII.—No Disparagemen
Chapter XLIII.—No God But Jeho
Chapter XLIII.—Novatus,2105 hi
Chapter XLIII.—Of Eustathius B
Chapter XLIII.—Of the Mutual C
Chapter XLIII.—Other Discrepan
Chapter XLIII.—Recapitulation 
Chapter XLIII.—Responsibility 
Chapter XLIII.—Simon’s Subterf
Chapter XLIII.—Sleep a Natural
Chapter XLIII.—Success of the 
Chapter XLIII.—That Jesus Chri
Chapter XLIII.—Things Apparent
Chapter XLIII—Letters, Symbols
Chapter XLIV.
Chapter XLIV.—Challenge by Cai
Chapter XLIV.—Curious Views Re
Chapter XLIV.—Dionysius’ Accou
Chapter XLIV.—Earnestness.
Chapter XLIV.—Egyptian Theory 
Chapter XLIV.—God’s Decrees.
Chapter XLIV.—Heresy Lowers Re
Chapter XLIV.—How he was prese
Chapter XLIV.—Marriage of the 
Chapter XLIV.—Not nullified by
Chapter XLIV.—Of Helena’s Gene
Chapter XLIV.—Of Meletius445 B
Chapter XLIV.—Of the Order in 
Chapter XLIV.—Of their Recepti
Chapter XLIV.—Ordinate and Ino
Chapter XLIV.—Respecting the G
Chapter XLIV.—Sight or Hearing
Chapter XLIV.—Sundry Other Pas
Chapter XLIV.—That he promoted
Chapter XLIV.—The Jews in vain
Chapter XLIV.—The Ordinances o
Chapter XLIV.—The Same Continu
Chapter XLIV.—The Serpent, the
Chapter XLIV.—The Story of Her
Chapter XLIV.—The ordinances o
Chapter XLIX.
Chapter XLIX.—Concerning Const
Chapter XLIX.—God’s Long-Suffe
Chapter XLIX.—God’s Precepts D
Chapter XLIX.—His rejection by
Chapter XLIX.—How Licinius opp
Chapter XLIX.—Marriage of his 
Chapter XLIX.—No Soul Naturall
Chapter XLIX.—Of the Woman of 
Chapter XLIX.—Reductio a.d. Ab
Chapter XLIX.—Representation o
Chapter XLIX.—Simon’s Retreat.
Chapter XLIX.—Symbol of the Cr
Chapter XLIX.—The Same Subject
Chapter XLIX.—The Supreme Ligh
Chapter XLIX.—The True Prophet
Chapter XLIX.—The Work of the 
Chapter XLIX.—The praise of lo
Chapter XLIX.—To those who obj
Chapter XLIX.—Two Comings of C
Chapter XLIX—The Praise of Lov
Chapter XLV.
Chapter XLV.—A Home-Thrust.
Chapter XLV.—All Ought to Repe
Chapter XLV.—An Epistle of Dio
Chapter XLV.—Christ’s session 
Chapter XLV.—Conclusion. Contr
Chapter XLV.—Dreams, an Incide
Chapter XLV.—Helena’s Pious Co
Chapter XLV.—His Forbearance w
Chapter XLV.—How God is to Be 
Chapter XLV.—It is the Part of
Chapter XLV.—It is the part of
Chapter XLV.—Motions of the Su
Chapter XLV.—Of the Order and 
Chapter XLV.—Polytheism Inexcu
Chapter XLV.—Sacrifices.
Chapter XLV.—Statutes which fo
Chapter XLV.—The Body of John 
Chapter XLV.—The Heresy of Mac
Chapter XLV.—The Old Man and t
Chapter XLV.—The True Prophet:
Chapter XLV.—Those who were ri
Chapter XLV.—Use of the Forego
Chapter XLV.—Various Discourse
Chapter XLV.—Why Jesus is Call
Chapter XLVI.
Chapter XLVI.—Anointing.
Chapter XLVI.—Christ Acknowled
Chapter XLVI.—Constantine’s Le
Chapter XLVI.—Death of Paul Bi
Chapter XLVI.—Disparagements o
Chapter XLVI.—Diversity of Dre
Chapter XLVI.—How she made her
Chapter XLVI.—It is the Works 
Chapter XLVI.—Judgment to Come
Chapter XLVI.—Let Us Cleave to
Chapter XLVI.—Let us cleave to
Chapter XLVI.—Marcus’ Account 
Chapter XLVI.—Of the Apollinar
Chapter XLVI.—Of the Question 
Chapter XLVI.—Other Epistles o
Chapter XLVI.—Simon’s Rage.
Chapter XLVI.—Sun and Moon Min
Chapter XLVI.—That Eusebius af
Chapter XLVI.—The Astrotheosop
Chapter XLVI.—The Sure Word of
Chapter XLVI.—The Word in the 
Chapter XLVI.—Trypho asks whet
Chapter XLVI.—Victories over t
Chapter XLVII.
Chapter XLVII.—A Pertinent Que
Chapter XLVII.—Adam Anointed a
Chapter XLVII.—Chastisements o
Chapter XLVII.—Death of Maximi
Chapter XLVII.—Desolation of J
Chapter XLVII.—Dreams Variousl
Chapter XLVII.—Foreknowledge o
Chapter XLVII.—How Constantine
Chapter XLVII.—Justin communic
Chapter XLVII.—Of His Walking 
Chapter XLVII.—Opinions of the
Chapter XLVII.—Simon’s Cavil.
Chapter XLVII.—Simon’s Vaunt.
Chapter XLVII.—St. Paul, All T
Chapter XLVII.—Successes of Ju
Chapter XLVII.—That he wrote a
Chapter XLVII.—That the Counci
Chapter XLVII.—The Empress Eud
Chapter XLVII.—The System of M
Chapter XLVII.—Your Recent Dis
Chapter XLVII.—Your recent dis
Chapter XLVII.—“A Faithful Say
Chapter XLVIII.
Chapter XLVIII.—A Particular C
Chapter XLVIII.—Attempts to Cr
Chapter XLVIII.—Before the div
Chapter XLVIII.—Causes and Cir
Chapter XLVIII.—Celebration of
Chapter XLVIII.—Chastisements 
Chapter XLVIII.—Christ’s work 
Chapter XLVIII.—Constantine’s 
Chapter XLVIII.—Errors of the 
Chapter XLVIII.—How he built C
Chapter XLVIII.—Invention of t
Chapter XLVIII.—Let Us Return 
Chapter XLVIII.—Let us return 
Chapter XLVIII.—Of the Absence
Chapter XLVIII.—Peter’s Answer
Chapter XLVIII.—Sundry Passage
Chapter XLVIII.—Test of Truth.
Chapter XLVIII.—Thalassius is 
Chapter XLVIII.—That Constanti
Chapter XLVIII.—The True Proph
Chapter XLVIII.—Their Cosmogon
Chapter XV.
Chapter XV.5116 Argument.—Agai
Chapter XV.686—The Charge of I
Chapter XV.—After the Synod, o
Chapter XV.—Allegorical Explan
Chapter XV.—An Explanation of 
Chapter XV.—Argument: Cæcilius
Chapter XV.—Arguments from the
Chapter XV.—As the Flesh is a 
Chapter XV.—At first God deeme
Chapter XV.—Athanasius and Pau
Chapter XV.—Athanasius is agai
Chapter XV.—Bishops, Presbyter
Chapter XV.—Christ Not God, Bu
Chapter XV.—Christ’s Prophecie
Chapter XV.—Clement, the Third
Chapter XV.—Clement’s Disclosu
Chapter XV.—Concerning Fear.
Chapter XV.—Concerning Festiva
Chapter XV.—Concerning the ene
Chapter XV.—Concerning the hon
Chapter XV.—Conclusion.
Chapter XV.—Constantine throws
Chapter XV.—Constantine writes
Chapter XV.—Council of Ariminu
Chapter XV.—Didymus the Blind,
Chapter XV.—Disputes between E
Chapter XV.—Exhortation to con
Chapter XV.—Fear of Men and of
Chapter XV.—Flavian and Evagri
Chapter XV.—Folly of Idolatry.
Chapter XV.—General Summary of
Chapter XV.—God’s Dealings wit
Chapter XV.—He Argues Against 
Chapter XV.—He Dismisses One M
Chapter XV.—He Entreats God, t
Chapter XV.—He Who Saves and H
Chapter XV.—He causes himself 
Chapter XV.—Heathen Worshipper
Chapter XV.—Heraclas.1883
Chapter XV.—Heretics Not to Be
Chapter XV.—How Constantine en
Chapter XV.—How Demons Get Pow
Chapter XV.—How Jesus Raised a
Chapter XV.—In Memory There ar
Chapter XV.—In what the true f
Chapter XV.—Incidents of the V
Chapter XV.—Introduction to Pe
Chapter XV.—Its Inconclusivene
Chapter XV.—John is expelled f
Chapter XV.—Marcion and Cerdo.
Chapter XV.—Martyrs at Merum i
Chapter XV.—Matthew XI. 25 Dis
Chapter XV.—New Testament Pass
Chapter XV.—No account can be 
Chapter XV.—Of Fascination.
Chapter XV.—Of Flavian Bishop 
Chapter XV.—Of Hypatia the Fem
Chapter XV.—Of Putting Off Clo
Chapter XV.—Of the Apostle’s L
Chapter XV.—Of the Consistency
Chapter XV.—Of the Fact that t
Chapter XV.—Of the Jews; of th
Chapter XV.—Of the Letter writ
Chapter XV.—Of the Persecution
Chapter XV.—Of the Saviour’s D
Chapter XV.—Of the persecution
Chapter XV.—Pairs.
Chapter XV.—Peter’s First Inst
Chapter XV.—Peter’s Speech Con
Chapter XV.—Polycarp is not in
Chapter XV.—Proofs of the resu
Chapter XV.—Quibbles of the Nu
Chapter XV.—Refutation of the 
Chapter XV.—Salutations.
Chapter XV.—Salutations. Concl
Chapter XV.—Sermon on the Moun
Chapter XV.—Sige relates to Ma
Chapter XV.—Simon Magus, Profe
Chapter XV.—Simon’s Arrogance.
Chapter XV.—Simon’s Disciples 
Chapter XV.—Sin the Cause of E
Chapter XV.—Socrates; His Phil
Chapter XV.—Strange Account of
Chapter XV.—Test of Idols.
Chapter XV.—Testimony of Orphe
Chapter XV.—Texts explained; F
Chapter XV.—The Arian Heresy, 
Chapter XV.—The Constellations
Chapter XV.—The Emperor Consta
Chapter XV.—The Emperor banish
Chapter XV.—The Epistle of Con
Chapter XV.—The Events which h
Chapter XV.—The Evidence from 
Chapter XV.—The Example of Jes
Chapter XV.—The First Epistle 
Chapter XV.—The Giants.
Chapter XV.—The Gospel accordi
Chapter XV.—The Judgment of Pa
Chapter XV.—The Lateness of th
Chapter XV.—The Lust and Desir
Chapter XV.—The Martyrdom of M
Chapter XV.—The Repentance of 
Chapter XV.—The Same Subject C
Chapter XV.—The Schism of Blas
Chapter XV.—The Sethians Suppo
Chapter XV.—The Severity of Go
Chapter XV.—The Son of the Emp
Chapter XV.—The Soul’s Vitalit
Chapter XV.—The Tenets of the 
Chapter XV.—The Title Christ S
Chapter XV.—The Truth, that Go
Chapter XV.—The Valentinian Fi
Chapter XV.—The Woman’s Story.
Chapter XV.—The false and the 
Chapter XV.—Theories of Creati
Chapter XV.—There is Only a Mo
Chapter XV.—Treacherous Friend
Chapter XV.—Under Verus,1131Po
Chapter XV.—Unfairness of Char
Chapter XV.—Unity of Baptism. 
Chapter XV.—Unnatural Lusts.
Chapter XV.—We Must Adhere to 
Chapter XV.—We must adhere to 
Chapter XV.—What Christ himsel
Chapter XV.—Whatever Is, Owes 
Chapter XV.—While Writing, Bei
Chapter XV.—Wickedness of the 
Chapter XVI.
Chapter XVI.5129 Argument.—Aga
Chapter XVI.698—Other Charges 
Chapter XVI.—A Series of Dilem
Chapter XVI.—Absurd interpreta
Chapter XVI.—Achamoth Purified
Chapter XVI.—All Things Work f
Chapter XVI.—Apelles.
Chapter XVI.—Apostolic Sanctio
Chapter XVI.—Argument: Octaviu
Chapter XVI.—Basil becomes Bis
Chapter XVI.—Because Some are 
Chapter XVI.—Cannibalism.
Chapter XVI.—Certain Presbyter
Chapter XVI.—Christ as an Exam
Chapter XVI.—Christ as an exam
Chapter XVI.—Christ’s Flesh in
Chapter XVI.—Circumcision give
Chapter XVI.—Concerning Anger.
Chapter XVI.—Concerning Images
Chapter XVI.—Concerning Privat
Chapter XVI.—Concerning St. Ep
Chapter XVI.—Concerning patien
Chapter XVI.—Concerning the Sy
Chapter XVI.—Constantine, havi
Chapter XVI.—Demolition of the
Chapter XVI.—Doctrine of Conju
Chapter XVI.—Early Manifestati
Chapter XVI.—Efforts of Julian
Chapter XVI.—Eusebius and Theo
Chapter XVI.—Evil Arises Not f
Chapter XVI.—Exhortation to Un
Chapter XVI.—Existence of Evil
Chapter XVI.—General Consisten
Chapter XVI.—God Alone a Fit O
Chapter XVI.—Gods of the Egypt
Chapter XVI.—He Disapproves of
Chapter XVI.—He Very Easily Un
Chapter XVI.—He Wishes to Have
Chapter XVI.—He forbids by Law
Chapter XVI.—Hercules.
Chapter XVI.—Heresy of Valenti
Chapter XVI.—Honorius the Rule
Chapter XVI.—How Constantius, 
Chapter XVI.—How Licinius coun
Chapter XVI.—Imperfect Convict
Chapter XVI.—In What Manner, a
Chapter XVI.—In reply to those
Chapter XVI.—Instances from Sc
Chapter XVI.—Instruction Conti
Chapter XVI.—Introductory to P
Chapter XVI.—Inventors of Usef
Chapter XVI.—Justin the Philos
Chapter XVI.—Letter from the E
Chapter XVI.—Man’s Ways Opposi
Chapter XVI.—Marcion Assumes t
Chapter XVI.—Mark first procla
Chapter XVI.—None But Evil Dem
Chapter XVI.—Of Amphilochius, 
Chapter XVI.—Of Sitting After 
Chapter XVI.—Of the Derision A
Chapter XVI.—Of the Fact That,
Chapter XVI.—Of the Literary L
Chapter XVI.—Of the Second Bap
Chapter XVI.—Of the Temptation
Chapter XVI.—Of the expedition
Chapter XVI.—Of the holy Basil
Chapter XVI.—Origen’s Earnest 
Chapter XVI.—Perfect righteous
Chapter XVI.—Peter’s Salutatio
Chapter XVI.—Peter’s Speech Co
Chapter XVI.—Plato; Threefold 
Chapter XVI.—Polycarp is pierc
Chapter XVI.—Powers of the Dem
Chapter XVI.—Praise of Unchast
Chapter XVI.—Preparation for t
Chapter XVI.—Presents to the B
Chapter XVI.—Proofs from the a
Chapter XVI.—Sedition on Accou
Chapter XVI.—Several Other Thi
Chapter XVI.—Simon Magus: Hope
Chapter XVI.—Since our bodies 
Chapter XVI.—Story in Regard t
Chapter XVI.—Tertullian, Havin
Chapter XVI.—Testimony of the 
Chapter XVI.—That No One But t
Chapter XVI.—The Bishop’s Labo
Chapter XVI.—The Change of Aff
Chapter XVI.—The Circumstances
Chapter XVI.—The Coming of Chr
Chapter XVI.—The Creator of th
Chapter XVI.—The Dispute betwe
Chapter XVI.—The Emperor Const
Chapter XVI.—The Emperor purpo
Chapter XVI.—The Epistle of Cl
Chapter XVI.—The Fear of Death
Chapter XVI.—The Heretics Call
Chapter XVI.—The Jews commit A
Chapter XVI.—The Patience of t
Chapter XVI.—The Precept of Lo
Chapter XVI.—The Privation of 
Chapter XVI.—The Sacred Name J
Chapter XVI.—The Second Epistl
Chapter XVI.—The Sethian Theor
Chapter XVI.—The Shipwreck.
Chapter XVI.—The Soul’s Parts.
Chapter XVI.—The System of Sat
Chapter XVI.—The Tenets of the
Chapter XVI.—The Unbegotten an
Chapter XVI.—The Woman’s Story
Chapter XVI.—The World Made of
Chapter XVI.—The fate of false
Chapter XVI.—The spiritual tem
Chapter XVI.—These Things Hidd
Chapter XVI.—Time Can Only Be 
Chapter XVI.—To the Severity o
Chapter XVI.—Type of Those Bor
Chapter XVI.—Weakness of the P
Chapter XVI.—Why Simon Gave to
Chapter XVI.—Why They Wish to 
Chapter XVI.—Why the Wicked On
Chapter XVI.—Wickedness of Jup
Chapter XVI.—“Would that All G
Chapter XVII.
Chapter XVII.1081—Conclusion, 
Chapter XVII.5136 Argument.—It
Chapter XVII.715—The Christian
Chapter XVII.—(38.) The Sevent
Chapter XVII.—Above His Change
Chapter XVII.—Achamoth in Love
Chapter XVII.—Allegorical Expl
Chapter XVII.—An Appeal to the
Chapter XVII.—Annubion’s Servi
Chapter XVII.—Argument: Man Ou
Chapter XVII.—Aristotle; Duali
Chapter XVII.—Astrological Lor
Chapter XVII.—Athanasius, inti
Chapter XVII.—Banishment of Eu
Chapter XVII.—Beware of false 
Chapter XVII.—Cerinthus.
Chapter XVII.—Christ taught ci
Chapter XVII.—Concerning Imagi
Chapter XVII.—Concerning Loans
Chapter XVII.—Concerning Scrip
Chapter XVII.—Concerning the d
Chapter XVII.—Conclusion of th
Chapter XVII.—Conclusion.
Chapter XVII.—Conflict between
Chapter XVII.—Consistency of t
Chapter XVII.—Constantine’s Le
Chapter XVII.—Constantine’s Vi
Chapter XVII.—Council held by 
Chapter XVII.—Discovery of the
Chapter XVII.—Doctrine of Atom
Chapter XVII.—First the Worse,
Chapter XVII.—Friendship of Ba
Chapter XVII.—Gentile Cosmogon
Chapter XVII.—God Cannot Be At
Chapter XVII.—He Continues on 
Chapter XVII.—He Mentions Five
Chapter XVII.—Heathen Examples
Chapter XVII.—Helena395, Mothe
Chapter XVII.—Heretics, in Fac
Chapter XVII.—In Opposition to
Chapter XVII.—In Order that he
Chapter XVII.—Inquiry into the
Chapter XVII.—Introduction to 
Chapter XVII.—Marcion; His Dua
Chapter XVII.—Men Enemies to G
Chapter XVII.—Miltiades and Hi
Chapter XVII.—Miracle performe
Chapter XVII.—Nevertheless The
Chapter XVII.—Not Admitted by 
Chapter XVII.—Not Enough, as t
Chapter XVII.—Of Elevated Hand
Chapter XVII.—Of his Christian
Chapter XVII.—Of his Prayers i
Chapter XVII.—Of the Calling o
Chapter XVII.—Of the Council c
Chapter XVII.—Of the Harmony o
Chapter XVII.—Of the Hieroglyp
Chapter XVII.—Of the Power of 
Chapter XVII.—Of the Wisdom of
Chapter XVII.—Of the boldness 
Chapter XVII.—Of the death of 
Chapter XVII.—Of the massacre 
Chapter XVII.—On the Death of 
Chapter XVII.—Origin of the Gr
Chapter XVII.—Peter Requests H
Chapter XVII.—Peter’s Speech C
Chapter XVII.—Philo’s Account 
Chapter XVII.—Proceedings of t
Chapter XVII.—Proof that God d
Chapter XVII.—Prophecies in Is
Chapter XVII.—Questions Propou
Chapter XVII.—Reasons Why Thei
Chapter XVII.—Same Subject Con
Chapter XVII.—Speaking the Tru
Chapter XVII.—Suggestions of t
Chapter XVII.—Sundry August Ti
Chapter XVII.—Synodical Act of
Chapter XVII.—Testimony of Hom
Chapter XVII.—The Cases of Ser
Chapter XVII.—The Christians a
Chapter XVII.—The Constellatio
Chapter XVII.—The Devil Has No
Chapter XVII.—The Egyptians’ D
Chapter XVII.—The Emperor Vale
Chapter XVII.—The Emperor prep
Chapter XVII.—The Emperor’s Mo
Chapter XVII.—The Epistle to t
Chapter XVII.—The Fidelity of 
Chapter XVII.—The Flesh Will B
Chapter XVII.—The Flood.
Chapter XVII.—The Fruitless Se
Chapter XVII.—The Gospel Gives
Chapter XVII.—The Impious See 
Chapter XVII.—The Jews sent pe
Chapter XVII.—The Lust of the 
Chapter XVII.—The Manichæan Id
Chapter XVII.—The Martyrs whom
Chapter XVII.—The Nature of Go
Chapter XVII.—The People’s Dut
Chapter XVII.—The Persecution 
Chapter XVII.—The Revocation o
Chapter XVII.—The Saints as Ex
Chapter XVII.—The Sethian Doct
Chapter XVII.—The Signs at Pan
Chapter XVII.—The Similarity o
Chapter XVII.—The Tenets of th
Chapter XVII.—The Translator S
Chapter XVII.—The Truth of God
Chapter XVII.—The Way to the K
Chapter XVII.—The Woman’s Stor
Chapter XVII.—The apostles tea
Chapter XVII.—The saints as ex
Chapter XVII.—The theory of th
Chapter XVII.—There is but one
Chapter XVII.—They are Blamewo
Chapter XVII.—Trace God’s Gove
Chapter XVII.—Transactions of 
Chapter XVII.—Type of Those Bo
Chapter XVII.—Whether Adam Had
Chapter XVII.—“Their Makers ar
Chapter XVIII.
Chapter XVIII.3343—Types of th
Chapter XVIII.5146 Argument.—M
Chapter XVIII.676
Chapter XVIII.732—Christians C
Chapter XVIII.—A Thing When Lo
Chapter XVIII.—Adam Not Ignora
Chapter XVIII.—Ambrose.
Chapter XVIII.—An Eulogy on th
Chapter XVIII.—Another Foolish
Chapter XVIII.—Another Heresy,
Chapter XVIII.—Answer to a Psy
Chapter XVIII.—Answer to the E
Chapter XVIII.—Argument: Moreo
Chapter XVIII.—Blasphemous Opi
Chapter XVIII.—Causes of Ignor
Chapter XVIII.—Charming of the
Chapter XVIII.—Christians woul
Chapter XVIII.—Concerning Sens
Chapter XVIII.—Concerning sacr
Chapter XVIII.—Concerning the 
Chapter XVIII.—Continuation of
Chapter XVIII.—David as an Exa
Chapter XVIII.—David as an exa
Chapter XVIII.—Death of Licini
Chapter XVIII.—Dissolution and
Chapter XVIII.—Dress as Connec
Chapter XVIII.—Events at Edess
Chapter XVIII.—Family of Satur
Chapter XVIII.—Further concern
Chapter XVIII.—God the Father 
Chapter XVIII.—Great Evil Ensu
Chapter XVIII.—He enjoins the 
Chapter XVIII.—He prohibited t
Chapter XVIII.—He speaks of th
Chapter XVIII.—His First Sugge
Chapter XVIII.—His Profiting b
Chapter XVIII.—Introduction to
Chapter XVIII.—Is the Devil a 
Chapter XVIII.—Isaiah I. 3 Exp
Chapter XVIII.—Jesus Christ, t
Chapter XVIII.—Letter from the
Chapter XVIII.—Manner of Condu
Chapter XVIII.—Men Desire to O
Chapter XVIII.—Mistake About S
Chapter XVIII.—Notwithstanding
Chapter XVIII.—Of Eudoxia’s Si
Chapter XVIII.—Of the Date of 
Chapter XVIII.—Of the Empress 
Chapter XVIII.—Of the Erythræa
Chapter XVIII.—Of the Fact tha
Chapter XVIII.—Of the Kiss of 
Chapter XVIII.—Of the Lights a
Chapter XVIII.—Of the Lord’s S
Chapter XVIII.—Of the Persons 
Chapter XVIII.—Of the predicti
Chapter XVIII.—On the overthro
Chapter XVIII.—Passages from M
Chapter XVIII.—Past and Future
Chapter XVIII.—Peter Promises 
Chapter XVIII.—Peter’s Speech 
Chapter XVIII.—Plato Suggested
Chapter XVIII.—Proof of immort
Chapter XVIII.—Props of the Sy
Chapter XVIII.—Pythagoras’ Sys
Chapter XVIII.—Reformation of 
Chapter XVIII.—Regarding the t
Chapter XVIII.—Renewal of Host
Chapter XVIII.—Responsibility 
Chapter XVIII.—Scripture Phras
Chapter XVIII.—Second Nature.
Chapter XVIII.—Second part of 
Chapter XVIII.—Sedition of the
Chapter XVIII.—Some of God’s L
Chapter XVIII.—Sophia was neve
Chapter XVIII.—Source of Marci
Chapter XVIII.—Testimony of So
Chapter XVIII.—That after the 
Chapter XVIII.—The Apostle Joh
Chapter XVIII.—The Arians and 
Chapter XVIII.—The Author Sinf
Chapter XVIII.—The Concourse o
Chapter XVIII.—The Designation
Chapter XVIII.—The Ebionæans.
Chapter XVIII.—The Emperor Con
Chapter XVIII.—The Emperor con
Chapter XVIII.—The Emperor of 
Chapter XVIII.—The Law to the 
Chapter XVIII.—The Letter of A
Chapter XVIII.—The Manner in w
Chapter XVIII.—The Mystery of 
Chapter XVIII.—The Name of God
Chapter XVIII.—The Nature of R
Chapter XVIII.—The Persecution
Chapter XVIII.—The Philosopher
Chapter XVIII.—The Reply.
Chapter XVIII.—The Same.
Chapter XVIII.—The Statue whic
Chapter XVIII.—The Stoics; The
Chapter XVIII.—The System of J
Chapter XVIII.—The Tenets of t
Chapter XVIII.—The Unlawful Tr
Chapter XVIII.—The Woman’s Sto
Chapter XVIII.—The Works of Ju
Chapter XVIII.—The Works of Ph
Chapter XVIII.—The body of Pol
Chapter XVIII.—The glory of th
Chapter XVIII.—This Power in P
Chapter XVIII.—Trouble Upon Tr
Chapter XVIII.—Two Philosopher
Chapter XVIII.—Type of Those B
Chapter XVIII.—What Error is H
Chapter XVIII.—“As a Heathen M
Chapter XX.
Chapter XX.3371—The Subsequent
Chapter XX.5172 Argument.—It i
Chapter XX.—A Farther Quotatio
Chapter XX.—A Second Overthrow
Chapter XX.—After having given
Chapter XX.—An Explanation of 
Chapter XX.—Another Subject fo
Chapter XX.—Argument: But If t
Chapter XX.—Athanasius again r
Chapter XX.—Brahmans.
Chapter XX.—Christ Born of a V
Chapter XX.—Christ First Deliv
Chapter XX.—Christ the Only Pr
Chapter XX.—Clement’s Obedienc
Chapter XX.—Common Principles.
Chapter XX.—Comparison of Chri
Chapter XX.—Concerning Idolatr
Chapter XX.—Concerning Maximus
Chapter XX.—Concerning Memory.
Chapter XX.—Concerning Reptile
Chapter XX.—Concerning the inn
Chapter XX.—Concerning the nat
Chapter XX.—Constantine’s Enac
Chapter XX.—Death of Arsacius,
Chapter XX.—Death of Athanasiu
Chapter XX.—Divisions among th
Chapter XX.—Divorced for the F
Chapter XX.—Doings of Jupiter.
Chapter XX.—Egyptian Idolatry.
Chapter XX.—Events which took 
Chapter XX.—Exhortation to obe
Chapter XX.—Exhortations to st
Chapter XX.—Extension of our D
Chapter XX.—False Theories of 
Chapter XX.—Faustus, His Wife,
Chapter XX.—Figurative Senses 
Chapter XX.—Flight of Constant
Chapter XX.—Folly of Idolatry.
Chapter XX.—From Apostolic Tea
Chapter XX.—Futility of the ar
Chapter XX.—God showed himself
Chapter XX.—Godliness, Not Gai
Chapter XX.—He Rejoices that H
Chapter XX.—Heathen analogies 
Chapter XX.—In Consequence of 
Chapter XX.—In What Manner Tim
Chapter XX.—In what Manner the
Chapter XX.—Marcion, Justifyin
Chapter XX.—Meaning of the Phr
Chapter XX.—Melchisedecians.
Chapter XX.—Neither the World 
Chapter XX.—Of Mavia,759 Queen
Chapter XX.—Of Preparation For
Chapter XX.—Of Women’s Dress.
Chapter XX.—Of the Council at 
Chapter XX.—Of the Fact that N
Chapter XX.—Of the Question as
Chapter XX.—Of the Words, “In 
Chapter XX.—Of the death of th
Chapter XX.—Of the destruction
Chapter XX.—Pain and Death the
Chapter XX.—Persecution of the
Chapter XX.—Peter Addresses Ma
Chapter XX.—Peter’s Account of
Chapter XX.—Peter’s Satisfacti
Chapter XX.—Peter’s Statement 
Chapter XX.—Plato’s Testimony.
Chapter XX.—Postponement of Di
Chapter XX.—Promise of another
Chapter XX.—Pythagoras’ Cosmog
Chapter XX.—Some Parts of the 
Chapter XX.—Testimony of Plato
Chapter XX.—Texts Explained; S
Chapter XX.—That one God forme
Chapter XX.—That there are not
Chapter XX.—The Academics; Dif
Chapter XX.—The Character of G
Chapter XX.—The Cosmogony of J
Chapter XX.—The Divine Virtue 
Chapter XX.—The Epistle to the
Chapter XX.—The Events which t
Chapter XX.—The Extant Works o
Chapter XX.—The Festal Epistle
Chapter XX.—The Form of Prayer
Chapter XX.—The Heresy of Carp
Chapter XX.—The Jews instigate
Chapter XX.—The Kingdom of God
Chapter XX.—The Marcionites Ch
Chapter XX.—The Peace and Harm
Chapter XX.—The Relatives of o
Chapter XX.—The Rulers of the 
Chapter XX.—The Scriptures Rel
Chapter XX.—The Soul, as to It
Chapter XX.—The Statue of the 
Chapter XX.—The Tenets of the 
Chapter XX.—The Use Made of It
Chapter XX.—The Writings of Ir
Chapter XX.—The apocryphal and
Chapter XX.—The artful Machina
Chapter XX.—The peace and harm
Chapter XX.—The way of darknes
Chapter XX.—These Gods Were Re
Chapter XX.—This epistle is to
Chapter XX.—Those pastors are 
Chapter XX.—Truth and Reality 
Chapter XX.—Type of Those Born
Chapter XX.—We Should Not Seek
Chapter XX.—What If It Be Alre
Chapter XX.—Why choice of meat
Chapter XX.—Willing Captives.
Chapter XX.—“Not Almost, But A
Chapter XXI
Chapter XXI.
Chapter XXI.5179 Argument.—Tha
Chapter XXI.— Of the Statue of
Chapter XXI.—A Black Catalogue
Chapter XXI.—A Disclosure.
Chapter XXI.—A Discovery.
Chapter XXI.—A Retort of Heres
Chapter XXI.—A vindication of 
Chapter XXI.—Abraham’s faith w
Chapter XXI.—Advantage of the 
Chapter XXI.—All Doctrine True
Chapter XXI.—An Argument for t
Chapter XXI.—Analogies to the 
Chapter XXI.—Answer to Appion’
Chapter XXI.—Appion and Atheno
Chapter XXI.—Argument: Octaviu
Chapter XXI.—As Free-Will Actu
Chapter XXI.—Bishops of Hereti
Chapter XXI.—Calamities suffer
Chapter XXI.—Cerdon becomes th
Chapter XXI.—Christ is the hea
Chapter XXI.—Christ’s Connecti
Chapter XXI.—Concerning Concep
Chapter XXI.—Concerning ignora
Chapter XXI.—Concerning the Li
Chapter XXI.—Conclusion.
Chapter XXI.—Death of Constant
Chapter XXI.—Defense of Eusebi
Chapter XXI.—Different Sects o
Chapter XXI.—Discovery of the 
Chapter XXI.—Districts of Heav
Chapter XXI.—Egyptian Idolatry
Chapter XXI.—Evils of Adultery
Chapter XXI.—Freedom of the Wi
Chapter XXI.—He orders the Sig
Chapter XXI.—Heathen Oracles.
Chapter XXI.—His Laws concerni
Chapter XXI.—How Appolonius su
Chapter XXI.—How Time May Be M
Chapter XXI.—How a Happy Life 
Chapter XXI.—Idols Not Animate
Chapter XXI.—In This and the F
Chapter XXI.—John dies in Exil
Chapter XXI.—Justa’s Adopted S
Chapter XXI.—Justinus’ Triad o
Chapter XXI.—Kind Treatment of
Chapter XXI.—Let Us Obey God, 
Chapter XXI.—Let us obey God, 
Chapter XXI.—Letter of Constan
Chapter XXI.—List of the Place
Chapter XXI.—Mechanical Theory
Chapter XXI.—No Mere Metaphor 
Chapter XXI.—Of Anthony the Mo
Chapter XXI.—Of Marcellus, bis
Chapter XXI.—Of Silent Acquies
Chapter XXI.—Of Virgins.
Chapter XXI.—Of the Difference
Chapter XXI.—Of the Explanatio
Chapter XXI.—Of the Order in W
Chapter XXI.—Of the Second Cou
Chapter XXI.—Of the Women Who 
Chapter XXI.—Of the sorcery at
Chapter XXI.—Other Opinions of
Chapter XXI.—Peculiar Schism a
Chapter XXI.—Proceedings of Ma
Chapter XXI.—Recommendation to
Chapter XXI.—Righteousness the
Chapter XXI.—Sabbaths were ins
Chapter XXI.—Simon Promises to
Chapter XXI.—Simon’s Astonishm
Chapter XXI.—Some Portions of 
Chapter XXI.—St. Paul Preached
Chapter XXI.—Temptation of Chr
Chapter XXI.—Texts Explained; 
Chapter XXI.—That these Things
Chapter XXI.—The Arians are al
Chapter XXI.—The Bishops that 
Chapter XXI.—The Brachmans; Th
Chapter XXI.—The Call of the G
Chapter XXI.—The Demons Subjec
Chapter XXI.—The Eating of the
Chapter XXI.—The Ecclesiastica
Chapter XXI.—The Egyptian, who
Chapter XXI.—The Emperor’s Inv
Chapter XXI.—The Epistle to Ph
Chapter XXI.—The Law of the Sa
Chapter XXI.—The Melitians and
Chapter XXI.—The Occurrences a
Chapter XXI.—The Phrygians or 
Chapter XXI.—The Same Subject 
Chapter XXI.—The System of Cer
Chapter XXI.—The Uses of Lust,
Chapter XXI.—The Vanity as Wel
Chapter XXI.—The Word of God D
Chapter XXI.—The date of the m
Chapter XXI.—The namelessness 
Chapter XXI.—The purpose2629fo
Chapter XXI.—The twelve apostl
Chapter XXI.—The views of rede
Chapter XXI.—Their Graves are 
Chapter XXI.—Type of Those Bor
Chapter XXI.—Unalterable Convi
Chapter XXI.—What He Found in 
Chapter XXI.—What the Council 
Chapter XXI.—“If I Be a Father
Chapter XXII.
Chapter XXII.5193 Argument—Tha
Chapter XXII.—A Happy Life is 
Chapter XXII.—A Happy Meeting.
Chapter XXII.—A More Excellent
Chapter XXII.—Acesius, Bishop 
Chapter XXII.—Analogies to the
Chapter XXII.—Answer to the Fo
Chapter XXII.—Appion and Athen
Chapter XXII.—Argument: Moreov
Chapter XXII.—At that Time, th
Chapter XXII.—Attempt to Inval
Chapter XXII.—Belief of the Es
Chapter XXII.—Christ assumed a
Chapter XXII.—Christ did not c
Chapter XXII.—Concerning His g
Chapter XXII.—Concerning Passi
Chapter XXII.—Concerning the l
Chapter XXII.—Confutation of I
Chapter XXII.—Conversion of th
Chapter XXII.—Council of Seleu
Chapter XXII.—Customs of the G
Chapter XXII.—Death of Valenti
Chapter XXII.—Deviations of he
Chapter XXII.—Doctrine of the 
Chapter XXII.—Doctrines of Sim
Chapter XXII.—Epistle written 
Chapter XXII.—From Aversion to
Chapter XXII.—God’s Attribute 
Chapter XXII.—He Discusses Whe
Chapter XXII.—He Explains the 
Chapter XXII.—He Prays God tha
Chapter XXII.—Hegesippus and t
Chapter XXII.—Holy Scripture i
Chapter XXII.—How Flavianus an
Chapter XXII.—How he dismissed
Chapter XXII.—How he won the F
Chapter XXII.—How, after the B
Chapter XXII.—Ignatius, the Se
Chapter XXII.—Jovian is procla
Chapter XXII.—Lying Fables.
Chapter XXII.—Male and Female.
Chapter XXII.—Manes, the Found
Chapter XXII.—Motions of the S
Chapter XXII.—Oath Used by the
Chapter XXII.—Of Accepting Ble
Chapter XXII.—Of Martyrs, and 
Chapter XXII.—Of Sisinnius Bis
Chapter XXII.—Of Theophilus, b
Chapter XXII.—Of his Zeal in P
Chapter XXII.—Of the Council h
Chapter XXII.—Of the Opinion E
Chapter XXII.—Of the Order of 
Chapter XXII.—Of the Question 
Chapter XXII.—Of the heads dis
Chapter XXII.—Origin of the De
Chapter XXII.—Paul having been
Chapter XXII.—Peter Worships O
Chapter XXII.—Plato’s Opinion,
Chapter XXII.—Recapitulation. 
Chapter XXII.—Repetition of In
Chapter XXII.—Responsibility.
Chapter XXII.—Righteousness; W
Chapter XXII.—Salutation.
Chapter XXII.—Second Suggestio
Chapter XXII.—Silence of Sabin
Chapter XXII.—Sins of Ignoranc
Chapter XXII.—So also were sac
Chapter XXII.—Studied ambiguit
Chapter XXII.—Sundry Passages 
Chapter XXII.—Texts Explained;
Chapter XXII.—Thanksgiving.
Chapter XXII.—The Author’s Vie
Chapter XXII.—The Bishops that
Chapter XXII.—The Brazen Serpe
Chapter XXII.—The Council of S
Chapter XXII.—The Druids; Prog
Chapter XXII.—The Emperor than
Chapter XXII.—The Light of the
Chapter XXII.—The Lost Found.
Chapter XXII.—The Marriage Sup
Chapter XXII.—The Pestilence w
Chapter XXII.—The Phrygians or
Chapter XXII.—The Same Conclus
Chapter XXII.—The Scriptures F
Chapter XXII.—The Success of t
Chapter XXII.—The Vain Machina
Chapter XXII.—The Works of Hip
Chapter XXII.—The thirty Æons 
Chapter XXII.—The true Lord an
Chapter XXII.—The “Sayings” Of
Chapter XXII.—Their Contempora
Chapter XXII.—These Exhortatio
Chapter XXII.—These exhortatio
Chapter XXII.—This Conclusion 
Chapter XXII.—Type of Those Bo
Chapter XXII.—Unlawful Expulsi
Chapter XXII.—Vile Transformat
Chapter XXII.—Virtues of the E
Chapter XXII.—Why They Sometim
Chapter XXII.—“Rather Rejoice.
Chapter XXII.—“The Gods that H
Chapter XXIII.
Chapter XXIII.5196 Argument.—A
Chapter XXIII.—A Brief Notice 
Chapter XXIII.—A Miracle.
Chapter XXIII.—Acacius and Aët
Chapter XXIII.—After the Death
Chapter XXIII.—Against the Jew
Chapter XXIII.—All Wish to Rej
Chapter XXIII.—Another Sect of
Chapter XXIII.—Argument: Altho
Chapter XXIII.—Arguments in op
Chapter XXIII.—Arsacius electe
Chapter XXIII.—Be Humble, and 
Chapter XXIII.—Be humble, and 
Chapter XXIII.—Calumny respect
Chapter XXIII.—Canons appointe
Chapter XXIII.—Concerning Ener
Chapter XXIII.—Concerning His 
Chapter XXIII.—Constantius, be
Chapter XXIII.—Conversion of t
Chapter XXIII.—Death of Liberi
Chapter XXIII.—Death of the Em
Chapter XXIII.—Dionysius, Bish
Chapter XXIII.—Doctrines and p
Chapter XXIII.—Eusebius Bishop
Chapter XXIII.—Evil Not in Sub
Chapter XXIII.—Exaction of Tri
Chapter XXIII.—Folly of Idolat
Chapter XXIII.—Further Dissens
Chapter XXIII.—God’s Attribute
Chapter XXIII.—God’s Purposes 
Chapter XXIII.—Hermogenes Purs
Chapter XXIII.—Hesiod; The Nin
Chapter XXIII.—How he forbade 
Chapter XXIII.—How he wrote to
Chapter XXIII.—Impossible that
Chapter XXIII.—Manners of the 
Chapter XXIII.—More Passages f
Chapter XXIII.—Narrative Conce
Chapter XXIII.—Noetus and Call
Chapter XXIII.—Of Christian Co
Chapter XXIII.—Of Flavianus bi
Chapter XXIII.—Of Kneeling.
Chapter XXIII.—Of the Follies 
Chapter XXIII.—Of the Person W
Chapter XXIII.—Of the Question
Chapter XXIII.—Of the holy mon
Chapter XXIII.—Of what befell 
Chapter XXIII.—Origen’s Zeal a
Chapter XXIII.—Origin of Evil.
Chapter XXIII.—Peter Goes to A
Chapter XXIII.—Plato’s self-co
Chapter XXIII.—Providence in E
Chapter XXIII.—Pythagoras’ Ast
Chapter XXIII.—Refutation of w
Chapter XXIII.—Repetition Cont
Chapter XXIII.—Reward of Hospi
Chapter XXIII.—Simeon’s “Sign 
Chapter XXIII.—Simon Refuses P
Chapter XXIII.—Simon Retires.
Chapter XXIII.—Simon a Discipl
Chapter XXIII.—Subsequent Here
Chapter XXIII.—Sundry Passages
Chapter XXIII.—Texts Explained
Chapter XXIII.—That Time is a 
Chapter XXIII.—That he declare
Chapter XXIII.—That to Have Po
Chapter XXIII.—The Apostles No
Chapter XXIII.—The Assembly Di
Chapter XXIII.—The Deeds of So
Chapter XXIII.—The Dispersion 
Chapter XXIII.—The Egyptians P
Chapter XXIII.—The Gods No God
Chapter XXIII.—The Heresy of T
Chapter XXIII.—The Image of Ma
Chapter XXIII.—The Inequalitie
Chapter XXIII.—The Martyrdom o
Chapter XXIII.—The Opinions of
Chapter XXIII.—The Question th
Chapter XXIII.—The Reign of Ga
Chapter XXIII.—The Relative Po
Chapter XXIII.—The Sick Healed
Chapter XXIII.—The argument.
Chapter XXIII.—The devil is we
Chapter XXIII.—The opinion of 
Chapter XXIII.—The patriarchs 
Chapter XXIII.—The woman who s
Chapter XXIII.—Third Suggestio
Chapter XXIII.—Two Kinds of Di
Chapter XXIII.—Two Kinds of Pr
Chapter XXIII.—Type of Those B
Chapter XXIII.—Valens and Ursa
Chapter XXIII.—Why a God?
Chapter XXIII.—Written Contrac
Chapter XXIII.—“To Whom Much i
Chapter XXIII.—“Whither Shall 
Chapter XXIV.
Chapter XXIV.5199 Argument.—Th
Chapter XXIV.—Agreement of Pla
Chapter XXIV.—All Well Arrange
Chapter XXIV.—Allegory.
Chapter XXIV.—Annianus the Fir
Chapter XXIV.—Argument: He Bri
Chapter XXIV.—Assault upon the
Chapter XXIV.—Athanasius, pass
Chapter XXIV.—Christ is Mind, 
Chapter XXIV.—Christ’s Millenn
Chapter XXIV.—Concerning Melit
Chapter XXIV.—Concerning St. A
Chapter XXIV.—Concerning Virgi
Chapter XXIV.—Concerning our L
Chapter XXIV.—Concerning what 
Chapter XXIV.—Different Custom
Chapter XXIV.—Divine Stricture
Chapter XXIV.—Doctrines of Sat
Chapter XXIV.—Earth Does Not M
Chapter XXIV.—Electioneering S
Chapter XXIV.—Eutropius the Re
Chapter XXIV.—Folly of Polythe
Chapter XXIV.—Folly of the arg
Chapter XXIV.—Formulary of the
Chapter XXIV.—Fourth Suggestio
Chapter XXIV.—General Conclusi
Chapter XXIV.—God Continually 
Chapter XXIV.—God continually 
Chapter XXIV.—God the Author o
Chapter XXIV.—He Who Finds Tru
Chapter XXIV.—Hermogenes.
Chapter XXIV.—How he wrote Fre
Chapter XXIV.—If a Principle B
Chapter XXIV.—Impotence of Ido
Chapter XXIV.—Instances of God
Chapter XXIV.—It was by the Wi
Chapter XXIV.—Law of Constanti
Chapter XXIV.—Letter of Concil
Chapter XXIV.—Letter written b
Chapter XXIV.—Nepos and his Sc
Chapter XXIV.—Of Decius, Valer
Chapter XXIV.—Of Place for Pra
Chapter XXIV.—Of the Absence o
Chapter XXIV.—Of the Fact that
Chapter XXIV.—Of the Lord’s Cr
Chapter XXIV.—Of the Synod hel
Chapter XXIV.—Of the constant 
Chapter XXIV.—Of the holy monk
Chapter XXIV.—Of the tyranny o
Chapter XXIV.—On St. Philip’s 
Chapter XXIV.—On the Mission o
Chapter XXIV.—Other Passages Q
Chapter XXIV.—Out of the Many 
Chapter XXIV.—Peter’s Explanat
Chapter XXIV.—Plato’s Inconsis
Chapter XXIV.—Recapitulation o
Chapter XXIV.—Repetition Conti
Chapter XXIV.—Rivers and Seas.
Chapter XXIV.—Simon Rebuked by
Chapter XXIV.—Some Indian Nati
Chapter XXIV.—St. Peter’s Furt
Chapter XXIV.—Synodical Epistl
Chapter XXIV.—Texts Explained;
Chapter XXIV.—That Time is Not
Chapter XXIV.—That he describe
Chapter XXIV.—The Bishops floc
Chapter XXIV.—The Christians’ 
Chapter XXIV.—The Commentaries
Chapter XXIV.—The Disagreement
Chapter XXIV.—The Eunomians di
Chapter XXIV.—The Formation of
Chapter XXIV.—The Goodness of 
Chapter XXIV.—The Melchisedeci
Chapter XXIV.—The Order of the
Chapter XXIV.—The Prophetess a
Chapter XXIV.—The Sadducees.
Chapter XXIV.—The Sick Healed.
Chapter XXIV.—The conversion o
Chapter XXIV.—Theophilus Bisho
Chapter XXIV.—Type of Those Bo
Chapter XXIV.—Valentinian a So
Chapter XXIV.—Valentinus Convi
Chapter XXIV.—Varieties of hea
Chapter XXIV.—Victory of Theod
Chapter XXIV.—What is Not God.
Chapter XXIV.—Why God Has Bles
Chapter XXIV.—Why God Permits 
Chapter XXIV.—“Born of Water.”
Chapter XXIV—Departure from Ar
Chapter XXIX.
Chapter XXIX. Argument.—He Nex
Chapter XXIX.—Alexander, Bisho
Chapter XXIX.—All Hope is in t
Chapter XXIX.—All things have 
Chapter XXIX.—Allegories.
Chapter XXIX.—Although It is S
Chapter XXIX.—Appion’s Resentm
Chapter XXIX.—Argument: Nor is
Chapter XXIX.—Christ is useles
Chapter XXIX.—Concerning Provi
Chapter XXIX.—Concerning the D
Chapter XXIX.—Concerning the M
Chapter XXIX.—Concerning the O
Chapter XXIX.—Consecration of 
Chapter XXIX.—Constantine’s Ex
Chapter XXIX.—Continence of Ch
Chapter XXIX.—Corruptible and 
Chapter XXIX.—Damasus ordained
Chapter XXIX.—Discovery of the
Chapter XXIX.—Display of Diffe
Chapter XXIX.—Doctrines of var
Chapter XXIX.—Ezekiel’s Vision
Chapter XXIX.—Fabianus, who wa
Chapter XXIX.—Fire-Worship of 
Chapter XXIX.—God’s Care of Hu
Chapter XXIX.—How he wrote con
Chapter XXIX.—How the Christ o
Chapter XXIX.—Immortality of t
Chapter XXIX.—It Was Christ th
Chapter XXIX.—Let Us Also Draw
Chapter XXIX.—Let us also draw
Chapter XXIX.—Marcion Forbids 
Chapter XXIX.—Marcion’s Own An
Chapter XXIX.—Nestorius of Ant
Chapter XXIX.—Nicolaus and the
Chapter XXIX.—Of Arsenius, and
Chapter XXIX.—Of Constantine’s
Chapter XXIX.—Of the Heresiarc
Chapter XXIX.—Of the Power of 
Chapter XXIX.—Of the Question 
Chapter XXIX.—Of the Two Blind
Chapter XXIX.—Of the idol temp
Chapter XXIX.—Of the piety of 
Chapter XXIX.—Origin of Plato’
Chapter XXIX.—Parallels from t
Chapter XXIX.—Paul, having bee
Chapter XXIX.—Peace and Strife
Chapter XXIX.—Refutation of th
Chapter XXIX.—Sufferings of th
Chapter XXIX.—Symmetry of the 
Chapter XXIX.—Texts Explained;
Chapter XXIX.—That Human Life 
Chapter XXIX.—The Doctrine of 
Chapter XXIX.—The Giants: the 
Chapter XXIX.—The Gospel More 
Chapter XXIX.—The Gradual Deve
Chapter XXIX.—The Heresy of Ta
Chapter XXIX.—The Other Valent
Chapter XXIX.—The Partisans of
Chapter XXIX.—The Pythagorean 
Chapter XXIX.—The Signal Given
Chapter XXIX.—The Three Nature
Chapter XXIX.—The Truth Not In
Chapter XXIX.—“Nothing Common 
Chapter XXV.
Chapter XXV.5206 Argument.—And
Chapter XXV.—An Engagement for
Chapter XXV.—An Extravagant Wa
Chapter XXV.—An Illustration f
Chapter XXV.—An account of the
Chapter XXV.—Argument: Then He
Chapter XXV.—Better to Marry T
Chapter XXV.—Both covenants we
Chapter XXV.—Cain’s Name and N
Chapter XXV.—Causes of the Dep
Chapter XXV.—Christ Thanks the
Chapter XXV.—Christian Benevol
Chapter XXV.—Concerning Apolin
Chapter XXV.—Concerning the Ap
Chapter XXV.—Concerning the Ci
Chapter XXV.—Concerning what i
Chapter XXV.—Conclusion. This 
Chapter XXV.—Council of Tyre; 
Chapter XXV.—Dead Men Deified.
Chapter XXV.—Doctrines of Carp
Chapter XXV.—Evil Beings Turne
Chapter XXV.—False Gods abando
Chapter XXV.—Fifth Suggestion.
Chapter XXV.—God is Not a Bein
Chapter XXV.—God is not to be 
Chapter XXV.—God’s Dealings wi
Chapter XXV.—Good Works to Be 
Chapter XXV.—He Calls on God t
Chapter XXV.—He Explains the F
Chapter XXV.—He is Glad that G
Chapter XXV.—His Review of the
Chapter XXV.—How All came to a
Chapter XXV.—How he ordered th
Chapter XXV.—Intrepid Bearing 
Chapter XXV.—It Behoves Interp
Chapter XXV.—Journeyings.
Chapter XXV.—Not Genesis, But 
Chapter XXV.—Of Christ’s Subse
Chapter XXV.—Of Didymus the Bl
Chapter XXV.—Of Diocletian, wh
Chapter XXV.—Of Time for Praye
Chapter XXV.—Of the Fact that 
Chapter XXV.—Of the Man Sick o
Chapter XXV.—Of the Presbyter 
Chapter XXV.—Of the Usurpers M
Chapter XXV.—Of the causes whi
Chapter XXV.—Of the death of t
Chapter XXV.—Of what other mon
Chapter XXV.—Philanthropy and 
Chapter XXV.—Philip and Modest
Chapter XXV.—Plants and Animal
Chapter XXV.—Plato’s knowledge
Chapter XXV.—Principles on Whi
Chapter XXV.—Prohibition of Sa
Chapter XXV.—Repetition Contin
Chapter XXV.—Servants Become M
Chapter XXV.—Simon Retires. So
Chapter XXV.—Simon’s Deceit.
Chapter XXV.—Since these Ills 
Chapter XXV.—St. John, in the 
Chapter XXV.—Tertullian Refute
Chapter XXV.—Texts Explained; 
Chapter XXV.—The Apocalypse of
Chapter XXV.—The Apostles Did 
Chapter XXV.—The Assumption th
Chapter XXV.—The Divine Script
Chapter XXV.—The Elchasaites.
Chapter XXV.—The Emperor prepa
Chapter XXV.—The Heresy of Cer
Chapter XXV.—The Jewish Religi
Chapter XXV.—The Jews boast in
Chapter XXV.—The Macedonians a
Chapter XXV.—The Manichæan Abs
Chapter XXV.—The Paraclete, or
Chapter XXV.—The Persecution u
Chapter XXV.—The Phoenix an Em
Chapter XXV.—The Tenet of the 
Chapter XXV.—The Universe is t
Chapter XXV.—The Usurper Eugen
Chapter XXV.—The fraud, pride,
Chapter XXV.—The phoenix an em
Chapter XXV.—This world is rul
Chapter XXV.—Type of Those Bor
Chapter XXV.—Victories of Cons
Chapter XXV.—“Who Hath Resiste
Chapter XXVI.
Chapter XXVI.5209 Argument.—Mo
Chapter XXVI.—A Brief Referenc
Chapter XXVI.—Abel’s Name and 
Chapter XXVI.—After the Death 
Chapter XXVI.—Amendment of the
Chapter XXVI.—Another plot aga
Chapter XXVI.—Argument: The We
Chapter XXVI.—Arius, on being 
Chapter XXVI.—Baptism.
Chapter XXVI.—Climates.
Chapter XXVI.—Close of the Ans
Chapter XXVI.—Concerning Event
Chapter XXVI.—Concerning the A
Chapter XXVI.—Concerning the P
Chapter XXVI.—Conclusion to th
Chapter XXVI.—Death of Macedon
Chapter XXVI.—Death of the Emp
Chapter XXVI.—Doctrines of Cer
Chapter XXVI.—Erection of a Te
Chapter XXVI.—Eunomius and his
Chapter XXVI.—Even the Metapho
Chapter XXVI.—Evil Angels Sedu
Chapter XXVI.—Friendship of Go
Chapter XXVI.—From St. Luke’s 
Chapter XXVI.—Germination of S
Chapter XXVI.—God Everywhere A
Chapter XXVI.—Heraclas becomes
Chapter XXVI.—His Wickedness.
Chapter XXVI.—How he resolved 
Chapter XXVI.—Illness and Deat
Chapter XXVI.—In the Attribute
Chapter XXVI.—In the Confessin
Chapter XXVI.—Introductory to 
Chapter XXVI.—Jewish Chronolog
Chapter XXVI.—John and Daniel 
Chapter XXVI.—Magicians not tr
Chapter XXVI.—Melito and the C
Chapter XXVI.—Menander the Sor
Chapter XXVI.—Metamorphoses.
Chapter XXVI.—No Goodness With
Chapter XXVI.—No salvation to 
Chapter XXVI.—Of Basil of Cæsa
Chapter XXVI.—Of Didymus of Al
Chapter XXVI.—Of Honorius the 
Chapter XXVI.—Of Persecuted an
Chapter XXVI.—Of the Calling o
Chapter XXVI.—Of the Fact that
Chapter XXVI.—Of the Parting o
Chapter XXVI.—Of the siege of 
Chapter XXVI.—Peter Arrives fr
Chapter XXVI.—Plato indebted t
Chapter XXVI.—Recapitulation.
Chapter XXVI.—Scripture Alone 
Chapter XXVI.—Simon’s Interrup
Chapter XXVI.—Sisinnius is cho
Chapter XXVI.—Sixth Suggestion
Chapter XXVI.—St. Donatus, Bis
Chapter XXVI.—That the Holy Se
Chapter XXVI.—The Apostles Did
Chapter XXVI.—The Doctrines of
Chapter XXVI.—The Elegant Work
Chapter XXVI.—The Emperor ascr
Chapter XXVI.—The Epistles of 
Chapter XXVI.—The Jews, afflic
Chapter XXVI.—The Method Obser
Chapter XXVI.—The Much-Talked-
Chapter XXVI.—The Oath of God:
Chapter XXVI.—The Sick Healed.
Chapter XXVI.—The Three Severa
Chapter XXVI.—The treasure hid
Chapter XXVI.—Two Epistles fro
Chapter XXVI.—Type of Those Bo
Chapter XXVI.—Valentinus’ Expl
Chapter XXVI.—We Measure Longe
Chapter XXVI.—We Shall Rise Ag
Chapter XXVI.—We shall rise ag
Chapter XXVI.—What He Might Ha
Chapter XXVI.—What is Philanth
Chapter XXVI.—“Knowledge puffe
Chapter XXVII.
Chapter XXVII.5227 Argument.—H
Chapter XXVII.—A Reason for Ha
Chapter XXVII.—Account Given, 
Chapter XXVII.—Account of the 
Chapter XXVII.—All Need Baptis
Chapter XXVII.—Among Other Ena
Chapter XXVII.—An Argument Urg
Chapter XXVII.—Apolinarius, Bi
Chapter XXVII.—Argument: Recap
Chapter XXVII.—Arius having re
Chapter XXVII.—Certain Metapho
Chapter XXVII.—Christ’s Repreh
Chapter XXVII.—Concerning the 
Chapter XXVII.—Creatures Take 
Chapter XXVII.—Dangerous Effec
Chapter XXVII.—Doctrine of “Cl
Chapter XXVII.—Doctrines of Ce
Chapter XXVII.—Epistle of the 
Chapter XXVII.—Futility of Thi
Chapter XXVII.—Granted that th
Chapter XXVII.—Guilt of exposi
Chapter XXVII.—Ham the First M
Chapter XXVII.—He Grieves that
Chapter XXVII.—His Promises.
Chapter XXVII.—How Constantine
Chapter XXVII.—How the Bishops
Chapter XXVII.—How the Persecu
Chapter XXVII.—In the Hope of 
Chapter XXVII.—In the hope of 
Chapter XXVII.—Inconsistency o
Chapter XXVII.—Jewish Chronolo
Chapter XXVII.—Macedonius havi
Chapter XXVII.—Macedonius, aft
Chapter XXVII.—Many are Ignora
Chapter XXVII.—Of Gregory Thau
Chapter XXVII.—Of Subjoining a
Chapter XXVII.—Of the Council 
Chapter XXVII.—Of the Feast at
Chapter XXVII.—Of the piety of
Chapter XXVII.—Of what bishops
Chapter XXVII.—Other Objection
Chapter XXVII.—Paul of Samosat
Chapter XXVII.—Plato’s knowled
Chapter XXVII.—Power of Water.
Chapter XXVII.—Proper mode of 
Chapter XXVII.—Questions and A
Chapter XXVII.—Recapitulation 
Chapter XXVII.—Some Hair-Split
Chapter XXVII.—Soul and Body C
Chapter XXVII.—St. Epiphanius,
Chapter XXVII.—Texts Explained
Chapter XXVII.—That after refl
Chapter XXVII.—The Christ of t
Chapter XXVII.—The Distinction
Chapter XXVII.—The Heresy of t
Chapter XXVII.—The Prophet and
Chapter XXVII.—The Style of Sp
Chapter XXVII.—The Terrible Ev
Chapter XXVII.—The Visible Hea
Chapter XXVII.—The Works of Ot
Chapter XXVII.—The future judg
Chapter XXVII.—Times are Measu
Chapter XXVII.—Valentinus’ Exp
Chapter XXVII.—Voluminous Prod
Chapter XXVII.—Who Can Judge.
Chapter XXVII.—Why God taught 
Chapter XXVIII.
Chapter XXVIII. Argument.—He P
Chapter XXVIII.233—System of t
Chapter XXVIII.—A Curious Inco
Chapter XXVIII.—About Eusebius
Chapter XXVIII.—Acacius, Bisho
Chapter XXVIII.—Account of the
Chapter XXVIII.—Argument: Nor 
Chapter XXVIII.—Athanasius’ Ac
Chapter XXVIII.—Buttresses of 
Chapter XXVIII.—Cerinthus the 
Chapter XXVIII.—Christ Not the
Chapter XXVIII.—Concerning Cor
Chapter XXVIII.—Concerning wha
Chapter XXVIII.—Consistency of
Chapter XXVIII.—Difficulty of 
Chapter XXVIII.—Discovery of t
Chapter XXVIII.—Doctrines of T
Chapter XXVIII.—Effort of Inno
Chapter XXVIII.—Eternity of Pu
Chapter XXVIII.—Examples from 
Chapter XXVIII.—Fruitless Coun
Chapter XXVIII.—God Sees All T
Chapter XXVIII.—God sees all t
Chapter XXVIII.—God’s care for
Chapter XXVIII.—He Proceeds to
Chapter XXVIII.—His Gifts to t
Chapter XXVIII.—Homer’s obliga
Chapter XXVIII.—How, while he 
Chapter XXVIII.—Jewish Customs
Chapter XXVIII.—Letter from th
Chapter XXVIII.—More Recogniti
Chapter XXVIII.—Musanus and Hi
Chapter XXVIII.—Of John’s bold
Chapter XXVIII.—Of Novatus and
Chapter XXVIII.—Of the Holy Me
Chapter XXVIII.—Of the Predict
Chapter XXVIII.—Of the Raising
Chapter XXVIII.—Of the Spiritu
Chapter XXVIII.—Of the letter 
Chapter XXVIII.—On Account of 
Chapter XXVIII.—On the Misery 
Chapter XXVIII.—Perfect knowle
Chapter XXVIII.—Proclus ordain
Chapter XXVIII.—Prophetic Thin
Chapter XXVIII.—Purification.
Chapter XXVIII.—Spiritual Adul
Chapter XXVIII.—Texts Explaine
Chapter XXVIII.—That God chose
Chapter XXVIII.—The Arians, un
Chapter XXVIII.—The Council of
Chapter XXVIII.—The Demiurge C
Chapter XXVIII.—The Doctrine o
Chapter XXVIII.—The Hoax Confe
Chapter XXVIII.—The Human Body
Chapter XXVIII.—The Illustriou
Chapter XXVIII.—The One Tradit
Chapter XXVIII.—The Persecutio
Chapter XXVIII.—The Pythagorea
Chapter XXVIII.—The Tables Tur
Chapter XXVIII.—The Valentinia
Chapter XXVIII.—The Words, “In
Chapter XXVIII.—The distinctio
Chapter XXVIII.—This Perverse 
Chapter XXVIII.—Those persons 
Chapter XXVIII.—Those who firs
Chapter XXVIII.—Time in the Hu
Chapter XXVIII.—Tower of Babel
Chapter XXVIII.—True righteous
Chapter XXVIII.—Why to Be Diss
Chapter XXVII—The sins of the 
Chapter XXX.
Chapter XXX. Argument.—In Fine
Chapter XXX.—A Discussion Prom
Chapter XXX.—A Law granting Re
Chapter XXX.—Absurdity of thei
Chapter XXX.—Account given by 
Chapter XXX.—Again He Refutes 
Chapter XXX.—Although certain 
Chapter XXX.—An Argument.
Chapter XXX.—Another Passage i
Chapter XXX.—Apostolic Salutat
Chapter XXX.—Argument: The Sto
Chapter XXX.—Athanasius is fou
Chapter XXX.—Bardesanes the Sy
Chapter XXX.—Breath and Blood.
Chapter XXX.—Christians posses
Chapter XXX.—Comparative Laten
Chapter XXX.—Concerning Presci
Chapter XXX.—Constantine’s Let
Chapter XXX.—Cosmogony of Orph
Chapter XXX.—Creeds published 
Chapter XXX.—Dissension about 
Chapter XXX.—Doctrines of the 
Chapter XXX.—Further Refutatio
Chapter XXX.—George, Bishop of
Chapter XXX.—He Refutes the Op
Chapter XXX.—Hero-Worship.
Chapter XXX.—Homer’s knowledge
Chapter XXX.—How the Pure in H
Chapter XXX.—How the Son Was F
Chapter XXX.—In the Great Dive
Chapter XXX.—Let Us Do Those T
Chapter XXX.—Let us do those t
Chapter XXX.—Monks of Scetis: 
Chapter XXX.—Noah’s Sons.
Chapter XXX.—Objections contin
Chapter XXX.—Of the Fact That,
Chapter XXX.—Of the Perverse I
Chapter XXX.—Of the Section Wh
Chapter XXX.—Of the bold utter
Chapter XXX.—Of the church of 
Chapter XXX.—Offences Must Com
Chapter XXX.—Parables of the M
Chapter XXX.—Peace to the Sons
Chapter XXX.—Refutation of ano
Chapter XXX.—Religion of Fathe
Chapter XXX.—Self-Slaughter of
Chapter XXX.—That he marked ou
Chapter XXX.—The Apostles that
Chapter XXX.—The Author’s Conc
Chapter XXX.—The Burgundians e
Chapter XXX.—The Epistle of th
Chapter XXX.—The Lax and Dange
Chapter XXX.—The Making of the
Chapter XXX.—The Pupils of Ori
Chapter XXX.—This Vision Inter
Chapter XXX.—Valentinus’ Expla
Chapter XXX.—Was Christ not a 
Chapter XXX.—Will of the bless
Chapter XXX.—“Genesis” Inconsi
Chapter XXX.—“Whatsoever Thing
Chapter XXX.—“Who Can Forbid W
Chapter XXXI.
Chapter XXXI. Argument.—But th
Chapter XXXI.—A Description of
Chapter XXXI.—A Dilemma.
Chapter XXXI.—A Further Vindic
Chapter XXXI.—About to Speak o
Chapter XXXI.—Africanus.
Chapter XXXI.—Apology for Cons
Chapter XXXI.—Argument: The Ch
Chapter XXXI.—At the Last Day 
Chapter XXXI.—Christ’s Advice 
Chapter XXXI.—Concerning the M
Chapter XXXI.—Death of Valenti
Chapter XXXI.—Diligence in Stu
Chapter XXXI.—Doctrines of the
Chapter XXXI.—Events which occ
Chapter XXXI.—Faith in God.
Chapter XXXI.—Further Doctrine
Chapter XXXI.—Further Exposure
Chapter XXXI.—Further proof of
Chapter XXXI.—Hesiod’s Cosmogo
Chapter XXXI.—How the Knowledg
Chapter XXXI.—Idolatry Led to 
Chapter XXXI.—If Christ’s powe
Chapter XXXI.—Let Us See by Wh
Chapter XXXI.—Let us see by wh
Chapter XXXI.—Method of Poison
Chapter XXXI.—Moses is Suppose
Chapter XXXI.—Nestorius harass
Chapter XXXI.—Of Hosius, Bisho
Chapter XXXI.—Of Isaac804the m
Chapter XXXI.—Of his care for 
Chapter XXXI.—Of the Account G
Chapter XXXI.—Of the Hebrew pr
Chapter XXXI.—Other Passages O
Chapter XXXI.—Paganism, Its En
Chapter XXXI.—Peace and War.
Chapter XXXI.—Recapitulation a
Chapter XXXI.—Release likewise
Chapter XXXI.—Retrograde Chara
Chapter XXXI.—That he was deri
Chapter XXXI.—That the Buildin
Chapter XXXI.—The Death of Joh
Chapter XXXI.—The Fulfilment o
Chapter XXXI.—The Intestines.
Chapter XXXI.—The Perversive H
Chapter XXXI.—The preservation
Chapter XXXI.—Too Much Joy.
Chapter XXXI.—Truth First, Fal
Chapter XXXI.—Value of Knowled
Chapter XXXI.—We Do Not See “T
Chapter XXXI.—We should not ha
Chapter XXXI.—When the Bishops
Chapter XXXI.—World After the 
Chapter XXXI.—“Howbeit, They M
Chapter XXXI.—“What Do Ye More
Chapter XXXII.
Chapter XXXII.—A Sort of Sorit
Chapter XXXII.—A Statement in 
Chapter XXXII.—Abraham.
Chapter XXXII.—Allegorical Int
Chapter XXXII.—And to those ig
Chapter XXXII.—Argument: Nor C
Chapter XXXII.—Christ predicte
Chapter XXXII.—Constantine ena
Chapter XXXII.—Empedocles Incr
Chapter XXXII.—Even Unburied B
Chapter XXXII.—First, the Sens
Chapter XXXII.—Further exposur
Chapter XXXII.—Generation.
Chapter XXXII.—How Constantine
Chapter XXXII.—Imitations of T
Chapter XXXII.—In that flesh i
Chapter XXXII.—Indignant Irony
Chapter XXXII.—Invitation.
Chapter XXXII.—Monks of Palest
Chapter XXXII.—None of the Her
Chapter XXXII.—Of Constantine’
Chapter XXXII.—Of the Charms o
Chapter XXXII.—Of the Occasion
Chapter XXXII.—Of the Particul
Chapter XXXII.—Of the Presbyte
Chapter XXXII.—Of the demand m
Chapter XXXII.—Of the expediti
Chapter XXXII.—On the Departur
Chapter XXXII.—Overthrow of th
Chapter XXXII.—Peter’s Private
Chapter XXXII.—Plato’s doctrin
Chapter XXXII.—Simon’s Challen
Chapter XXXII.—Simon’s Prodigi
Chapter XXXII.—Stubborn Facts.
Chapter XXXII.—Symeon, Bishop 
Chapter XXXII.—That he instruc
Chapter XXXII.—That one God wa
Chapter XXXII.—The Account of 
Chapter XXXII.—The Commentarie
Chapter XXXII.—The Distinguish
Chapter XXXII.—The Emperor Val
Chapter XXXII.—The End of the 
Chapter XXXII.—The Golden Rule
Chapter XXXII.—True Religion C
Chapter XXXII.—Trypho objectin
Chapter XXXII.—Valentinus Conv
Chapter XXXII.—We are Justifie
Chapter XXXII.—We are justifie
Chapter XXXII.—“He Bringeth Th
Chapter XXXII.—“To Whom Much i
Chapter XXXIII.
Chapter XXXIII.—A Statement in
Chapter XXXIII.—Abraham: His P
Chapter XXXIII.—Absurdity of t
Chapter XXXIII.—Allegory of Ju
Chapter XXXIII.—An Approaching
Chapter XXXIII.—Another Wreck 
Chapter XXXIII.—Argument: That
Chapter XXXIII.—Authority.
Chapter XXXIII.—But Let Us Not
Chapter XXXIII.—But let us not
Chapter XXXIII.—Concerning tho
Chapter XXXIII.—Correspondence
Chapter XXXIII.—Desecration of
Chapter XXXIII.—Doctrine of Pa
Chapter XXXIII.—Fear and Love.
Chapter XXXIII.—Further proofs
Chapter XXXIII.—He Overcame th
Chapter XXXIII.—How he listene
Chapter XXXIII.—How the Church
Chapter XXXIII.—How the Goths 
Chapter XXXIII.—Learners and C
Chapter XXXIII.—Manner of Chri
Chapter XXXIII.—Marcellus Bish
Chapter XXXIII.—Monks of Syria
Chapter XXXIII.—Of the Adulter
Chapter XXXIII.—Of the Jews in
Chapter XXXIII.—Of the Occasio
Chapter XXXIII.—Of the ambassa
Chapter XXXIII.—Origin of Impi
Chapter XXXIII.—Other Speculat
Chapter XXXIII.—Plato’s idea o
Chapter XXXIII.—Present Heresi
Chapter XXXIII.—Ps. cx. is not
Chapter XXXIII.—Secundus’ Syst
Chapter XXXIII.—So Much for th
Chapter XXXIII.—Statement of t
Chapter XXXIII.—The Burning Æs
Chapter XXXIII.—The Error of B
Chapter XXXIII.—The Goths, und
Chapter XXXIII.—The Marcionite
Chapter XXXIII.—The Members of
Chapter XXXIII.—The Queen of t
Chapter XXXIII.—The Weakest Ch
Chapter XXXIII.—The World Was 
Chapter XXXIII.—These Remainin
Chapter XXXIII.—Trajan forbids
Chapter XXXIII.—Whosoever conf
Chapter XXXIII.—Works of Creat
Chapter XXXIV.
Chapter XXXIV.—A Presumption t
Chapter XXXIV.—Admission of th
Chapter XXXIV.—Against Order i
Chapter XXXIV.—Argument: Moreo
Chapter XXXIV.—Baptism Must Be
Chapter XXXIV.—Christ Plainly 
Chapter XXXIV.—Death of Consta
Chapter XXXIV.—Description of 
Chapter XXXIV.—Epilogue to the
Chapter XXXIV.—Evarestus, the 
Chapter XXXIV.—Extent of Creat
Chapter XXXIV.—Great is the Re
Chapter XXXIV.—Great is the re
Chapter XXXIV.—He Briefly Repe
Chapter XXXIV.—He fortifies hi
Chapter XXXIV.—How the Wife of
Chapter XXXIV.—Monks of Edessa
Chapter XXXIV.—Moses, Allowing
Chapter XXXIV.—No Early Contro
Chapter XXXIV.—Nor does Ps. lx
Chapter XXXIV.—Of Gallus Cæsar
Chapter XXXIV.—Of the Passage 
Chapter XXXIV.—Of the Very Dan
Chapter XXXIV.—Of the events w
Chapter XXXIV.—Order of Proof.
Chapter XXXIV.—Other Allegorie
Chapter XXXIV.—Other Varying O
Chapter XXXIV.—Peter’s Daily W
Chapter XXXIV.—Philip Cæsar.
Chapter XXXIV.—Proof against t
Chapter XXXIV.—Souls can be re
Chapter XXXIV.—Synod at Ephesu
Chapter XXXIV.—System of Marcu
Chapter XXXIV.—Temptation of C
Chapter XXXIV.—That he wrote t
Chapter XXXIV.—The Emperor sum
Chapter XXXIV.—The Illusion of
Chapter XXXIV.—The Israelites 
Chapter XXXIV.—The Liberation 
Chapter XXXIV.—The Other Side 
Chapter XXXIV.—These Vagaries 
Chapter XXXIV.—Time of Making 
Chapter XXXIV.—Useless and Phi
Chapter XXXIV.—Whence men attr
Chapter XXXIV.—Who are Worship
Chapter XXXIX.
Chapter XXXIX.—Additional Evid
Chapter XXXIX.—All for the Bes
Chapter XXXIX.—Argument for Po
Chapter XXXIX.—Argument: When 
Chapter XXXIX.—Baptism Institu
Chapter XXXIX.—Concerning Thos
Chapter XXXIX.—Constantine’s E
Chapter XXXIX.—Defects Ascribe
Chapter XXXIX.—Description of 
Chapter XXXIX.—Direct predicti
Chapter XXXIX.—Imitation of an
Chapter XXXIX.—Immortality of 
Chapter XXXIX.—Man is endowed 
Chapter XXXIX.—Of Theodorus, b
Chapter XXXIX.—Of the Question
Chapter XXXIX.—Of the Synod at
Chapter XXXIX.—Of the Vice of 
Chapter XXXIX.—Peter, having r
Chapter XXXIX.—Preservation of
Chapter XXXIX.—Recapitulation 
Chapter XXXIX.—Tactics.
Chapter XXXIX.—That a Place in
Chapter XXXIX.—The Emperor fal
Chapter XXXIX.—The Evil Spirit
Chapter XXXIX.—The Jews hate t
Chapter XXXIX.—The Persecution
Chapter XXXIX.—The Quaternion 
Chapter XXXIX.—The Treasury mu
Chapter XXXIX.—The Writings of
Chapter XXXIX.—Their Diversity
Chapter XXXIX.—There is No Rea
Chapter XXXIX.—There is no rea
Chapter XXXIX.—These Latter Sp
Chapter XXXIX.—What St. Paul C
Chapter XXXV.
Chapter XXXV.—A Contest of Hos
Chapter XXXV.—A refutation of 
Chapter XXXV.—Abatement of Per
Chapter XXXV.—Another Kind of 
Chapter XXXV.—Appeal to the Gr
Chapter XXXV.—Argument: Righte
Chapter XXXV.—Constantine’s Le
Chapter XXXV.—Contradictory Pr
Chapter XXXV.—Description of t
Chapter XXXV.—Desiring the Sal
Chapter XXXV.—Dionysius succee
Chapter XXXV.—Discussion Postp
Chapter XXXV.—Explanation of W
Chapter XXXV.—False Apostles.
Chapter XXXV.—Further Acts of 
Chapter XXXV.—He Prays God for
Chapter XXXV.—He contends that
Chapter XXXV.—Heretics confirm
Chapter XXXV.—How Error Cannot
Chapter XXXV.—Immense is This 
Chapter XXXV.—Immense is this 
Chapter XXXV.—Judgment to Come
Chapter XXXV.—Justus, the Thir
Chapter XXXV.—Learning Before 
Chapter XXXV.—Let Heretics Mai
Chapter XXXV.—Massacre of the 
Chapter XXXV.—Maximian elected
Chapter XXXV.—Of Alexander, bi
Chapter XXXV.—Of Aëtius the Sy
Chapter XXXV.—Of the Fact that
Chapter XXXV.—Of the Inheritan
Chapter XXXV.—Of the Man with 
Chapter XXXV.—Other fulfilled 
Chapter XXXV.—Revelations.
Chapter XXXV.—The Divination b
Chapter XXXV.—The Exodus.
Chapter XXXV.—The Judicial Sev
Chapter XXXV.—The Opinions of 
Chapter XXXV.—The Synod not ha
Chapter XXXV.—The Wooden Tripo
Chapter XXXV.—Uselessness of T
Chapter XXXV.—Yet More Discrep
Chapter XXXV.—“Beware of False
Chapter XXXV.—“These are a Par
Chapter XXXVI.
Chapter XXXVI.—A Third Kind is
Chapter XXXVI.—All Blessings a
Chapter XXXVI.—All blessings a
Chapter XXXVI.—All for the Bes
Chapter XXXVI.—Allowance of Sa
Chapter XXXVI.—Altercation.
Chapter XXXVI.—Argument: Fate 
Chapter XXXVI.—Arrangements fo
Chapter XXXVI.—Christ’s Refuta
Chapter XXXVI.—Conclusion of D
Chapter XXXVI.—Constantine’s L
Chapter XXXVI.—Description of 
Chapter XXXVI.—Different modes
Chapter XXXVI.—Dominion Over t
Chapter XXXVI.—Expedition agai
Chapter XXXVI.—Farewell to Tri
Chapter XXXVI.—He proves that 
Chapter XXXVI.—Ignatius and Hi
Chapter XXXVI.—Less Reprehensi
Chapter XXXVI.—Magic Arts of M
Chapter XXXVI.—Men shall be ac
Chapter XXXVI.—Mode of Managin
Chapter XXXVI.—New Revelations
Chapter XXXVI.—Of Another Ques
Chapter XXXVI.—Of Marcellus Bi
Chapter XXXVI.—Of the Synod at
Chapter XXXVI.—Of the removal 
Chapter XXXVI.—Other Absurd Th
Chapter XXXVI.—Other Works of 
Chapter XXXVI.—Self-Evidence o
Chapter XXXVI.—The Allegories 
Chapter XXXVI.—The Apostolic C
Chapter XXXVI.—The Author’s Op
Chapter XXXVI.—The Church is d
Chapter XXXVI.—The Garments Un
Chapter XXXVI.—The Heretical P
Chapter XXXVI.—The Main Points
Chapter XXXVI.—The Parables of
Chapter XXXVI.—The Saracens, u
Chapter XXXVI.—The Seventh Day
Chapter XXXVI.—The Sons’ Plead
Chapter XXXVI.—The prophets we
Chapter XXXVI.—True knowledge 
Chapter XXXVII —Lands, Gardens
Chapter XXXVII.
Chapter XXXVII.—After the Bani
Chapter XXXVII.—After the Depa
Chapter XXXVII.—Another Recogn
Chapter XXXVII.—Argument: Tort
Chapter XXXVII.—Christ and Zac
Chapter XXXVII.—Christ is Our 
Chapter XXXVII.—Christ is our 
Chapter XXXVII.—Christ’s Asser
Chapter XXXVII.—Concerning the
Chapter XXXVII.—Defeat of Maxe
Chapter XXXVII.—Description of
Chapter XXXVII.—God Righteous 
Chapter XXXVII.—He is Forcibly
Chapter XXXVII.—Heretics Not B
Chapter XXXVII.—How the Copies
Chapter XXXVII.—Illusive Appea
Chapter XXXVII.—Ironical Dilem
Chapter XXXVII.—Like Gods, Lik
Chapter XXXVII.—Marcus’ System
Chapter XXXVII.—Men are posses
Chapter XXXVII.—Miracle perfor
Chapter XXXVII.—Of Rest in God
Chapter XXXVII.—Of Theodotus b
Chapter XXXVII.—Of the Consist
Chapter XXXVII.—Of the Sibyl.8
Chapter XXXVII.—Of the Synod a
Chapter XXXVII.—On the Formati
Chapter XXXVII.—Other Turgid a
Chapter XXXVII.—Peter Inexorab
Chapter XXXVII.—Simon’s Subtle
Chapter XXXVII.—Spies in the E
Chapter XXXVII.—The Congregati
Chapter XXXVII.—The Dissension
Chapter XXXVII.—The Evangelist
Chapter XXXVII.—The Holy Place
Chapter XXXVII.—The same is pr
Chapter XXXVII.—Utterances of 
Chapter XXXVII.—“The Form of S
Chapter XXXVII.—“Whom to Know 
Chapter XXXVIII.
Chapter XXXVIII.—Argument: Chr
Chapter XXXVIII.—Christ, by Ra
Chapter XXXVIII.—Christ’s Refu
Chapter XXXVIII.—Concerning Ma
Chapter XXXVIII.—Concluding ap
Chapter XXXVIII.—Corruption of
Chapter XXXVIII.—Cruelty of Ma
Chapter XXXVIII.—Death of Maxe
Chapter XXXVIII.—Description o
Chapter XXXVIII.—Diversity in 
Chapter XXXVIII.—God’s Justice
Chapter XXXVIII.—Harmony of th
Chapter XXXVIII.—How the Marke
Chapter XXXVIII.—Illusive Appe
Chapter XXXVIII.—In what Manne
Chapter XXXVIII.—It is an anno
Chapter XXXVIII.—Let the Membe
Chapter XXXVIII.—Let the membe
Chapter XXXVIII.—Many of the J
Chapter XXXVIII.—Marcus’ Syste
Chapter XXXVIII.—Of the Differ
Chapter XXXVIII.—Of the Occasi
Chapter XXXVIII.—Of the persec
Chapter XXXVIII.—On the Growth
Chapter XXXVIII.—Reward of Cha
Chapter XXXVIII.—Simon’s Chall
Chapter XXXVIII.—Simon’s Creed
Chapter XXXVIII.—Sins of the I
Chapter XXXVIII.—The Chief Man
Chapter XXXVIII.—The Death of 
Chapter XXXVIII.—The Emperor V
Chapter XXXVIII.—The Epistle o
Chapter XXXVIII.—The Heresy of
Chapter XXXVIII.—Utterances of
Chapter XXXVIII.—Vain-Glory is
Chapter XXXVIII.—Why man was n
Chapter XXXVIII.—Writings of t
Chapter XXXVIII.—“Angels Unawa
Chapter XX—The Demiurge Works 
Chapter X—Training and inspira
Chapter. 3.
Chapters V. 
and VI.
Chapters VII. and VIII.
Chapters XI., XII., XIII.
Chapters XIV., XV., XVI., XVII
Chapters XIX., XX.
Chapters XXI., XXII., XXIII.
Chapters XXIV., XXV.
Chapters XXIX., XXX., XXXI.
Chapters XXVII., XXVIII.
Chapters XXXIII., XXXIV., XXXV
Chapters XXXVIII., XXXIX.
Chief Events in the Life of St
Chronicles.
Chronological Tables of the Li
Chronological Tables to accomp
Church in Rome in the First Ce
Circular Letter.
Clemens Alexandrinus
ON THE
SA
Commentaries of Origen.
Commentary on Matthew.
Commentary on Philippians, Col
Commentary on Psalms - Volume 
Comparative Table
Concerning Faith of Things Not
Concerning Free-Will.2828
Concerning His Journey to Rome
Concerning the Martyrdom of Sy
Concerning the Nature of Good,
Concerning the Relatives of Ou
Confessions of Saint Augustine
Consummation of Thomas the Apo
Contents
Contents of Christian Doctrine
Contents.
Cor
Corinthians
Council of Constantinople Unde
Council of Constantinople.
a.d
Council of Nicæa.
Counter-statements of Theodore
Creeds of the Evangelical Prot
DOCTRINAL AND MORAL TREATISES.
Daniel
Daniel.
Decree of the Council Against 
Decree of the Synod in the Mat
Decree on the Jurisdiction of 
Decree with Regard to Nicomedi
Dedication of Volume I. Of the
Dedication of Volume II. Of th
Defence Before Constantius.
Defence of His Flight.
Demonstration V.—Of Wars.
Demonstration VI.—Of Monks.
Demonstration VIII.—Of the Res
Demonstration X.—Of Pastors.
Demonstration XVII.—Of Christ 
Demonstration XXI.—Of Persecut
Demonstration XXII.—Of Death a
Depositio Arii.
Deposition of Arius.
Deuteronomy
Dialogue I.—The Immutable.
Ort
Dialogue II.—The Unconfounded.
Dialogue III.—The Impassible.
Didache
Dionysius, Bishop of Corinth.
Disputation of the First Day.
Disputation of the Second Day.
Division I.
Division II.
Division II.—The Writings.
Division III.—Literature.
Dr. Holmes’ Note.
EARLY LITURGIES.67
ELUCIDATION
ELUCIDATION.
ELUCIDATIONS.
EPISTLE LXIII.
EPISTLE XVII.
EPISTLE XVIII.
EPISTLE XX.
EUSEBIUS: CONSTANTINE.
EUSEBIUS: ECCLESIASTICAL HISTO
EUSEBIUS: IBID.
EUSEBIUS: THE SAME, II. 2.
EUTROPIUS, PATRICIAN AND CONSU
EXAMPLES OF REPENTANCE.
EXTRACT FROM AUGUSTIN’S “RETRA
Eccl
Ecclesiastes
Ecclesiasticus
Editions.
Editorial Preface.
Editor’s Preface
Editor’s Preface.
Elucidation
Elucidation.
Elucidations
Elucidations.
Ep. CCII.
Ep. CIV.
Ep. CLI.
Ep. CLII.
Ep. CLIII. To Bosporius, Bisho
Ep. CLIV.
Ep. CLVII. To Theodore, Archbi
Ep. CLXIII.
Ep. CLXXI. To Amphilochius, Bi
Ep. CLXXXII.
Ep. CLXXXIII.
Ep. CLXXXIV.
Ep. CLXXXV.
Ep. CLXXXVI.
Ep. CV.
Ep. CVI.
Ep. CXCVII. A Letter of Condol
Ep. CXL.
Ep. CXLI.
Ep. CXLII.
Ep. CXLIII.
Ep. CXLIV.
Ep. CXLV. To Verianus.
Ep. CXV.
Ep. CXXI.
Ep. CXXII.
Ep. CXXIII.
Ep. CXXIV.
Ep. CXXV. To Olympius.
Ep. CXXVI.
Ep. CXXXI.
Ep. CXXXIX.
Ep. CXXXV.
Ep. I.
Ep. I. To Basil His Comrade.
Ep. II.
Ep. IV.
Ep. L. To Basil.
Ep. LI.
Ep. LII.
Ep. LIII.
Ep. LIV.
Ep. LIX. To Basil.
Ep. LV.
Ep. LVIII. To Basil.
Ep. LX. To Basil.
Ep. LXII.
Ep. LXIII. To Amphilochius the
Ep. LXIV.
Ep. LXV.
Ep. LXVI.
Ep. LXXII.
Ep. LXXIII.
Ep. LXXIV.
Ep. LXXVI.
Ep. LXXVII.
Ep. LXXXI.
Ep. LXXXVIII.
Ep. V.
Ep. VI.
Ep. VIII.
Ep. XCI.
Ep. XCIII.
Ep. XII. (About a.d. 365).
Ep. XIII.
Ep. XIV. and XXIII.
Ep. XIX.
Ep. XL. To the Great Basil.
Ep. XLI. To the People of Cæsa
Ep. XLII. To Eusebius, Bishop 
Ep. XLIII. To the Bishops.
Ep. XLIV.
Ep. XLIX. To Basil. (The Prais
Ep. XLV. To Basil.
Ep. XLVI. To Basil.
Ep. XLVII. To Basil.
Ep. XLVIII. To Basil.
Ep. XVI. To Eusebius, Bishop o
Ep. XVII. To Eusebius, Archbis
Ep. XVIII. To Eusebius of Cæsa
Ep. XX.
Ep. XXI.
Ep. XXII.
Ep. XXIII.
Ep. XXIX.
Ep. XXV.
Ep. XXVI.
Ep. XXVII.
Ep. XXVIII.
Ep. XXXIX.
Ep. XXXVII.
Ephesians.
Ephraim the Syrian.
Epilogue.
Epistle CIX.
Epistle CV.
Epistle CVI.
Epistle CVII.
Epistle CVIII.
Epistle CX.
Epistle CXI.
Epistle CXIV.
Epistle CXV.
Epistle CXVI.
Epistle CXVII.
Epistle CXX.
Epistle CXXI.
Epistle CXXII.
Epistle CXXIII.
Epistle CXXV.
Epistle CXXVII.
Epistle I.
Epistle I.
To Constantius, Bis
Epistle I.
To Marinianus, Bish
Epistle I.
To Peter, Bishop.
Epistle I.
To all the Bishops 
Epistle I.2112
Epistle I.—To Domitius and Did
Epistle II.
Epistle II.
To Anastasius, Bis
Epistle II.
To Columbus, Bisho
Epistle II.
To Constantius, Bi
Epistle II.
To Felix, Bishop, 
Epistle II.
To Justinus, Præto
Epistle II.
To the Clergy and 
Epistle II.2127
Epistle II.—To Novatus.784
Epistle III.
Epistle III.
To Constantius, B
Epistle III.
To Donus, Bishop 
Epistle III.
To Maximus of Sal
Epistle III.
To Paul, Scholast
Epistle III.2137
Epistle III.—To Fabius,787 Bis
Epistle IV.
Epistle IV.
John, Bishop of Co
Epistle IV.
To Constantius, Bi
Epistle IV.
To Cyriacus, Bisho
Epistle IV.
To Queen Theodelin
Epistle IV.2140
Epistle IV.—To Cornelius the R
Epistle IX.
Epistle IX.
To Donus, Bishop.
Epistle IX.
To Januarius, Bish
Epistle IX.
To Peter the Subde
Epistle IX.2208
Epistle IX.—To Sixtus II.848
Epistle L.
Epistle L.
To Anthemius the Su
Epistle L.
To Queen Brunichild
Epistle L.2446
Epistle LI.
Epistle LI.
To the Brethren go
Epistle LI.2450
Epistle LII.
Epistle LII.
To John, Archbish
Epistle LII.
To Pelagius and S
Epistle LII.
To Symmachus the 
Epistle LII.2511
Epistle LIII.
Epistle LIII.
To Virgilius, Bi
Epistle LIII.2514
Epistle LIV.
Epistle LIV.
To Desiderius and
Epistle LIV.
To all the Bishop
Epistle LIV.2522
Epistle LIX.
Epistle LIX.
To Brunichild, Qu
Epistle LIX.2635
Epistle LV.
Epistle LV.
To King Childebert
Epistle LV.
To Protasius, Bish
Epistle LV.2595
Epistle LVI.
Epistle LVI.
To Marinianus, Bi
Epistle LVI.
To Peter, Subdeac
Epistle LVI.
To Stephen, Abbot
Epistle LVI.2619
Epistle LVII.
Epistle LVII.
To Arigius, Patr
Epistle LVII.
To John, Bishop.
Epistle LVII.
To Severus, Bish
Epistle LVII.2623
Epistle LVIII.
Epistle LVIII.
To Theodoric an
Epistle LVIII.
To all the Bish
Epistle LVIII.2626
Epistle LX.
Epistle LX.
To Eulogius, Bisho
Epistle LX.2645
Epistle LXI.
Epistle LXI.
To Castorius, Not
Epistle LXI.2647
Epistle LXII.
Epistle LXII.2663
Epistle LXIII.
Epistle LXIII.
To Gennadius, P
Epistle LXIII.2710
Epistle LXIV.
Epistle LXIV.2722
Epistle LXIX.2807
Epistle LXV.
Epistle LXV.
To Mauricius, Emp
Epistle LXV.2735
Epistle LXVI.
Epistle LXVI.
To Athanasius, P
Epistle LXVI.2739
Epistle LXVII.
Epistle LXVII.2751
Epistle LXVIII.
Epistle LXVIII.2783
Epistle LXX.
Epistle LXX.2828
Epistle LXXI.2838
Epistle LXXII.
Epistle LXXII.2847
Epistle LXXIII.2887
Epistle LXXIV.
Epistle LXXIV.2916
Epistle LXXIX.
Epistle LXXIX.3029
Epistle LXXV.
Epistle LXXV.2967
Epistle LXXVI.
Epistle LXXVI.3004
Epistle LXXVII.
Epistle LXXVII.3020
Epistle LXXVIII.
Epistle LXXVIII.3024
Epistle LXXX.
Epistle LXXX.3030
Epistle LXXXI.
Epistle LXXXI.3043
Epistle LXXXII.
Epistle LXXXII.3050
Epistle V.
Epistle V.
To Boniface, Bishop
Epistle V.
To Cyriacus, Bishop
Epistle V.
To Dominicus, Bisho
Epistle V.
To Queen Brunichild
Epistle V.
To Theoctista, Sist
Epistle V.
To various Metropol
Epistle V.2143
Epistle V.—Which is the First 
Epistle VI.
Epistle VI.
To Amos, Patriarch
Epistle VI.
To Cyprian, Deacon
Epistle VI.
To King Childebert
Epistle VI.
To Mauricius Augus
Epistle VI.
To Narses, Patrici
Epistle VI.2154
Epistle VI.—To Sixtus, Bishop.
Epistle VII.
Epistle VII.
To Anastasius, Pa
Epistle VII.
To Candidus, Pres
Epistle VII.
To Gennadius, Pat
Epistle VII.
To Peter, Domitia
Epistle VII.2175
Epistle VII.—To Philemon, a Pr
Epistle VIII.
Epistle VIII.
To Cyprian, Deac
Epistle VIII.
To Januarius, Bi
Epistle VIII.
To the Bishops o
Epistle VIII.2197
Epistle VIII.—To Dionysius.847
Epistle X.
Epistle X.
To All the Bishops 
Epistle X.
To Bacauda and Agne
Epistle X.
To Sabinianus, Bish
Epistle X.2218
Epistle X.—Against Bishop Germ
Epistle XCI.
Epistle XCIII.
Epistle XCIV.
Epistle XCVIII.
Epistle XI.
Epistle XI.
To Clementina, Pat
Epistle XI.
To John, Bishop.
Epistle XI.
To Maximianus, Bis
Epistle XI.
To Rufinus, Bishop
Epistle XI.2224
Epistle XI.—To Hermammon.875
Epistle XII.
Epistle XII.
To John, Bishop o
Epistle XII.
To Montana and Th
Epistle XII.
To Respecta, Abbe
Epistle XII.2230
Epistle XII.—To the Alexandria
Epistle XIII.
Epistle XIII.
To Columbus.
Epistle XIII.
To Fortunatus, B
Epistle XIII.2235
Epistle XIII.—To Hierax, a Bis
Epistle XIV.
To Boniface, Firs
Epistle XIV.
To the Count Nars
Epistle XIV.2240
Epistle XIV.—From His Fourth F
Epistle XIX.
Epistle XIX.
To Marinianus, Ar
Epistle XIX.
To Natalis, Bisho
Epistle XIX.
To Sabinianus, De
Epistle XIX.2259
Epistle XL.
Epistle XL.
To Eulogius, Bisho
Epistle XL.
To Mauricius Augus
Epistle XL.2401
Epistle XLI.
Epistle XLI.
To Constantina Au
Epistle XLI.
To Peter, Subdeac
Epistle XLI.2408
Epistle XLII.
Epistle XLII.
To Anthemius, Su
Epistle XLII.
To Marinianus, B
Epistle XLII.
To Sebastian, Bi
Epistle XLII.2418
Epistle XLIII.
Epistle XLIII.
To Eulogius and
Epistle XLIII.
To Leander Bish
Epistle XLIII.
To Marinianus, 
Epistle XLIII.
To Venantius, P
Epistle XLIII.2420
Epistle XLIV.
Epistle XLIV.
To John, Bishop.
Epistle XLIV.
To Peter, Subdea
Epistle XLIV.2422
Epistle XLIX.
Epistle XLIX.
To Honoratus, De
Epistle XLIX.
To Leander, Bish
Epistle XLIX.
To Palladius, Bi
Epistle XLIX.2444
Epistle XLV.
Epistle XLV.2424
Epistle XLVI.
Epistle XLVI.
To Felix, Bishop
Epistle XLVI.
To Peter the Sub
Epistle XLVI.
To Rusticiana, P
Epistle XLVI.2432
Epistle XLVII.
Epistle XLVII.
To Sabinianus, 
Epistle XLVII.
To Virgilius, B
Epistle XLVII.2436
Epistle XLVIII.
Epistle XLVIII.
To Andrew, Sch
Epistle XLVIII.
To Theodorus, 
Epistle XLVIII.
To Urbicus, Ab
Epistle XLVIII.2438
Epistle XV.
Epistle XV.
To George, Presbyt
Epistle XV.
To Januarius, Bish
Epistle XV.
To John, Bishop.
Epistle XV.
To Marinianus, Bis
Epistle XV.2244
Epistle XVI.
Epistle XVI.
To Mauricius, Aug
Epistle XVI.
To Severus, Bisho
Epistle XVI.2247
Epistle XVII.
Epistle XVII.
To Cyprian, Deac
Epistle XVII.
To Maurentius.
Epistle XVII.
To Sabinianus, B
Epistle XVII.
To Theotistus.
Epistle XVII.
To all the Bisho
Epistle XVII.2249
Epistle XVIII.
Epistle XVIII.
To Agnellus, Bi
Epistle XVIII.
To John, Bishop
Epistle XVIII.
To Maurus, Abbo
Epistle XVIII.
To Peter the Su
Epistle XVIII.2253
Epistle XX.
Epistle XX.
To Honoratus, Deac
Epistle XX.
To Marinianus, Bis
Epistle XX.
To Mauricius Augus
Epistle XX.
To Maximus, Preten
Epistle XX.
To the Clergy and 
Epistle XX.2262
Epistle XXI.
To Constantina Au
Epistle XXI.
To John, Bishop o
Epistle XXI.
To Natalis, Bisho
Epistle XXI.
To Venantius, Bis
Epistle XXI.2273
Epistle XXII.
Epistle XXII.
To Peter, Bishop
Epistle XXII.
To Rusticiana, P
Epistle XXII.2280
Epistle XXIII.
Epistle XXIII.
To Castorius, N
Epistle XXIII.
To Fantinus, Gu
Epistle XXIII.
To Fortunatus a
Epistle XXIII.
To Hospito, Duk
Epistle XXIII.2284
Epistle XXIV.
Epistle XXIV.
To Marinianus, B
Epistle XXIV.
To Sabinianus, B
Epistle XXIV.
To Zabardas, Duk
Epistle XXIV.2286
Epistle XXIX.
Epistle XXIX.
To Aristobulus, 
Epistle XXIX.
To Eulogius, Bis
Epistle XXIX.
To Januarius, Bi
Epistle XXIX.
To Marinianus, B
Epistle XXIX.
To Vincomalus, G
Epistle XXIX.2325
Epistle XXV.
Epistle XXV.
To Gregoria.
Epistle XXV.
To John, Bishop o
Epistle XXV.
To Maximus of Sal
Epistle XXV.
To Severus, Bisho
Epistle XXV.
To the Nobles and
Epistle XXV.2290
Epistle XXVI.
Epistle XXVI.
To Anastasius, P
Epistle XXVI.
To Januarius, Bi
Epistle XXVI.
To Theoctista, P
Epistle XXVI.
To the Salonitan
Epistle XXVI.
To the people of
Epistle XXVI.2309
Epistle XXVII.
Epistle XXVII.
To Anastasius, 
Epistle XXVII.
To Januarius, B
Epistle XXVII.
To the Clergy a
Epistle XXVII.2315
Epistle XXVIII.
Epistle XXVIII.
To Sebastian, 
Epistle XXVIII.
To Theodore, P
Epistle XXVIII.2324
Epistle XXX.
Epistle XXX.
To Constantina Au
Epistle XXX.
To Eulogius, Bish
Epistle XXX.
To Mauricius Augu
Epistle XXX.
To Narses, the Re
Epistle XXX.
To Secundus.
Epistle XXX.2330
Epistle XXXI.
Epistle XXXI.
To Cyriacus, Bis
Epistle XXXI.
To Theodorus, Ph
Epistle XXXI.2353
Epistle XXXII.
Epistle XXXII.
To Anastasius, 
Epistle XXXII.
To Fortunatus, 
Epistle XXXII.
To Narses the P
Epistle XXXII.2356
Epistle XXXIII.
Epistle XXXIII.
To Anthemius, 
Epistle XXXIII.
To Dominicus.
Epistle XXXIII.
To Mauricius A
Epistle XXXIII.
To Romanus, Pa
Epistle XXXIII.2360
Epistle XXXIV.
Epistle XXXIV.
To Castorius, N
Epistle XXXIV.
To Eulogius, Bi
Epistle XXXIV.
To John Bishop 
Epistle XXXIV.
To Pantaleo, Pr
Epistle XXXIV.
To Venantius, E
Epistle XXXIV.2368
Epistle XXXIX.
Epistle XXXIX.
To Anastasius, 
Epistle XXXIX.
To Anthemius, S
Epistle XXXIX.
To Constantius,
Epistle XXXIX.
To John, Bishop
Epistle XXXIX.2385
Epistle XXXV.
Epistle XXXV.
To Anthemius, Su
Epistle XXXV.
To Dominicus, Bi
Epistle XXXV.
To Leontius, Ex-
Epistle XXXV.
To Peter, Bishop
Epistle XXXV.
To Victor and Co
Epistle XXXV.2371
Epistle XXXVI.
Epistle XXXVI.
To Leo, Bishop.
Epistle XXXVI.
To Peter the Su
Epistle XXXVI.
To Severus, Sch
Epistle XXXVI.2373
Epistle XXXVII.
Epistle XXXVII.
To Columbus, B
Epistle XXXVII.2378
Epistle XXXVIII.
Epistle XXXVIII.
To Donus, Bis
Epistle XXXVIII.
To Queen Theo
Epistle XXXVIII.2381
Epistle of Adrian152 in behalf
Epistle of Antoninus to the co
Epistle of Barnabas
Epistle of Clement to James.
Epistle of Marcus Aurelius to 
Epistle of Peter to James.
Epistola Eusebii.
Epitome of the Definition of t
Esther
Esther.
Excerpts of Theodotus;196
or,

Excursus B. On §22 (Note 3).
Excursus C.
Introductory3273 t
Excursus as to Whether the Sar
Excursus on How Our Lord Worke
Excursus on Pelagianism.
Excursus on Second Marriages, 
Excursus on Usury.
Excursus on the Authority of t
Excursus on the Choir Offices 
Excursus on the Chorepiscopi.
Excursus on the Communion of t
Excursus on the Conciliabulum 
Excursus on the Condemnation o
Excursus on the Convention sai
Excursus on the Council of Fra
Excursus on the Deaconess of t
Excursus on the Extent of the 
Excursus on the Genuineness of
Excursus on the Heresies Conde
Excursus on the History of the
Excursus on the Later History 
Excursus on the Marriage of th
Excursus on the Minor Orders o
Excursus on the Number of the 
Excursus on the Other Acts of 
Excursus on the Present Teachi
Excursus on the Public Discipl
Excursus on the Reception of t
Excursus on the Rise of the Pa
Excursus on the Subsequent His
Excursus on the Translation of
Excursus on the Two Letters of
Excursus on the Use of the Wor
Excursus on the Vestments of t
Excursus on the Word Homousios
Excursus on the Word Θεοτόκος 
Excursus on the Word Προσφέρει
Excursus on the Words γεννηθέν
Excursus on the Words πίστιν ἑ
Excursus on the Worship of the
Excursus on the XV. Anathemas 
Excursus427 A.
Exegetical Fragments.929
Exhortation to Repentance.4886
Exodus
Expository Treatise Against th
Extracts from the Acts.
Extracts from the Work on Thin
Ezekiel
Ezekiel.
Ezra
Ezra and Nehemiah.
FIRST CATECHETICAL LECTURE
of

FOR THE BAPTIZED.
FOR THE ENERGUMENS.
FRAGMENTS OF LACTANTIUS
FROM THE EIGHTH CHAPTER.
FROM THE ELEVENTH CHAPTER.
FROM THE FIFTEENTH CHAPTER.
FROM THE FIFTH CHAPTER.
FROM THE FIRST CHAPTER.
FROM THE FOURTEENTH CHAPTER.
FROM THE FOURTH CHAPTER.
FROM THE NINETEENTH CHAPTER.
FROM THE NINTH CHAPTER.
FROM THE SECOND CHAPTER.
FROM THE SEVENTEENTH CHAPTER.
FROM THE SEVENTH CHAPTER.
FROM THE SIXTH CHAPTER.
FROM THE TENTH CHAPTER.
FROM THE THIRD CHAPTER.
FROM THE THIRTEENTH CHAPTER.20
FROM THE TWELFTH CHAPTER.
FROM THE TWENTIETH CHAPTER.
FROM THE TWENTY-FIRST AND TWEN
First Greek Form.
First Latin Form.
For Pages 1 to 317.
(EXCLUSIVE
Fourth Division.
Fragment from the First Book o
Fragment, Uncertain.
Fragments from His Five Books 
Fragments from Other Writings 
Fragments from a Letter to the
Fragments of Discourses or Hom
Fragments of the Apocalypse of
Fragments of the Books on Arit
Fragments of the Fourth Book. 
From Constantine’s Letter to t
From His Discourse Concerning 
From Jerome’s Book on Ecclesia
From Jerome’s second book agai
From Letter XL4547.—(For 368.)
From Letter XLII.—(For 370.)
From Letter XLIII.—(For 371.)
From Letter XLIV.—(For 372.) A
From Letter XLV.—(For 373.)
From Letter XXII4523.—(For 350
From Letter XXIV4524.—(For 352
From Letter XXIX4529.—(For 357
From Letter XXVII.—(For 355.) 
From Letter XXVIII4527.—(For 3
From Letter XXXIX.—(For 367.) 
From a Letter of Constantine t
From an Epistle of the Same to
From the Apology of Jerome aga
From the Book of Basil, to Amp
From the Book of Questions on 
From the Emperor’s Letter to E
From the First Book of the Com
From the First Book.
From the Fourth Book.
From the Latin.
From the Letter of Basil the G
From the Preface.4782
From the Retractations, ii. 21
From the Same First Book.
From the Same Second Book.
From the Second Book.
From the Third Book.
From the same book (chap. 9).
Funeral Oration on Meletius206
Further, the Martyrdom of Bars
GENERAL INDEX TO SOZOMEN'S ECC
GENERAL INDEXES.
GENERAL NOTE BY THE AMERICAN E
GENERAL NOTE.
GENERAL NOTES BY THE AMERICAN 
GENERAL NOTICE
Galatians.
General Introduction.
General Literature
of
Gregory’
General Note.
Genesis
HChapter XXXIII.—The Judicial 
HERMAS.
HOMILIES
OF
ST. JOHN CHRYSOSTO
HOMILIES ON PHILIPPIANS, COLOS
HOMILIES ON S. IGNATIUS AND S.
HOMILIES ON THE EPISTLE TO THE
HOMILIES ON THE EPISTLES TO TI
HOMILIES ON THE STATUES.
HOMILY ON THE PARALYTIC LET DO
HOW A BISHOP OUGHT TO JUDGE OF
HOW AND WHEN WE OUGHT TO CELEB
HOW CHRIST BECAME A FULFILLER 
HOW GOD, ON ACCOUNT OF THEIR I
HOW MASTERS OUGHT TO BEHAVE TH
HOW SIMON, DESIRING TO FLY BY 
HOW THE BISHOP OUGHT TO PROVID
HOW THE GOVERNED ARE TO OBEY T
HOW THE HERESIES DIFFER FROM E
HOW THE PASSOVER OUGHT TO BE C
HOW THE WIDOWS ARE TO PRAY FOR
HOW WE OUGHT TO ASSEMBLE TOGET
HOW WIVES OUGHT TO BE SUBJECT 
Hab
Habakkuk
Hag
Haggai
Heads of the Canons of Abulide
Heads of the Following Book.
Heads.
Heads.4142
Hegesippus.3691
Hippolytus on the Twelve Apost
Historia Acephala.
Historical Excursus on the Aft
Historical Excursus on the Int
Historical Introduction to St.
Historical Introduction.
Historical Note on the Lost “T
Historical Note on the So-Call
Historical Note.
Homily I.
Homily II.
Homily III.
Homily IV.
Homily IX.
Homily L.
Homily LI.
Homily LII.
Homily LIII.
Homily LIV.
Homily LIX.
Homily LV.
Homily LVI.
Homily LVII.
Homily LVIII.
Homily LX.
Homily LXI.
Homily LXII.
Homily LXIII.
Homily LXIV.
Homily LXIX.
Homily LXV.
Homily LXVI.
Homily LXVII.
Homily LXVIII.
Homily LXX.
Homily LXXI.
Homily LXXII.
Homily LXXIII.
Homily LXXIV.
Homily LXXIX.
Homily LXXV.
Homily LXXVI.
Homily LXXVII.
Homily LXXVIII.
Homily LXXX.
Homily LXXXI.
Homily LXXXII.
Homily LXXXIII.
Homily LXXXIV.
Homily LXXXIX.
Homily LXXXV.
Homily LXXXVI.
Homily LXXXVII.
Homily LXXXVIII.
Homily V.
Homily VI.
Homily VII.
Homily VIII.
Homily VIII.
John i. 9
Homily X.
Homily XC.
Homily XI
Homily XI.
Homily XII.
Homily XII.
John i. 14
Homily XIII.
Homily XIV.
Homily XIX.
Homily XL.
Homily XLI.
Homily XLII.
Homily XLIII.
Homily XLIV.
Homily XLIX.
Homily XLIX.1097
Homily XLV.
Homily XLVI.
Homily XLVII.
Homily XLVIII.
Homily XV.
Homily XVI.
Homily XVI.
Acts VII. 6, 7
Homily XVII.
Homily XVIII.
Homily XX.
Homily XX.1799
Homily XX.883
Homily XXI.
Homily XXI.
John i. 49, 50
Homily XXII.
Homily XXIII.
Homily XXIV.
Homily XXIX.
Homily XXV.
Homily XXVI.
Homily XXVI.
John iii. 6
Homily XXVII.
Homily XXVIII.
Homily XXX.
Homily XXXI.
Homily XXXII.
Homily XXXIII.
Homily XXXIV.
Homily XXXIX.
Homily XXXV.
Homily XXXVI.
Homily XXXVII.
Homily XXXVIII.
Hos
Hosea
Hymn I.
Hymn II.
Hymn III.
Hymn IV.
Hymn IX.
Hymn LII.
Hymn LIII.
Hymn LIV.
Hymn LIX.
Hymn LV.
Hymn LVI.
Hymn LVII.
Hymn LVIII.
Hymn LX.
Hymn LXI.
Hymn LXII.
Hymn LXIII.
Hymn LXIV.
Hymn LXV.
Hymn LXVI.
Hymn LXVII.
Hymn LXVIII.
Hymn V.
Hymn VI.
Hymn VII.
Hymn VIII.
Hymn X.
Hymn XI.
Hymn XII.
Hymn XIII.
Hymn XIV.
Hymn XIX.
Hymn XL.
Hymn XLI.
Hymn XLII.
Hymn XV.
Hymn XVI.
Hymn XVII.
Hymn XVIII.
Hymn XX.
Hymn XXI.
Hymn XXXIX.
Hymn XXXV.
Hymn XXXVI.
Hymn XXXVII.
Hymn XXXVIII.
I Chronicles
I Corinthians
I John
I Kings
I Peter
I Samuel
I Thessalonians
I Timothy
I.
I.
A Discourse Which Was in th
I.
The Letter of the Blessed D
I.
The Prescription Against He
I. An Epistle to the People of
I. Authorship of the Caroline 
I. From the exposition of the 
I. General Chronological Table
I. Life.
I. Original Works which still 
I. SOURCES.
I. Sources and Literature.1
I. THE EXORDIUM.
I. The Origin and Nature of Pe
I. The Place of Chrysostom in 
I. To an Unknown Correspondent
I. Wherein is a partial inquir
I. Wherein is the Criterion fo
I.1079
I.1252
I.2976
I.3172
I.3175
I.3292
I.3814
I.—A Fragment of a Work of Pie
I.—COMMENTS2867 ON THE FIRST E
I.—Dogmatic.
I.—From a Dialogue or Disputat
I.—From the Two Books on the P
I.—Introductory.
I.—JOB I. 21.
I.—LITERATURE.
I.—Letter to the Church at Ale
I.—Preface.
I.—The Epistle Written by Malc
I.—To Alexander, Bishop of the
II Chronicles
II Corinthians
II John
II Kings
II Peter
II Samuel
II Thessalonians
II Timothy
II.
II.
From the Apology Addressed
II.
From the Discourse of St. 
II.
From the Discourse on Soul
II.
The interpretation by Hipp
II. A Refutation of This Dogma
II. Authority of the Caroline 
II. BIOGRAPHIES.
II. Concerning Ecumenical Coun
II. Extent and Character of Ch
II. FROM BOOK I.
II. From an Epistle to the Ant
II. JEROME.
Lives of Illustrio
II. Life of Socrates.
II. NOTES ON SECULAR AND CHURC
II. Synoptical Table of the Bi
II. The External History of th
II. To the Same.
II. Translations from Greek Wr
II. Whether the Soul Exists.
II. Why man appeared last, aft
II. Works.
II.1081
II.12
II.1258
II.1842
From the Discourse of 
II.2977
II.3173
II.3177
II.3293
II.3817
II.—A Section on the Writings 
II.—Against the Heresy of Arte
II.—COMMENTS ON THE EPISTLE OF
II.—Contemporary History.
II.—Education.
II.—Episcopate at Cyrus.
II.—Epistle Catholic.2445
II.—Exegetic.
II.—Fragments Apparently of th
II.—From the Books on Nature.6
II.—God’s Indignation.
II.—Materials for His Biograph
II.—Narrative of Events Happen
II.—On the Godhead.2354
II.—The Gospel According to Lu
II.—The Testament of Simeon Co
III John
III.
III.
 Against Hermogenes.
III.
From the Discourse on the
III.
From the Same Apology.362
III.
Quoted in Jerome, Epist. 
III. A Refutation on the Groun
III. Augustin’s Part in the Co
III. Contents of the Caroline 
III. FROM BOOK II.
III. From an Epistle to Origen
III. HISTORICAL SUMMARY AND CH
III. Socrates’ Ecclesiastical 
III. That the nature of man is
III. The Number of the Ecumeni
III. To Bishop Irenæus.1610
III. Whether the Soul is a Sub
III. special treatises on the 
III.1083
III.1262
III.14
III.1846
III.1868
III.2978
III.3174
III.3178
III.3294
III.—Ascetic.
III.—COMMENTS ON THE FIRST EPI
III.—Canon Muratorianus.4977
III.—Epistle.2470
III.—From the Acts of the Disp
III.—From the Books Against Sa
III.—Life at Cæsarea; Baptism;
III.—Life of Jerome.
III.—On Luke XXII. 42, Etc.100
III.—On the Advent of Our Savi
III.—Relations with Nestorius 
III.—The Duty of Confessing Ch
III.—The Life, as Amplified by
III.—The Testament of Levi Con
III.—The Worship of Demons.
IMPOSITION OF HANDS; PRAYER FO
IN WHAT THINGS A BISHOP IS TO 
IN WHAT THINGS WE OUGHT TO BE 
INDEX OF CITATIONS
INDEX OF FRENCH WORDS AND PHRA
INDEX OF GREEK WORDS AND PHRAS
INDEX OF LATIN WORDS AND PHRAS
INDEX OF NAMES
INDEX OF PAGES OF THE PRINT ED
INDEX OF SCRIPTURE COMMENTARY
INDEX OF SCRIPTURE REFERENCES
INDEX OF SUBJECTS.
INDEXES
INDEXES OF SUBJECTS.
INSTRUCTION AS TO HOW A BISHOP
INTRODUCTION TO THE CORRESPOND
INTRODUCTION TO THE HOMILIES O
INTRODUCTION TO THE LETTER TO 
INTRODUCTION TO THE LETTERS TO
INTRODUCTION TO THE THREE BOOK
INTRODUCTION TO THE TREATISE O
INTRODUCTION TO THE TREATISE T
INTRODUCTION TO THE TWO HOMILI
INTRODUCTION.
INTRODUCTORY ESSAY.
INTRODUCTORY NOTICE
INTRODUCTORY NOTICE
TO
CONSTIT
INTRODUCTORY NOTICE
TO
DIONYSI
INTRODUCTORY NOTICE
TO
LACTANT
INTRODUCTORY NOTICE
TO
THE EAR
INTRODUCTORY NOTICE
TO
THE TEA
INTRODUCTORY NOTICE
TO THE HOM
INTRODUCTORY NOTICE BY PROFESS
IV.
IV.
Against the Valentinians.
IV.
From the Book of Extracts.
IV.
On Faith.3596
IV.
The Epistle of St. Athanas
IV. A Refutation of the Same o
IV. Festal.
IV. From an Epistle to Demetri
IV. History of Socrates’ Work.
IV. ON THE DOCTRINE OF ST. AMB
IV. That the construction of m
IV. The Chief Cause of Trouble
IV. The Theology of Grace.
IV. Whether the Soul is Incorp
IV.1084
IV.17
IV.1851
IV.3180
IV.3295
IV.—A Point in the Same Disput
IV.—An Exposition of Luke XXII
IV.—Basil and the Councils, to
IV.—COMMENTS ON THE SECOND EPI
IV.—Epistle to Æglon, Bishop o
IV.—FROM THE BOOKS OF THE HYPO
IV.—Homiletical.
IV.—On the Sojourning of Chris
IV.—Recapitulation of Authenti
IV.—Saturn.
IV.—The Passion of St. Symphor
IV.—The Testament of Judah Con
IV.—The Writings of Jerome.
IV.—Under the Ban of Theodosiu
IX.
IX.
De Fuga in Persecutione.11
IX. That the form of man was f
IX. The Same Methodius.
IX. To an Anonymous Correspond
IX.1091
IX.1860
IX.3300
IX.35
IX.3641
IX.—Additional Notes on Some P
IX.—Contents and Character of 
IX.—FRAGMENT OF THE TREATISE O
IX.—From a Sermon.2386
IX.—Mercury.
IX.—The Selections Included in
IX.—The Testament of Gad Conce
IX.—Unbroken Friendships.
Ignatius to Magnesians
Ignatius to Philadelphians
Ignatius to Polycarp
Ignatius to Romans
Ignatius to Smyrnaeans
Ignatius to Trallians
Important MSS.
In Two Books.
Index of French Words and Phra
Index of German Words and Phra
Index of Greek Words and Phras
Index of Hebrew Words and Phra
Index of Pages of the Print Ed
Index of Scripture Commentary
Index of Scripture References
Index.
Indexes
Indexes 1405
Indexes 1459
Indexes 931
Introduction
to
Ancient Syriac
Introduction on the Date of th
Introduction on the Number of 
Introduction to Ad Afros Epist
Introduction to Ad Episcopos Æ
Introduction to Apologia Ad Co
Introduction to Apologia Contr
Introduction to Apologia de Fu
Introduction to Expositio Fide
Introduction to Four Discourse
Introduction to Historia Arian
Introduction to In Illud ‘Omni
Introduction to Oration II.
Introduction to Tomus Ad Antio
Introduction to Vita S. Antoni
Introduction to de Decretis or
Introduction to de Synodis.
Introduction to the De Trinita
Introduction to the Encyclical
Introduction to the Hexæmeron.
Introduction to the Homilies o
Introduction to the Letters.
Introduction to the Treatise
C
Introduction to the Treatise
o
Introduction to the Treatise D
Introduction to the de Sentent
Introduction to the “Theologic
Introduction to ᾽Επινοια
Introduction, by the American 
Introduction.
Introductory Discourse.
Introductory Dissertation.
Introductory Essay.
Introductory Note
TO
CLEMENT O
Introductory Note
TO
TAITIAN T
Introductory Note
TO
THE PASTO
Introductory Note
TO
THEOPHILU
Introductory Note
to
Dionysius
Introductory Note
to
Gregory T
Introductory Note
to
Minucius 
Introductory Note
to the
Instr
Introductory Note
to the
Works
Introductory Note by the Edito
Introductory Note to Irenæus A
Introductory Note to the Canon
Introductory Note to the Epist
Introductory Note to the First
Introductory Note to the Fragm
Introductory Note to the Marty
Introductory Note to the Spuri
Introductory Note to the Syria
Introductory Note to the Writi
Introductory Note.
Introductory Notes.
Introductory Notice
Introductory Notice
to
Alexand
Introductory Notice
to
Anatoli
Introductory Notice
to
Apocryp
Introductory Notice
to
Archela
Introductory Notice
to
Arnobiu
Introductory Notice
to
Caius, 
Introductory Notice
to
Excerpt
Introductory Notice
to
Julius 
Introductory Notice
to
Memoirs
Introductory Notice
to
Methodi
Introductory Notice
to
Novatia
Introductory Notice
to
Peter, 
Introductory Notice
to
Remains
Introductory Notice
to
The Cle
Introductory Notice
to
The Dec
Introductory Notice
to
The Rec
Introductory Notice
to
The Tes
Introductory Notice
to
Two Epi
Introductory Notice
to the
Pse
Introductory Notice to 1st Cle
Introductory Notice to Cyprian
Introductory Notice to Hippoly
Introductory Notice.
Introductory Notice.5424
to
An
Introductory Notice5342
to an

Isaiah
Isaiah.
JOHN OF DAMASCUS.
EXPOSITION O
Jeremiah
Jeremiah and Ezekiel.
Jeremiah.
Jerome and Gennadius.
Lives of
Jerome’s Apology for Himself A
Job
Job.
Joel
Jonah
Joshua
Joshua, Judges, and Ruth.
Judges
L.
L. To the Archimandrite Geront
L.—Who Have Apostatized from G
LAWS, LETTERS, AND WRITINGS.
LETTER I. TO EUSEBIUS.
LETTER II. TO THE DEACON AUREL
LETTER III.
LETTER III. TO BASSULA, HIS MO
LETTER IV.
LETTER LI.
LETTER LVII.
LETTER LXI.
LETTER LXII.
LETTER TO A YOUNG WIDOW.
LETTER V.
LETTER VI.
LETTER VII.
LETTER XL.
LETTER XLI.
LETTER XXI.
LETTER XXII.
LETTERS OF ST. AUGUSTIN
INDEX 
LI.
LI. To the Presbyter Agapius.1
LI.—Of Infants.
LIFE AND WRITINGS OF SULPITIUS
LII.
LII. To Ibas, Bishop of Edessa
LII.—Deserters.
LIII.
LIII. To Sophronius, Bishop of
LIII.—To the Soldiers of Chris
LIV.
LIV. Festal.
LIV.—Of Fugitives.
LIX. To Claudianus.1704
LIX.—To the Matrons of the Chu
LV.
LV. Festal.
LV.—Of the Seed of the Tares.
LVI. Festal.
LVI.—To the Dissembler.
LVII. To the Præfect Eutrechiu
LVII.—That Worldly Things are 
LVIII. To the Consul Nomus.170
LVIII.—That the Christian Shou
LX. To Dioscorus, Bishop of Al
LX.—To the Same Again.
LXI. To the Presbyter Archibiu
LXI.—In the Church to All the 
LXII. To the Presbyter John.
LXII.—To Him Who Wishes for Ma
LXIII. Festal.1708
LXIII.—The Daily War.
LXIV. Festal.
LXIV.—Of the Zeal of Concupisc
LXIX. To Eugraphia.1713
LXIX.—To God’s Shepherds.
LXV. To the General Zeno.1711
LXV.—They Who Give from Evil.
LXVI. To Aerius the Sophist.17
LXVI.—Of a Deceitful Peace.
LXVII. To Maranas.
LXVIII. To Epiphanius.
LXVIII.—To Ministers.
LXX. To Eustathius, Bishop of 
LXX.—I Speak to the Elder-Born
LXXI. To Zeno,1716 General and
LXXI.—To Visit the Sick.
LXXII. To Hermesigenes the Ass
LXXII.—To the Poor in Health.
LXXIII. To Apollonius.1718
LXXIII.—That Sons are Not to B
LXXIV. To Urbanus.
LXXIV.—Of Funeral Pomp.
LXXIX. To Anatolius the Patric
LXXIX.—To the Petitioners.
LXXV. To the Clergy of Beroea.
LXXV.—To the Clerks.
LXXVI. To Uranius, Governor of
LXXVI.—Of Those Who Gossip, an
LXXVII. To Eulalius, Bishop of
LXXVII.—To the Drunkards.
LXXVIII. To Eusebius, Bishop o
LXXVIII.—To the Pastors.
LXXX. To the Prefect Eutrechiu
LXXX.—The Name of the Man of G
LXXXI. To the Consul Nomus.175
LXXXII. To Eusebius, Bishop of
LXXXIII. Of Theodoretus, Bisho
LXXXIV. To the Bishops of Cili
LXXXIX. To Florentius the Patr
LXXXV. To the Bishop Basil.178
LXXXVI.1788To Flavianus, Bisho
LXXXVII. To Domnus, Bishop of 
LXXXVIII. To Taurus the Patric
Lamentations
Lecture II.
Lecture III.
Lecture IV.
Lecture IX.
Lecture V.
Lecture VI.
Lecture VII.
Lecture VIII.
Lecture X.
Lecture XI.
Lecture XII.
Lecture XIII.
Lecture XIV.
Lecture XIX.
Lecture XV.
Lecture XVI.
Lecture XVII.
Lecture XVIII.
Lecture XX.
Lecture XXI.
Lecture XXII.
Lecture XXIII.
Letter C.
Letter C. From Theophilus.
Letter C.2351
Letter CC.2723
Letter CCCII.
Letter CCCIII.
Letter CCCIX.
Letter CCCL.
Letter CCCLI.
Letter CCCLII.
Letter CCCLIII.
Letter CCCLIV.
Letter CCCLIX.
Letter CCCLV.
Letter CCCLVI.
Letter CCCLVII.
Letter CCCLVIII.
Letter CCCLX.3289
Letter CCCLXVI.3294
Letter CCCVI.
Letter CCCVIII.
Letter CCCX.
Letter CCCXL.
Letter CCCXLI.
Letter CCCXLII.
Letter CCCXLIII.
Letter CCCXLIV.
Letter CCCXLIX.
Letter CCCXLV.
Letter CCCXLVI.
Letter CCCXLVII.
Letter CCCXLVIII.
Letter CCCXXI.
Letter CCCXXII.
Letter CCCXXXIV.
Letter CCCXXXIX.
Letter CCCXXXV.
Letter CCCXXXVI.
Letter CCCXXXVII.
Letter CCCXXXVIII.
Letter CCI.
Letter CCI.2724
Letter CCII.
Letter CCII.2725
Letter CCIII.
Letter CCIII.2727
Letter CCIV.2733
Letter CCIX.
Letter CCIX.2767
Letter CCL.
Letter CCL.3093
Letter CCLI.3096
Letter CCLII.3114
Letter CCLIII.3117
Letter CCLIV.
Letter CCLIV.3119
Letter CCLIX.3142
Letter CCLV.3121
Letter CCLVI.3123
Letter CCLVII.3129
Letter CCLVIII.3131
Letter CCLX.3143
Letter CCLXI.3167
Letter CCLXII.3183
Letter CCLXIII.
Letter CCLXIII.3189
Letter CCLXIV.3195
Letter CCLXIX.
Letter CCLXIX.3218
Letter CCLXV.3199
Letter CCLXVI.3209
Letter CCLXVII.3213
Letter CCLXVIII.3215
Letter CCLXX.3221
Letter CCLXXI.3224
Letter CCLXXII.3226
Letter CCLXXIII.3229
Letter CCLXXIV.3230
Letter CCLXXIX.3238
Letter CCLXXV.3231
Letter CCLXXVI.3232
Letter CCLXXVII.3233
Letter CCLXXVIII.3235
Letter CCLXXX.3239
Letter CCLXXXI.3240
Letter CCLXXXII.3241
Letter CCLXXXIII.3242
Letter CCLXXXIV.3243
Letter CCLXXXIX.3251
Letter CCLXXXV.3244
Letter CCLXXXVI.3245
Letter CCLXXXVII.3247
Letter CCLXXXVIII.3248
Letter CCV.2751
Letter CCVI.2753
Letter CCVII.2754
Letter CCVIII.
Letter CCVIII.2766
Letter CCX.
Letter CCX.2768
Letter CCXC.3253
Letter CCXCI.3255
Letter CCXCII.
Letter CCXCIII.
Letter CCXCIV.
Letter CCXCIX.
Letter CCXCV.
Letter CCXCVI.
Letter CCXI.
Letter CCXI.2798
Letter CCXII.
Letter CCXII.2800
Letter CCXIII.
Letter CCXIII.2804
Letter CCXIV.2809
Letter CCXIX.
Letter CCXIX.2862
Letter CCXL.3022
Letter CCXLI.3029
Letter CCXLII.3030
Letter CCXLIII.3036
Letter CCXLIV.3051
Letter CCXLIX.3092
Letter CCXLV.
Letter CCXLVI.
Letter CCXLVI.3084
Letter CCXLVIII.3087
Letter CCXV.2821
Letter CCXVI.2823
Letter CCXVII.
Letter CCXVIII.
Letter CCXVIII.2853
Letter CCXX.
Letter CCXX.2868
Letter CCXXI.2871
Letter CCXXII.2872
Letter CCXXIII.2876
Letter CCXXIV.2903
Letter CCXXIX.
Letter CCXXIX.2934
Letter CCXXV.2910
Letter CCXXVI.2914
Letter CCXXVII.
Letter CCXXVII.2929
Letter CCXXVIII.
Letter CCXXVIII.2933
Letter CCXXX.2937
Letter CCXXXI.
Letter CCXXXI.2940
Letter CCXXXII.
Letter CCXXXII.2947
Letter CCXXXIII.2950
Letter CCXXXIV.2955
Letter CCXXXIX.3015
Letter CCXXXV.2960
Letter CCXXXVI.2975
Letter CCXXXVII.
Letter CCXXXVII.3002
Letter CCXXXVIII.3011
Letter CI.
Letter CI. From Augustine.
Letter CI.2354
Letter CII.
Letter CII. To Augustine.
Letter CII.2357
Letter CIII.
Letter CIII. To Augustine.
Letter CIII.2361
Letter CIV.
Letter CIV. From Augustine.
Letter CIV.2362
Letter CIX.
Letter CIX. To Riparius.
Letter CIX.2372
Letter CL.
Letter CL. From Procopius to J
Letter CL.2490
Letter CLI.
Letter CLI.2499
Letter CLII.
Letter CLII.2503
Letter CLIII.
Letter CLIII.2505
Letter CLIV.2506
Letter CLIX.
Letter CLIX.2518
Letter CLV.
Letter CLV.2508
Letter CLVI.
Letter CLVI.2512
Letter CLVII.
Letter CLVII.2515
Letter CLVIII.
Letter CLVIII.2517
Letter CLVIII586.
Letter CLX.2526
Letter CLXI.
Letter CLXI.2540
Letter CLXII.
Letter CLXII.2544
Letter CLXIII.
Letter CLXIII.2546
Letter CLXIV.
Letter CLXIV.2547
Letter CLXIV.605
Letter CLXIX.
Letter CLXIX.2559
Letter CLXV.
Letter CLXV.2551
Letter CLXVI.
Letter CLXVII.2555
Letter CLXVII614.
Letter CLXVIII.
Letter CLXVIII.2556
Letter CLXX.
Letter CLXX.2564
Letter CLXXI.
Letter CLXXI.2567
Letter CLXXII.
Letter CLXXII.2568
Letter CLXXIII.
Letter CLXXIII.2572
Letter CLXXIV.2574
Letter CLXXIX.2590
Letter CLXXV.2576
Letter CLXXVI.2581
Letter CLXXVII.2586
Letter CLXXVIII.2587
Letter CLXXX.
Letter CLXXX.2592
Letter CLXXXI.2593
Letter CLXXXII.2596
Letter CLXXXIII.2598
Letter CLXXXIV.2601
Letter CLXXXIX.
Letter CLXXXIX.2651
Letter CLXXXV.2603
Letter CLXXXVI.2605
Letter CLXXXVII.
Letter CLXXXVIII.
Letter CLXXXVIII.2611
Letter CV.
Letter CV. To Augustine.
Letter CV.2365
Letter CVI.
Letter CVI. To Sunnias and Fre
Letter CVI.2367
Letter CVII.
Letter CVII. To Laeta.
Letter CVII.2369
Letter CVIII.
Letter CVIII. To Eustochium.
Letter CVIII.2371
Letter CX.
Letter CX. From Augustine.
Letter CX.2373
Letter CXC.2663
Letter CXCI.
Letter CXCI.2671
Letter CXCII.
Letter CXCII.2678
Letter CXCIII.2679
Letter CXCIV.2681
Letter CXCIX.2692
Letter CXCV.
Letter CXCV.2682
Letter CXCVI.2683
Letter CXCVII.2684
Letter CXCVIII.2690
Letter CXI.
Letter CXI. From Augustine to 
Letter CXI.2375
Letter CXII. To Augustine.
Letter CXII.2376
Letter CXIII.
Letter CXIII. From Theophilus 
Letter CXIII.2380
Letter CXIV.
Letter CXIV. To Theophilus.
Letter CXIV.2383
Letter CXIX.
Letter CXIX.2395
Letter CXL.
Letter CXL. To Cyprian the Pre
Letter CXL.2463
Letter CXLI. To Augustine
Letter CXLI.2466
Letter CXLII.
Letter CXLII. To Augustine.
Letter CXLII.2470
Letter CXLIII.
Letter CXLIII. To Alypius and 
Letter CXLIII.2473
Letter CXLIV.
Letter CXLIV. From Augustine t
Letter CXLIV.2475
Letter CXLIX.
Letter CXLIX. On the Jewish Fe
Letter CXLIX.2488
Letter CXLV.
Letter CXLV. To Exuperantius.
Letter CXLV.2477
Letter CXLVI.
Letter CXLVI. To Evangelus.
Letter CXLVI.2481
Letter CXLVII.
Letter CXLVII. To Sabinianus.
Letter CXLVII.2484
Letter CXLVIII.
Letter CXLVIII. To the Matron 
Letter CXLVIII.2486
Letter CXV.
Letter CXV. To Augustine.
Letter CXV.2387
Letter CXVI.
Letter CXVI. From Augustine.
Letter CXVI.2390
Letter CXVII.
Letter CXVII. To a Mother and 
Letter CXVIII.
Letter CXVIII. To Julian.
Letter CXVIII.2393
Letter CXX.
Letter CXX. To Hedibia.3113
Letter CXX.2397
Letter CXXI. To Algasia.
Letter CXXI.2400
Letter CXXII.
Letter CXXII. To Rusticus.
Letter CXXII.2402
Letter CXXIII.
Letter CXXIII. To Ageruchia.
Letter CXXIII.2404
Letter CXXIV.
Letter CXXIV. To Avitus.
Letter CXXIV.2406
Letter CXXIX.
Letter CXXIX. To Dardanus.
Letter CXXIX.2427
Letter CXXV.
Letter CXXV. To Rusticus.
Letter CXXV.2407
Letter CXXVI.
Letter CXXVI. To Marcellinus a
Letter CXXVI.2418
Letter CXXVII.
Letter CXXVII. To Principia.
Letter CXXVII.2420
Letter CXXVIII.
Letter CXXVIII. To Gaudentius.
Letter CXXVIII.2422
Letter CXXX.
Letter CXXX. To Demetrias.
Letter CXXX.2430
Letter CXXXI.
Letter CXXXI. From Augustine.
Letter CXXXI.2436
Letter CXXXII.
Letter CXXXII. From Augustine.
Letter CXXXII.2439
Letter CXXXIII.
Letter CXXXIII. To Ctesiphon.
Letter CXXXIV.
Letter CXXXIV. To Augustine.
Letter CXXXIV.2442
Letter CXXXIX.
Letter CXXXIX. To Apronius.
Letter CXXXIX.2456
Letter CXXXV.
Letter CXXXV. From Pope Innoce
Letter CXXXV.2443
Letter CXXXVI.
Letter CXXXVI. From Pope Innoc
Letter CXXXVI.2445
Letter CXXXVII.
Letter CXXXVII. From Pope Inno
Letter CXXXVII.2447
Letter CXXXVIII.
Letter CXXXVIII. To Riparius.
Letter CXXXVIII.2450
Letter I.
Letter I. To Innocent.
Letter I.1737
Letter I.—To Eusebius2161.
Letter II.
Letter II. To Theodosius and t
Letter II.1743
Letter II.—For 330. Easter-day
Letter II.—To the City of Seba
Letter III.
Letter III. To Rufinus the Mon
Letter III.1757
Letter III.—For 331. Easter-da
Letter III.—To Ablabius2174.
Letter IV.
Letter IV. To Florentius.
Letter IV.1763
Letter IV.—For 332. Easter-day
Letter IV.—To Cynegius2177.
Letter IX.
Letter IX. To Chrysogonus, a M
Letter IX.1872
Letter IX.—An Invitation.
Letter L.
Letter L. To Domnio.
Letter L.1697
Letter L.2172
Letter L.—First Letter to Luci
Letter LI.
Letter LI. From Epiphanius, Bi
Letter LI.2175
Letter LI.—Second Letter to Lu
Letter LII.
Letter LII. To Nepotian.
Letter LII.2184
Letter LII.—First Letter to Mo
Letter LIII.
Letter LIII. To Paulinus.
Letter LIII.2192
Letter LIII.—Second Letter4656
Letter LIV.
Letter LIV. To Furia.
Letter LIV.2199
Letter LIV.—To Serapion, conce
Letter LIX.
Letter LIX. To Marcella.
Letter LIX.2216
Letter LIX.—To Epictetus.
Letter LV. To Amandus.
Letter LV.2203
Letter LV.—Letter to Rufinianu
Letter LVI.
Letter LVI. From Augustine.
Letter LVI.2206
Letter LVI.—To the Emperor Jov
Letter LVII. To Pammachius on 
Letter LVII.2208
Letter LVII.—First Letter to O
Letter LVIII.
Letter LVIII. To Paulinus.
Letter LVIII.2211
Letter LVIII.—Second Letter to
Letter LX.
Letter LX. To Heliodorus.
Letter LX.2221
Letter LX.—To Adelphius4738, B
Letter LXI.
Letter LXI. To Vigilantius.
Letter LXI.2222
Letter LXI.—Letter to Maximus.
Letter LXII.
Letter LXII. To Tranquillinus.
Letter LXII.2225
Letter LXII.—To John and Antio
Letter LXIII.
Letter LXIII. To Theophilus.
Letter LXIII.2228
Letter LXIII.—Letter to the Pr
Letter LXIV.
Letter LXIV. To Fabiola.
Letter LXIV.2230
Letter LXIV.—To Diodorus (frag
Letter LXIX.
Letter LXIX. To Oceanus.
Letter LXIX.2246
Letter LXV.
Letter LXV. To Principia.
Letter LXV.2232
Letter LXVI.
Letter LXVI. To Pammachius.
Letter LXVI.2237
Letter LXVII.
Letter LXVII. From Augustine.
Letter LXVII.2242
Letter LXVII401.
Letter LXVIII.
Letter LXVIII. To Castrutius.
Letter LXVIII.2244
Letter LXX.
Letter LXX. To Magnus an Orato
Letter LXX.2251
Letter LXXI.
Letter LXXI. To Lucinius.
Letter LXXI.2254
Letter LXXII.
Letter LXXII. To Vitalis.
Letter LXXII.2257
Letter LXXIII.
Letter LXXIII. To Evangelus.
Letter LXXIII.2259
Letter LXXIV.
Letter LXXIV. To Rufinus of Ro
Letter LXXIV.2260
Letter LXXIX.
Letter LXXIX. To Salvina.
Letter LXXIX.2274
Letter LXXV.
Letter LXXV. To Theodora.
Letter LXXV.2266
Letter LXXVI.
Letter LXXVI. To Abigaus.
Letter LXXVI.2268
Letter LXXVII.
Letter LXXVII. To Oceanus.
Letter LXXVII.2270
Letter LXXVIII.
Letter LXXVIII. To Fabiola.
Letter LXXVIII.2273
Letter LXXX.
Letter LXXX. From Rufinus to M
Letter LXXX.2276
Letter LXXXI.
Letter LXXXI. To Rufinus.
Letter LXXXI.2277
Letter LXXXII.
Letter LXXXII. To Theophilus B
Letter LXXXII.2281
Letter LXXXIII.
Letter LXXXIII. From Pammachiu
Letter LXXXIII.2286
Letter LXXXIV.
Letter LXXXIV. To Pammachius a
Letter LXXXIV.2289
Letter LXXXIX.
Letter LXXXIX. From Theophilus
Letter LXXXIX.2300
Letter LXXXV.
Letter LXXXV. To Paulinus.
Letter LXXXV.2291
Letter LXXXVI.
Letter LXXXVI. To Theophilus.
Letter LXXXVI.2293
Letter LXXXVII.
Letter LXXXVII. From Theophilu
Letter LXXXVII.2295
Letter LXXXVIII.
Letter LXXXVIII. To Theophilus
Letter LXXXVIII.2298
Letter V.
Letter V. To Florentius.
Letter V.1768
Letter V.—A Testimonial.
Letter V.—For 333. Easter-day4
Letter VI.
Letter VI. To Julian, a Deacon
Letter VI.1773
Letter VI.—For 334. Easter-day
Letter VI.—To Stagirius.
Letter VII.
Letter VII. To Chromatius, Jov
Letter VII.1777
Letter VII.—For 335. Easter-da
Letter VII.—To a Friend.
Letter VIII.
Letter VIII. To Niceas, Sub-De
Letter VIII.1779
Letter VIII2185.—To a Student 
Letter X.
Letter X. To Paul, an Old Man 
Letter X.1883
Letter X.—For 338. Coss. Ursus
Letter X2192 .—To Libanius.
Letter XC.
Letter XC. From Theophilus to 
Letter XC.2302
Letter XCI.
Letter XCI. From Epiphanius to
Letter XCI.2305
Letter XCII.
Letter XCII. The Synodical Let
Letter XCII.2309
Letter XCIII.
Letter XCIII. From the Bishops
Letter XCIII.2328
Letter XCIV.
Letter XCIV. From Dionysius to
Letter XCIV.2333
Letter XCIX.
Letter XCIX. To Theophilus.
Letter XCIX.2347
Letter XCV.
Letter XCV. From Pope Anastasi
Letter XCV.2336
Letter XCVI.
Letter XCVI. From Theophilus.
Letter XCVI.2338
Letter XCVII.
Letter XCVII. To Pammachius an
Letter XCVII.2340
Letter XCVIII.
Letter XCVIII. From Theophilus
Letter XCVIII.2343
Letter XI.
Letter XI. To the Virgins of Æ
Letter XI.1886
Letter XI.—For 339. Coss. Cons
Letter XI.—To Libanius.
Letter XII.
Letter XII. To Antony, Monk.
Letter XII.1888
Letter XII2200.—On his work ag
Letter XIII.
Letter XIII. To Castorina, His
Letter XIII.1890
Letter XIII.—(For 341.) Coss. 
Letter XIII.—To the Church at 
Letter XIV.
Letter XIV. To Heliodorus, Mon
Letter XIV.1892
Letter XIV.—(For 342.) Coss. A
Letter XIV2221.—To the Bishop 
Letter XIX.
Letter XIX. From Pope Damasus.
Letter XIX.1908
Letter XIX.—(For 347.) Coss. R
Letter XL.
Letter XL. To Marcella.
Letter XL.2053
Letter XLI.
Letter XLI. To Marcella.
Letter XLI.2057
Letter XLII.
Letter XLII. To Marcella.
Letter XLII.2060
Letter XLIII.
Letter XLIII. To Marcella.
Letter XLIII.2090
Letter XLIII366.
Letter XLIV.
Letter XLIV. To Marcella.
Letter XLIV.2092
Letter XLIX.
Letter XLIX. To Pammachius.
Letter XLIX.2169
Letter XLIX.—Letter to Dracont
Letter XLV.
Letter XLV. To Asella.
Letter XLV.2102
Letter XLVI.
Letter XLVI. Paula and Eustoch
Letter XLVI.2108
Letter XLVI.—Letter4563 to the
Letter XLVII.
Letter XLVII. To Desiderius.
Letter XLVII.2157
Letter XLVII.—To the Church of
Letter XLVIII.
Letter XLVIII. To Pammachius.
Letter XLVIII.2163
Letter XLVIII.—Letter to Amun4
Letter XV.
Letter XV. To Pope Damasus.
Letter XV.1897
Letter XV.—To Adelphius the La
Letter XVI.
Letter XVI. To Pope Damasus.
Letter XVI.1900
Letter XVI.—To Amphilochius.
Letter XVII.
Letter XVII. To the Presbyter 
Letter XVII.1903
Letter XVII.—(For 345.) Coss. 
Letter XVII.—To Eustathia, Amb
Letter XVII201.
Letter XVIII.
Letter XVIII. To Pope Damasus.
Letter XVIII.1905
Letter XVIII.—(For 346.) Coss.
Letter XVIII.—To Flavian2258.
Letter XX.
Letter XX.
(a.d. 390.)
Letter XX. To Pope Damasus.
Letter XX.1910
Letter XX.—(For 348.) Coss. Ph
Letter XXI.
Letter XXI.
(a.d. 391.)
Letter XXI. To Damasus
Letter XXI.1912
Letter XXII. To Eustochium.
Letter XXII.1917
Letter XXII221.
Letter XXIII.
Letter XXIII.
(a.d. 392.)
Letter XXIII. To Marcella.
Letter XXIII.1977
Letter XXIV.
Letter XXIV. To Marcella.
Letter XXIV.1980
Letter XXIX.
Letter XXIX.2000
Letter XXV.
Letter XXV.
(a.d. 394.)
Letter XXV. To Marcella.
Letter XXV.1986
Letter XXVI.
(a.d. 395.)
Letter XXVI. To Marcella.
Letter XXVI.1988
Letter XXVI236.
Letter XXVII.
Letter XXVII.
(a.d. 395.)
Letter XXVII. To Marcella.
Letter XXVII.1991
Letter XXVIII.
Letter XXVIII. To Marcella.
Letter XXVIII.1994
Letter XXX.
Letter XXX. To Paula.
Letter XXX.2004
Letter XXXI.
Letter XXXI. To Eustochium.
Letter XXXI.2006
Letter XXXII.
Letter XXXII. To Marcella.
Letter XXXII.2008
Letter XXXIII.
Letter XXXIII. To Paula.
Letter XXXIII.2013
Letter XXXIV.
Letter XXXIV. To Marcella.
Letter XXXIV.2015
Letter XXXIX.
Letter XXXIX. To Paula.
Letter XXXIX.2048
Letter XXXV.
Letter XXXV. From Pope Damasus
Letter XXXV.2018
Letter XXXVI.
Letter XXXVI. To Pope Damasus.
Letter XXXVI.2019
Letter XXXVII.
Letter XXXVII. To Marcella.
Letter XXXVII.2020
Letter XXXVII355.
Letter XXXVIII.
Letter XXXVIII. To Marcella.
Letter XXXVIII.2022
Letter XXXVIII357.
Letter of Origen to Gregory.
Letter of the Council to St. A
Letter of the Same Holy Synod 
Letters CCCXXX., CCCXXXI., CCC
Letters CXXI. and CXXII.
Letters LV. to LVIII.
Letters LVI. And LVII.
Letters of Athanasius,
with Tw
Leviticus
Life and Conduct of the Holy W
Life of Antony.
List of Writers.
Literature.
MACARIUS CHRYSOCEPHALUS: ORATI
MARTYRS OF PALESTINE.2613
METHODIUS.
MINUCIUS FELIX.
Malachi
Malchion.
Manuscripts and Editions of Se
Manuscripts.
Martyrdom of the Holy and Glor
Matthew.
Maximus, Bishop of Jerusalem.
Melito, the Philosopher.
Memoir of Sozomen.
Mic
Micah
NICENE COUNCIL
NINETEEN HYMNS
ON THE NATIVITY
NOTE BY THE AMERICAN EDITOR.
NOTE ON THE LETTERS OF ST. AMB
NOTE.
NPNF-211. Sulpitius Severus, V
NPNF-212. Leo the Great, Grego
NPNF-213. Gregory the Great (I
NPNF1-01. The Confessions and 
NPNF1-03. On the Holy Trinity;
NPNF1-04. Augustine: The Writi
NPNF1-05. St. Augustine: Anti-
NPNF1-06. St. Augustine: Sermo
NPNF1-07. St. Augustine: Homil
NPNF1-08. St. Augustine: Expos
NPNF1-09. St. Chrysostom: On t
NPNF1-10. St. Chrysostom: Homi
NPNF1-11. Saint Chrysostom: Ho
NPNF1-12. Saint Chrysostom: Ho
NPNF1-13. Saint Chrysostom: Ho
NPNF1-14. Saint Chrysostom: Ho
NPNF2-01. Eusebius Pamphilius:
NPNF2-02. Socrates and Sozomen
NPNF2-03. Theodoret, Jerome, G
NPNF2-04. Athanasius: Select W
NPNF2-05. Gregory of Nyssa: Do
NPNF2-06. Jerome  : The Princi
NPNF2-06. Jerome: The Principa
NPNF2-07. Cyril of Jerusalem, 
NPNF2-08. Basil: Letters and S
NPNF2-09. Hilary of Poitiers, 
NPNF2-10. Ambrose: Selected Wo
NPNF2-14. The Seven Ecumenical
Nah
Nahum
Neh
Nehemiah
Note by the American Editor.
Note by the American Editor.20
Note by the Edinburgh Translat
Note on the Emperor’s Edict to
Note on the Following Work.
Note on the Messalians or Mass
Note on the Text of the Canons
Note on the Treatise “On the M
Note.
Notes by the American Editor.
Numbers
OF AN ENTERTAINMENT, AND AFTER
OF COMMENDATORY LETTERS IN FAV
OF FIRST-FRUITS AND TITHES, AN
OF PARENTS AND CHILDREN.
OF REPENTANCE, THE MANNER OF I
OF SOME JEWISH AND GENTILE OBS
OF THE GREAT WEEK, AND ON WHAT
OF THE LOVE OF MONEY.
OF VIRGINS.
OF WHAT CHARACTER HE OUGHT TO 
ON CHRISTIAN DOCTRINE.
ON EASTER
ON THE CREATION OF THE WORLD97
ON THE TRINITY.
ON WHOSE ACCOUNT THE POWERS OF
OUR LORD'S SERMON ON THE MOUNT
OUR LORD’S SERMON ON THE MOUNT
Obad
Obadiah
Of Holy Virginity.
Of the Discipline and Advantag
Of the Morals of the Catholic 
Of the Same to Agatho the Bish
Of the Same to Diodorus Bishop
Of the Same to His Suffragans 
Of the Same to Menas the Bisho
Of the Same to the Bishops of 
Of the Same to the Chorepiscop
Of the Work of Monks.
On Admonition and Repentance.
On All the Saints.591
On Bk. III. chap. 24, § 17 (no
On Bk. III. chap. 25, § 4 (not
On Bk. III. chap. 28, § 1.
On Bk. III. chap. 3, § 5 (note
On Bk. III. chap. 3, § 6 (note
On Bk. III. chap. 32, § 6 (not
On Bk. III. chap. 36 § 13.
On Bk. III. chap. 39, § 1 (not
On Bk. III. chap. 39, § 16.
On Bk. III. chap. 39, § 6.
On Bk. V. Introd. § I (note 3,
On Bk. VI. chap. 12, § 6.
On Bk. VI. chap. 2 (note 1, co
On Bk. VI. chap. 23, § 4 (note
On Bk. VI. chap. 8, § 5 (note 
On Bk. VII. chap. 25, § 11.
On Bk. VII. chap. 26, § 1 (not
On Bk. VIII. chap. 2, § 4 (not
On Bk. X. chap. 8, § 4 (note I
On Care to Be Had for the Dead
On Christian Doctrine
On Christian Doctrine, in Four
On Continence.
On Daniel.
On Infants’ Early Deaths.1530
On Lying.
On Patience
On Pilgrimages.1580
On the Baptism of Christ.
On the Catechising of the Unin
On the Councils, or, The Faith
On the Creed:
A Sermon to the 
On the Exhortation to Martyrdo
On the Faith.
On the Glory of Martyrdom.4835
On the Good of Marriage.
On the Good of Widowhood.
On the Gospel According to Mat
On the History of Jonah.
From 
On the Holy Spirit.
On the Holy Trinity, and of th
On the Keeping of Easter.
On the Making of Man.
On the Morals of the Manichæan
On the Opinion of Dionysius.
On the Profit of Believing.
On the Prophet Isaiah.1275
On the Psalms.1376
On the Public Shows.4816
On the Sinful Woman.
On the Soul and the Resurrecti
On the Subject of the Soul.436
On the Trinity.
On “Not Three Gods.”
Oration Concerning Simeon and 
Oration I.
Oration II.
Oration III.
Oration VII.
Oration VIII.
Oration XII.
Oration XL.
Oration XLI.
Oration XLII.
Oration XLIII.
Oration XLV.
Oration XVI.
Oration XVIII.
Oration XXI.
Oration XXIX.
Oration XXVII.
Oration XXVIII.
Oration XXX.
Oration XXXIII.
Oration XXXIV.
Oration XXXIX.
Oration XXXVII.
Oration XXXVIII.
Oration on the Palms.3109
Origen on Prayer by Origen
Other Fragments on the Psalms.
POSTSCRIPT.
PREFACE TO DESIDERIUS.
PREFACE TO THE BENEDICTINE EDI
PREFACE TO THE BOOK ON THE PRO
PREFACE TO THE TREATISE ON MAN
PREFACE.
PREFACE.—OF WHAT GREAT VALUE T
PREFATORY NOTE.
PRELIMINARY NOTES ON THE SECON
PROLOGUE.
Pamphilus.
Pantænus,3811 the Alexandrian 
Part I.
Part I.
Arian Persecution Unde
Part I. History of the Council
Part I.—Apocryphal Gospels.
Part I.—Exegetical.
Part I.—Of the Divine Unity.
Part I.—The Acts of Pilate.
Part I.—The Life.
Part II.
Part II.
First Arian Persecuti
Part II. History of Arian Opin
Part II.—Of the Resurrection o
Part II.—Sozomen as Author.
Part II.—The Apocryphal Acts o
Part III.
Part III.
Restoration of the C
Part III. On the Symbols ‘Of t
Part III.—Apocryphal Apocalyps
Part III.—Bibliography.
Part IV.
Part IV.
Second Arian Persecut
Part IV.—Conclusion.
Part V.
Persecution and Lapse 
Part VI.
Persecution and Lapse
Part VII.
Persecution at Alexa
Part VIII.
Part of Pope Hadrian’s Letter.
Peter
Phileas.
Philem
Philemon.
Pierus of Alexandria.1265
Polycarp to Philippians
Polycrates,3767 Bishop of Ephe
Pope Anterus.2798
Postscript.
Prayer of Azariah
Prayer of St. Augustin.
Preface
Preface by the Translator.2316
Preface of Rufinus.
Preface to Book II.
Preface to Book III. of the Πε
Preface to Genesis.
Preface to Homilies on Romans.
Preface to Origen’s Homilies o
Preface to Part I. of the Oxfo
Preface to Part II. of the Oxf
Preface to Soliloquies.
Preface to Translation of Orig
Preface to Volume I. Of the Ed
Preface to Volume II. Of the E
Preface to the American Editio
Preface to the Anti-Manichæan 
Preface to the Book of Hebrew 
Preface to the Book on Hebrew 
Preface to the Book on the Sit
Preface to the Commentary on E
Preface to the Homilies on the
Preface to the Oxford Edition.
Preface to the Translation of 
Preface to the Translations of
Preface to the Two Books of Ec
Preface, Explaining His Design
Preface.
Preface.8974
Preface.—The Conclusion of Wha
Preface.—The Knowledge of God 
Preface.—Why Augustin Writes o
Prefaces to Jerome’s Early Wor
Prefaces to the Books of the V
Prefaces to the Commentaries o
Prefaces to the Vulgate Versio
Prefaces.
Prefatory Note.
Prefatory Notice to Origen’s W
Prefatory Remarks, by Valesius
Prolegomena
on the
Life and Wo
Prolegomena.
Prologue of Rufinus.
Prologue.
Proof that the Divinity of the
Proofs that the Union was with
Proposed Action on Clerical Ce
Proslogium; Monologium; An App
Proverbs
Proverbs, Ecclesiastes, and th
Psalm
Psalm C.4537
Psalm CI.4559
Psalm CII.4575
Psalm CIII.4648
Psalm CIV.4693
Psalm CIX.4915
Psalm CL.6005
Psalm CV.4777
Psalm CVI.4814
Psalm CVII.4871
Psalm CVIII.4896
Psalm CX.4955
Psalm CXI.4982
Psalm CXII.5006
Psalm CXIII.5030
Psalm CXIV.5037
Psalm CXIX.5128
Psalm CXL.5743
Psalm CXLI.5763
Psalm CXLII.5791
Psalm CXLIII.5811
Psalm CXLIV.5838
Psalm CXLIX.5975
Psalm CXLV.5861
Psalm CXLVI.5884
Psalm CXLVII.5901
Psalm CXLVIII.5963
Psalm CXV.5057
Psalm CXVI.5076
Psalm CXVII.5098
Psalm CXVIII.5100
Psalm CXX.5393
Psalm CXXI.5406
Psalm CXXII.5423
Psalm CXXIII.5448
Psalm CXXIV.5460
Psalm CXXIX.5546
Psalm CXXV.5472
Psalm CXXVI.5492
Psalm CXXVII.5513
Psalm CXXVIII.5533
Psalm CXXX. (CXXXI.).
Psalm CXXX.5566
Psalm CXXXI.5575
Psalm CXXXII.5585
Psalm CXXXIII.5627
Psalm CXXXIV.5645
Psalm CXXXIX.5718
Psalm CXXXV.5649
Psalm CXXXVI.5670
Psalm CXXXVII.5696
Psalm CXXXVIII.5700
Psalm I.
Psalm II.
Psalm III.35
Psalm IV.
Psalm IX.
Psalm L.1675
Psalm LI.1803
Psalm LII.1882
Psalm LIII. (LIV.).
Psalm LIII.1925
Psalm LIV.1947
Psalm LIX.2217
The First Part.
Psalm LV.1976
Psalm LVI.2074
Psalm LVII.2123
Psalm LVIII.2162
Psalm LX.2281
Psalm LXI.2336
Psalm LXII.2358
Psalm LXIII.2459
Psalm LXIV.2489
Psalm LXIX.2896
Psalm LXV.2533
Psalm LXVI.2581
Psalm LXVII.2645
Psalm LXVIII.2684
Psalm LXX.3027
Psalm LXXI.3072
Psalm LXXII.3168
Psalm LXXIII.3250
Psalm LXXIV.3306
Psalm LXXIX.3667
Psalm LXXV.3391
Psalm LXXVI.3432
Psalm LXXVII.3483
Psalm LXXVIII.3520
Psalm LXXX.3741
Psalm LXXXI.3778
Psalm LXXXII.3829
Psalm LXXXIII.3847
Psalm LXXXIV.3874
Psalm LXXXIX.4129
Psalm LXXXV.3914
Psalm LXXXVI.3940
Psalm LXXXVII.4029
Psalm V.
Psalm VI.
Psalm VII.
Psalm VIII.
Psalm X.382
Psalm XC.4232
Psalm XCI.4290
Psalm XCII.4327
Psalm XCIII.4340
Psalm XCIV.4358
Psalm XCIX.4507
Psalm XCV.4392
Psalm XCVI.4413
Psalm XCVII.4453
Psalm XCVIII.4494
Psalm XI.409
Psalm XII.458
Psalm XII.478
Psalm XIV.483
Psalm XIX.550
Psalm XL.1087
Psalm XLI.1176
Psalm XLII.1221
Psalm XLIII.1276
Psalm XLIV.1315
Psalm XLIX.1606
Psalm XLV.1363
Psalm XLVI.1472
Psalm XLVII.1512
Psalm XLVIII.1554
Psalm XV.496
Psalm XVI.504
Psalm XVII.513
Psalm XVIII.522
Psalm XX.567
Psalm XXI.584
Psalm XXII.594
Psalm XXIII.615
Psalm XXIV.620
Psalm XXIX.663
Psalm XXV.633
Psalm XXVI.642
Psalm XXVII.649
Psalm XXVIII.655
Psalm XXX.677
Psalm XXXI.682
Psalm XXXII.691
Psalm XXXIII.695
Psalm XXXIV.701
Psalm XXXIX.1018
Psalm XXXV.741
Psalm XXXVI.810
Psalm XXXVII.848
Psalm XXXVIII.944
Psalms
Psalms.
Pseud-Irenæus.
Quadratus, Bishop of Athens.35
Question I.
Question II.
Question III.
Question IV.
Question IX.
Question VI.
Question VIII.
Question X.
Question XI.
Question XII.
Question XIII.
Question XIV.
Question XV.
Question XVI.
Question XVII.
Question XVIII.
Recognitions of Clement.
Reply of the Blessed Virgin to
Reply to Faustus the Manichæan
Revelation of Esdras.
Revelation of John
Revelation of John.
Revelation of Moses.
Revelation of Paul.
Rhodon.3717
Rom. X. 14, 15
Rufinus’ Apology in Defence of
Rufinus’ Preface to the Transl
Rufinus’s Epilogue to Pamphilu
Ruth
SEC. I.—GENERAL COMMANDMENTS.
SEC. II.—ON DEACONS AND DEACON
SEC. II.—ON THE CHARACTER AND 
SEC. III.—ON THE INSTRUCTION O
SEC. IV.—ENUMERATION ORDAINED 
SEC. IV.—OF THE LAW.
SEC. IV.—ON THE MANAGEMENT OF 
SEC. VI.—THE DISPUTES OF THE F
SECTION 2.—PUBLICATION OF THE 
SECTION 3.—CONTENTS OF TEACHIN
SECTION 4.—AUTHENTICITY.
SECTION 5.—TIME AND PLACE OF C
SELECTIONS FROM THE LETTERS OF
SERMON AGAINST AUXENTIUS ON TH
SERMONS ON SELECTED LESSONS OF
SEVERAL DEMONSTRATIONS CONCERN
SIMILITUDE EIGHTH.
SIMILITUDE FIFTH.
SIMILITUDE FIRST.244
SIMILITUDE FOURTH.
SIMILITUDE NINTH.
SIMILITUDE SECOND.
SIMILITUDE SEVENTH.
SIMILITUDE SIXTH.
SIMILITUDE THIRD.
ST. AURELIUS AUGUSTIN
BISHOP O
ST. HILARY OF POITIERS.
SELECT
SYNOD OF LAODICEA.
SYNOPTICAL TABLE
of the
FOUR C
Sam
Second Division.
Second Greek Form.
Second Latin Form.
Second Part
Aphrahat the Persi
Section I.
Section I.—The Life.
Section II.
Section III.
Section IV.
Section IV.
On Gen. vii. 6
Section IX.
Section L.
Section LI.
Section LII.
Section LIII.3703
Section LIV.
Section LV.
Section V.
Section VI.
Section VII.
Section VIII.
Section X.
Section X.
On Deut. xxxiii. II
Section XI.
Section XII.
Section XIII.
Section XIV.
Section XIX.
Section XL.
Section XLI.
Section XLII.
Section XLIII.
Section XLIV.
Section XLIX.
Section XLV.
Section XLVI.
Section XLVII.
Section XLVIII.
Section XV.
Section XVI.
Section XVII.
Section XVIII.
Section XX.
Section XXI.
Section XXII.
Section XXIII.
Section XXIV.
Section XXIX.
Section XXV.
Section XXVI.
Section XXVII.
Section XXVIII.1932
Section XXX.
Section XXXI.
Section XXXII.
Section XXXIII.
Section XXXIV.
Section XXXIX.
Section XXXV.
Section XXXVI.
Section XXXVII.
Section XXXVIII.
Sections II., III.
Serapion,3787 Bishop of Antioc
Sermon I.
Sermon II.
Sermon III.
Sermon IV.
Sermon IX.
Sermon L.
Sermon LI.
Sermon LII.
Sermon LIII.
Sermon LIV.
Sermon LIX.
Sermon LV.
Sermon LVI.
Sermon LVII.
Sermon LVIII.
Sermon LX.
Sermon LXI.
Sermon LXII.
Sermon LXII.
(On the Passion, 
Sermon LXIII.
Sermon LXIV.
Sermon LXIX.
Sermon LXV.
Sermon LXVI.
Sermon LXVII.
Sermon LXVIII.
Sermon LXX.
Sermon LXXI.
Sermon LXXII.
Sermon LXXIII.
Sermon LXXIV.
Sermon LXXIX.
Sermon LXXV.
Sermon LXXVI.
Sermon LXXVII.
Sermon LXXVIII.
Sermon LXXX.
Sermon LXXXI.
Sermon LXXXII.
Sermon LXXXIII.
Sermon LXXXIV.
Sermon LXXXIV1173.
Sermon LXXXIX.
Sermon LXXXV.
Sermon LXXXVI.
Sermon LXXXVII.
Sermon LXXXVIII.
Sermon V.
Sermon VI.
Sermon VII.
Sermon VIII.
Sermon X.
Sermon XC.
Sermon XCI.
Sermon XCII.
Sermon XCIII.
Sermon XCIV.
Sermon XCV.
Sermon XCVI.
Sermon XCVII.
Sermon XI.
Sermon XII.
Sermon XIII.
Sermon XIV.
Sermon XIX.
Sermon XL.
Sermon XLI.
Sermon XLII.
Sermon XLIII.
Sermon XLIV.
Sermon XLIX.
Sermon XLV.
Sermon XLVI.
Sermon XLVII.
Sermon XLVIII.
Sermon XV.
Sermon XVI.
Sermon XVII.
Sermon XVIII.
Sermon XX.
Sermon XXI.
Sermon XXII.
Sermon XXIII.
Sermon XXIV.
Sermon XXIX.
Sermon XXV.
Sermon XXVI.
Sermon XXVII.
Sermon XXVIII.
Sermon XXX.
Sermon XXXI.
Sermon XXXII.
Sermon XXXIII.
Sermon XXXIV.
Sermon XXXIX.
Sermon XXXV.
Sermon XXXVI.
Sermon XXXVII.
Sermon XXXVIII.
Session III.
Session V.
Session XVI.
Sirach
Song
Song of Solomon
St. Chrysostom as a Homilist.
Statement of Faith.
Subject Index
Subscriptions.
Susanna
Synodical Letter of the Counci
Syriac Calendar.
TATIAN.
TEN HOMILIES
ON THE EPISTLE OF
THAT A BELIEVER OUGHT NEITHER 
THAT A BISHOP MUST BE UNBLAMEA
THAT A BISHOP MUST BE WELL INS
THAT A BISHOP MUST TAKE CARE T
THAT A BISHOP OUGHT NOT TO REC
THAT A BISHOP OUGHT TO BE ORDA
THAT A BISHOP WHO BY WRONG JUD
THAT A CHRISTIAN WHO WILL NOT 
THAT A JUDGE MUST NOT BE A RES
THAT A LAYMAN OUGHT NOT TO DO 
THAT A PRIEST MUST NEITHER OVE
THAT A SHEPHERD WHO IS CARELES
THAT A WOMAN MUST NOT BATHE WI
THAT BOTH THE LAW AND THE GOSP
THAT CHRIST JESUS OUR LORD CAM
THAT CHRISTIANS MUST ABSTAIN F
THAT CHRISTIANS OUGHT NOT TO B
THAT CONTENTIONS AND QUARRELS 
THAT DAVID, THE NINEVITES, HEZ
THAT EVERY CHRISTIAN OUGHT TO 
THAT EVERY ONE OUGHT TO REMAIN
THAT IT DOES NOT BECOME US TO 
THAT IT IS A DANGEROUS THING T
THAT IT IS A HORRIBLE THING FO
THAT IT IS AN HORRIBLE AND DES
THAT IT IS BETTER TO AFFORD, T
THAT IT IS NOT LAWFUL TO RISE 
THAT IT IS OUR DUTY TO ESTEEM 
THAT IT IS REASONABLE FOR THE 
THAT IT IS THE CUSTOM OF JEWS 
THAT IT IS THE WILL OF GOD THA
THAT IT PLEASED THE LORD THAT 
THAT MEMORIALS OR MANDATES DO 
THAT NONE BUT A BISHOP AND PRE
THAT PRIESTS ARE TO BE PREFERR
THAT SCHISM IS MADE, NOT BY HI
THAT SHE WHO HAS BEEN KIND TO 
THAT SINNERS ARE PRIVATELY TO 
THAT THE BISHOPS MUST BY THEIR
THAT THE DEACON IS TO EASE THE
THAT THE DEACON MUST NOT MAKE 
THAT THE JUDICATURES OF CHRIST
THAT THE OBLATIONS OF THE UNWO
THAT THE PEOPLE OUGHT TO BE EX
THAT THE SAME PUNISHMENT IS NO
THAT THE WAY WHICH WAS AFTERWA
THAT THE WIDOWS ARE TO BE VERY
THAT THE WIDOWS OUGHT NOT TO A
THAT THERE ARE TWO WAYS,—THE O
THAT TO MAKE CONSTITUTIONS ABO
THAT WE ARE NOT TO BE IMPLACAB
THAT WE ARE TO AVOID INTERCOUR
THAT WE MUST AVOID THE CHOICE 
THAT WE MUST NOT PREFER THE AF
THAT WE MUST NOT TURN FROM THE
THAT WE MUST SEPARATE FROM HER
THAT WE OUGHT NOT TO BE INDIFF
THAT WE OUGHT NOT TO BE OVER-C
THAT WE OUGHT NOT TO DESPISE A
THAT WE OUGHT NOT TO DIVIDE OU
THAT WE OUGHT NOT TO REBAPTIZE
THAT WE OUGHT NOT TO RETURN IN
THAT WE OUGHT NOT TO SING AN H
THAT WE OUGHT TO AFFORD AN HEL
THAT WE OUGHT TO AVOID THE EAT
THAT WE OUGHT TO AVOID THE HER
THAT WE OUGHT TO BE CHARITABLE
THAT WE WHO BELIEVE IN CHRIST 
THAT WOMEN OUGHT NOT TO TEACH,
THE
CATECHETICAL LECTURES
OF
S
THE
ECCLESIASTICAL HISTORY
OF

THE
LETTERS AND SERMONS
OF
LEO
THE
Seven Books of Augustin,
B
THE
Three Books of Augustin,
B
THE AGE AT WHICH WIDOWS SHOULD
THE ANTI-DONATIST WRITINGS.
THE ANTI-MANICHÆAN WRITINGS.
THE APOLOGY
of
ARISTIDES THE P
THE BIDDING PRAYER AFTER THE P
THE BIDDING PRAYER FOR THE EVE
THE BIDDING PRAYER FOR THE FAI
THE BIDDING PRAYER FOR THOSE D
THE BOOK CONCERNING THE MYSTER
THE CANONS OF THE COUNCIL IN T
THE CAUTION OBSERVED AT HEATHE
THE CHURCH HISTORY OF EUSEBIUS
THE CITY OF GOD.
THE COMMONITORY
OF
VINCENT OF 
THE CONFESSIONS OF ST. AUGUSTI
THE CONSTITUTION OF JAMES THE 
THE CONSTITUTION OF LEBBÆUS, W
THE COUNCIL OF SARDICA.
THE DIVINE LITURGY, WHEREIN IS
THE ECCLESIASTICAL CANONS OF T
THE ECCLESIASTICAL HISTORY, DI
THE EPISTLES OF CLEMENT.
THE FIFTH ECUMENICAL COUNCIL.

THE FIRST ECUMENICAL COUNCIL.
THE FORM OF PRAYER AFTER THE P
THE FORM OF PRAYER FOR THE FAI
THE FORM OF PRAYER FOR THE FIR
THE FORM OF PRAYER FOR THE ORD
THE FOURTH ECUMENICAL COUNCIL.
THE GOSPEL OF PETER.
by
PROFES
THE HARMONY OF THE GOSPELS.
THE IMPOSITION OF HANDS FOR TH
THE LITURGY OF THE BLESSED APO
THE MEMORIAL OF SYMMACHUS, PRE
THE ORATION
OF
EUSEBIUS PAMPHI
THE PASSION OF THE SCILLITAN M
THE PEARL.
SEVEN HYMNS ON THE 
THE PHOENIX
THE PREFACE.—THE PLAN AND PURP
THE PROHIBITION OF CONJURING, 
THE PROHIBITION OF EVIL-SPEAKI
THE PROHIBITION OF MALIGNITY, 
THE PROHIBITION OF MURMURING, 
THE SAME APOSTLE CONCERNING TH
THE SAME APOSTLE’S CANONS CONC
THE SAME APOSTLE’S CONSTITUTIO
THE SAME, BOOK IV. ON 2 COR. V
THE SECOND ECUMENICAL COUNCIL.
THE SIXTH ECUMENICAL COUNCIL.

THE TESTAMENTS OF THE TWELVE P
THE THANKSGIVING FOR THE EVENI
THE THANKSGIVING FOR THE MORNI
THE THIRD ECUMENICAL COUNCIL.

THE TREATISE CONCERNING WIDOWS
THE TREATISE DE SPIRITU SANCTO
THE TWO BOOKS OF ST. AMBROSE, 
THE VAIN ZEAL WHICH THE HEATHE
THE WORKS OF SULPITIUS SEVERUS
THEOPHILUS.
THREE HOMILIES
THREE HOMILIES.
TO THOSE THAT SPEAK EVIL OF TH
TO THOSE WHO HAD NOT ATTENDED 
TRANSLATOR’S INTRODUCTORY NOTI
TRANSLATOR’S PREFACE.
TREATISE ON THE PRIESTHOOD.
Table of Roman Emperors.
Testimonies of the Ancients Ag
Testimonies.
That God the Word is Immutable
The
FIFTEEN BOOKS OF AURELIUS 
The Acts of Barnabus.
The Acts of Philip.
Of the Jou
The Anathemas of Cyril in Oppo
The Apocalypse of Peter.
The Apocalypse of Sedrach.
The Apocalypse of the Holy Mot
The Apology of Aristides
as it
The Apology of Aristides the P
The Apology of Aristides.
The Apostolical Canons.
The Arabic Gospel of the Infan
The Argument.
The Avenging of the Saviour.
The Banquet of the Ten Virgins
The Book of John Concerning th
The Books of Samuel and Kings.
The Canonical Epistle,2281
Wit
The Canons of the 217 Blessed 
The Canons of the Council in T
The Canons of the Council of A
The Canons of the Council of S
The Canons of the Holy and Ble
The Canons of the Synod Held i
The Canons of the Two Hundred 
The Clementine Homilies.
The Commentaries.
The Commonitory of the Same wh
The Conclusion of the Entire T
The Condemnation Sent by the H
The Death of Pilate, Who Conde
The Decree of the Holy, Great,
The Decree with Regard to the 
The Decretal Epistle of Pope V
The Decretal Letter of Pope Vi
The Definition of Faith of the
The Definition of Faith.
The Definition of the Holy and
The Dialogue Against the Lucif
The Discourse on the Holy Theo
The Divine516 Sacra517 Sent by
The Enchiridion,
The Enchiridion.
The Encyclical Epistle of the 
The Epistle of Cyril to Nestor
The Epistle of Ignatius to Her
The Epistle of Ignatius to Mar
The Epistle of Ignatius to Pol
The Epistle of Ignatius to St.
The Epistle of Ignatius to the
The Epistle of Maria the Prose
The Epistle of Polycarp to the
The Epistle of Pope Urban Firs
The Epistle of St. Athanasius 
The Epistle of Theonas, Bishop
The Epistle of the Same Athana
The Epistle of the Same Philea
The Eternal Reward Which is Sp
The Father of Constantine allo
The Fifth Theological Oration.
The First Epistle.
The First Epistle.2724
The First Epistle.2780
The First Homily.
The Four Gospels.
The Fourth Homily.
The Genuine Acts of Peter.2241
The Giving Up of Pontius Pilat
The Gospel According to Peter.
The Gospel of Peter.
The Gospel of Pseudo-Matthew.
The History of Joseph the Carp
The Holy Creed Which the 150 H
The Imperial Edict Posted in t
The Imperial Sacra.
The Letter of Agatho and of th
The Letter of Agatho, Pope of 
The Letter of Anastasius,
The Letter of Cyril to John of
The Letter of Pontius Pilate,

The Letter of Pope Agatho.
The Letter of Pope Coelestine 
The Letter of the Same Holy Sy
The Letter of the Synod to Pop
The Letter of the Synod to the
The Life and Passion
of
Cypria
The Life of Malchus, the Capti
The Life of Paulus the First H
The Life of S. Hilarion.
The Narrative of Zosimus Conce
The Narrative of the Same conc
The Nicene Creed.
The Opinion of St. Augustin
The Passion of the Scillitan M
The Peroration of Rufinus Appe
The Perpetual Virginity of Ble
The Preface to the Books of Re
The Prologue.
The Prosphoneticus to the Empe
The Protevangelium of James.
The Psalms.
The Report of Pilate the Procu
The Report of Pontius Pilate, 
The Revelation of Peter.
The Roman Emperors.
The Second Canonical Epistle o
The Second Epistle of Ignatius
The Second Epistle.
The Second Homily.
The Sentence Against the Monot
The Sentence of the Synod.
The Seventh Council of Carthag
The Story of Perpetua.
The Synod held at Carthage ove
The Synodal Letter.
The Testament of Abraham.
The Testaments of the Twelve P
The Third Epistle of the Same 
The Third Epistle.
The Third Homily.
The Tome of St. Leo.
The Trinity.
Prologue and Chap
The Twelve Minor Prophets.
The Vision of Paul.
The XII. Anathematisms of St. 
The same Hippolytus on the Sev
The “Demonstrations” of Aphrah
Theognostus of Alexandria.
Theonas of Alexandria.
Theophilus, Bishop of Cæsarea 
Thess
Third Book.
Third Division.
Tim
Titus.
To Cledonius the Priest Agains
To Nectarius, Bishop of Consta
To Olympius. Ep. CXLVI.
To Pammachius Against John of 
To Patrophilus, bishop of Ægæ.
To the Bishops of Africa.
Tobit
Tobit and Judith.
Tome or Synodal Letter to the 
Topic I.
Topic II.
Topic III.
Topic IV.
Topic IX.
Topic V.
Topic VI.
Topic VII.
Topic VIII.
Topic X.
Topic XI.
Topic XII.
Tractate C.
Tractate CI.
Tractate CII.
Tractate CIII.
Tractate CIV.
Tractate CIX.
Tractate CV.
Tractate CVI.
Tractate CVII.
Tractate CVIII.
Tractate CX.
Tractate CXI.
Tractate CXII.
Tractate CXIII.
Tractate CXIV.
Tractate CXIX.
Tractate CXV.
Tractate CXVI.
Tractate CXVII.
Tractate CXVIII.
Tractate CXX.
Tractate CXXI.
Tractate CXXII.
Tractate CXXIII.
Tractate CXXIV.
Tractate I.
Tractate II.
Tractate III.
Tractate IV.
Tractate IX.
Tractate L.
Tractate LI.
Tractate LII.
Tractate LIII.
Tractate LIV.
Tractate LIX.
Tractate LV.
Tractate LVI.
Tractate LVII.
Tractate LVIII.
Tractate LX.
Tractate LXI.
Tractate LXII.
Tractate LXIII.
Tractate LXIV.
Tractate LXIX.
Tractate LXV.
Tractate LXVI.
Tractate LXVII.
Tractate LXVIII.
Tractate LXX.
Tractate LXXI.
Tractate LXXII.
Tractate LXXIII.
Tractate LXXIV.
Tractate LXXIX.
Tractate LXXV.
Tractate LXXVI.
Tractate LXXVII.
Tractate LXXVIII.
Tractate LXXX.
Tractate LXXXI.
Tractate LXXXII.
Tractate LXXXIII.
Tractate LXXXIV.
Tractate LXXXIX.
Tractate LXXXV.
Tractate LXXXVI.
Tractate LXXXVII.
Tractate LXXXVIII.
Tractate V.
Tractate VI
Tractate VII.
Tractate VIII.
Tractate X.
Tractate XC.
Tractate XCI.
Tractate XCII.
Tractate XCIII.
Tractate XCIV.
Tractate XCIX.
Tractate XCV.
Tractate XCVI.
Tractate XCVII.
Tractate XCVIII.
Tractate XI.
Tractate XII.
Tractate XIII.
Tractate XIV.
Tractate XIX.
Tractate XL.
Tractate XLI.
Tractate XLII.
Tractate XLIII.
Tractate XLIV.
Tractate XLIX.
Tractate XLV.
Tractate XLVI.
Tractate XLVII.
Tractate XLVIII.
Tractate XV.
Tractate XVI.
Tractate XVII.
Tractate XVIII.
Tractate XX.
Tractate XXI.
Tractate XXII.
Tractate XXIII.
Tractate XXIV.
Tractate XXIX.
Tractate XXV.
Tractate XXVI.
Tractate XXVII.
Tractate XXVIII.
Tractate XXX.
Tractate XXXI.
Tractate XXXII.
Tractate XXXIII.
Tractate XXXIV.
Tractate XXXIX.
Tractate XXXV.
Tractate XXXVI.
Tractate XXXVII.
Tractate XXXVIII.
Translation of Pamphilus’ Defe
Translations from the Septuagi
Translations.
Translator’s Introduction
to
T
Translator’s Introductory Noti
Translator’s Preface
Translator’s Preface
THE CITY 
Translator’s Preface.
Treatise I.
Treatise II.3170
Treatise III.3211
Treatise IV.3301
Treatise IX.
Treatise V.3402
Treatise VI.3449
Treatise VII.
Treatise VIII.3519
Treatise X.3641
Treatise XII.3812
Twelve Topics on the Faith.
Two Notes by the American Edit
UPON WHAT ACCOUNT ISRAEL, FALS
UPON WHICH DAYS SERVANTS ARE N
V.
V.
Appendix.
V.
From the Catena on Genesis.
V.
On the Flesh of Christ.6939
V.
The First Canonical Epistle
V. Festal.
V. LIFE OF ST. AMBROSE.
V. That man is a likeness of t
V. That to Work is Not a Matte
V.1087
V.1852
V.19
V.3182
V.3296
V.3597
V.—Estimate of the Scope and V
V.—FROM THE BOOK ON PROVIDENCE
V.—Historical Criticism of Med
V.—Jupiter.
V.—Letters.
V.—On John VIII. 12.1020
V.—On the Soul and Body and th
V.—That Up to the Time of the 
V.—The Presbyterate.
V.—The Testament of Issachar C
V.—Theodoret and Chalcedon.
VARIOUS CANONS OF PAUL THE APO
VI.
VI.
On Psalm lxii. 6
VI.
On the Resurrection of the
VI.
Two Scholia on Genesis XXI
VI. An examination of the kind
VI. FROM BOOK III.
VI. Festal.
VI. WRITINGS OF ST. AMBROSE.
VI. Whether Our Soul is Immort
VI.1088
VI.1855
VI.27
VI.3184 The Same Methodius.
VI.3297
VI.3602
VI.—Basil as Archbishop.
VI.—Character and Influence of
VI.—FROM THE BOOK ON THE SOUL.
VI.—Liturgical.
VI.—Of the One Substance.1023
VI.—Of the Same Jupiter’s Thun
VI.—Of the Soul and Body.2382
VI.—Rectification of the Vatic
VI.—Retirement after Chalcedon
VI.—The Addition in the Codex,
VI.—The Testament of Zebulun C
VICTORINUS
VII.
VII.
 Against Praxeas;7766
VII.
From the Metre Poems of S
VII. To Theonilla.
VII. Whether Our Soul is Ratio
VII. Why man is destitute of n
VII.1089
VII.1857
VII.3185 The Same Methodius.
VII.32
VII.3298
VII.—Chronology of the Life of
VII.—FRAGMENT FROM THE BOOK ON
VII.—Fragment.2384
VII.—Of the Septizonium and th
VII.—On the Reception of the L
VII.—The Breach with Gregory o
VII.—The Condemnation of “the 
VII.—The Testament of Dan Conc
VII.—Writings Spurious and Dub
VIII.
VIII.
From the Iambics of St. 
VIII.
From the Oration on Our 
VIII. The Same Methodius.
VIII. To Eugraphia.
VIII. Why man’s form is uprigh
VIII.1090
VIII.1859
VIII.3299
VIII.34
VIII.—His Writings: Their Char
VIII.—OTHER FRAGMENTS FROM ANT
VIII.—Of the Sun and Moon.
VIII.—On St. Matthew.2385
VIII.—St. Basil and Eustathius
VIII.—The Testament of Naphtal
VIII.—The Works of Theodoret.
VIII.—Writings Mentioned, But 
VISION FIFTH.
VISION FIRST.
VISION FOURTH.
VISION SECOND.
VISION THIRD.
Version II.
WHAT ARE THE CHARACTERS OF A D
WHAT ARE THE CHARACTERS OF WID
WHAT BOOKS OF SCRIPTURE WE OUG
WHAT CHARACTER THE WIDOWS OUGH
WHAT IS THE DIGNITY OF A BISHO
WHAT IS THE MEANING OF BAPTISM
WHAT OUGHT TO BE THE CHARACTER
WHAT QUALIFICATIONS THEY OUGHT
WHENCE THE HERESIES SPRANG, AN
WHICH DAYS OF THE WEEK WE ARE 
WHO OUGHT TO BE SUPPORTED ACCO
WHO THEY WERE THAT VENTURED TO
WHO WERE THE PREACHERS OF THE 
WHO WERE THE SUCCESSORS OF SIM
WHOSE OBLATIONS ARE TO BE RECE
WRITINGS OF RUFINUS.
Warning to the Reader Touching
Wisdom
Works of James Arminius, Vol. 
Works on Analytical Criticism,
X.
X. That the mind works by mean
X. To the Learned Elias.
X.1094
X.1862
X.3301
X.36
X.—Editions and Manuscripts.
X.—FRAGMENTS OF OTHER LOST BOO
X.—Neptune.
X.—Probable Dates of His Works
X.—The Testament of Asher Conc
X.—Troubles of the Closing Yea
XC. To Lupicinus the Master.17
XCI. To the Prefect Eutrechius
XCII. To Anatolius the Patrici
XCIII. To Senator1805 the Patr
XCIV. To Protogenes1807The Præ
XCIX. To Claudianus the Antigr
XCV. To the Præfect Antiochus.
XCVI. To Nomus the Patrician.1
XCVII. To the Count Sporacius.
XCVIII. To Pancharius.
XI.
XI.
The Canonical Epistle of O
XI. That the nature of mind is
XI. To Flavianus Bishop of Con
XI.1098
XI.1863
XI.3302
XI.—Apollo the Soothsaying and
XI.—FRAGMENTS FOUND IN GREEK O
XI.—The Testament of Joseph Co
XII.
XII. An examination of the que
XII. To the Bishop Irenæus.162
XII.1099
XII.608
The Encyclical Letter 
XII.—(Probably for 340 a.d.) T
XII.—Father Liber—Bacchus.
XII.—The Testament of Benjamin
XIII.
XIII. A Rationale of sleep, of
XIII. To Cyrus.
XIII.1105
XIII.—The Unconquered One.
XIV.
XIV. That the mind is not in a
XIV. To Alexandra.
XIV.1111
XIV.—Sylvanus.
XIX.
XIX. To the Presbyter Basilius
XIX. To those who say that the
XIX.1134
XIX.—Of the Vain Nemesiaci.
XL.
XL. To Theodorus the Vicar.167
XL.—Again to the Same.
XLI.
XLI. To Claudianus.1679
XLI.—Of the Time of Antichrist
XLII.
XLII. To Constantius the Prefe
XLII.—Of the Hidden and Holy P
XLIII.
XLIII. To the Augusta Pulcheri
XLIII.—Of the End of This Age.
XLIV.
XLIV. To the Patrician1687Sena
XLIV.—Of the First Resurrectio
XLIX.
XLIX. To Damianus,1695Bishop o
XLIX.—To Penitents.
XLV.
XLV. To the Patrician Anatoliu
XLV.—Of the Day of Judgment.
XLVI.
XLVI. To the Learned Petrus.
XLVI.—To Catechumens.
XLVII.
XLVII. To Proclus,1693 Bishop 
XLVII.—To the Faithful.
XLVIII.
XLVIII. To Eustathius, Bishop 
XLVIII.—O Faithful, Beware of 
XV.
XV. That the soul proper, in f
XV. To Silvanus the Primate.16
XV.1112
XV.—Hercules.
XVI.
XVI. A contemplation of the Di
XVI. To Bishop Irenæus.1640
XVI.1114
XVI.—Of the Gods and Goddesses
XVII.
XVII. To the Deaconess Casiana
XVII. What we must answer to t
XVII.1116
XVII.—Of Their Images.
XVIII.
XVIII. That our irrational pas
XVIII. To Neoptolemus.
XVIII.1125
XVIII.—Of Ammydates and the Gr
XX.
XX. To the Presbyter Martyrius
XX. What was the life in Parad
XX.—The Titans.
XXI.
XXI. That the resurrection is 
XXI. To the Learned Eusebius.
XXI.—The Montesiani.
XXII.
XXII. To Count Ulpianus.
XXII. To those who say, “If th
XXII.—The Dulness of the Age.
XXIII.
XXIII. That he who confesses t
XXIII. To the Patrician Areobi
XXIII.—Of Those Who are Everyw
XXIV.
XXIV. An argument against thos
XXIV. To Andreas Bishop of Sam
XXIV.—Of Those Who Live Betwee
XXIX.
XXIX. An establishment of the 
XXIX. To Apellion.
XXIX.—To the Wicked and Unbeli
XXV.
XXV. Festal.
XXV. How one even of those who
XXV.—They Who Fear and Will No
XXVI.
XXVI. Festal.
XXVI. That the resurrection is
XXVI.—To Those Who Resist the 
XXVII.
XXVII. That it is possible, wh
XXVII. To Aquilinus, Deacon an
XXVII.—O Fool, Thou Dost Not D
XXVIII.
XXVIII. To Jacobus, Presbyter 
XXVIII. To those who say that 
XXVIII.—The Righteous Rise Aga
XXX.
XXX. A brief examination of th
XXX. To Aerius the Sophist.166
XXX.2198
XXX.—Rich Men, Be Humble.
XXXI.
XXXI. To Domnus Bishop of Anti
XXXI.—To Judges.
XXXII.
XXXII. To the Bishop Theoctist
XXXII.2201
XXXII.—To Self-Pleasers.
XXXIII.
XXXIII. To Stasimus, Count and
XXXIII.—To the Gentiles.
XXXIV.
XXXIV. To the Count Patricius.
XXXIV.—Moreover, to Ignorant G
XXXIX.
XXXIX. Festal.
XXXIX.—Also to the Jews.
XXXV.
XXXV. To the Bishop Irenæus.16
XXXV.—Of the Tree of Life and 
XXXVI.
XXXVI. To Pompianus, Bishop of
XXXVI.—Of the Foolishness of t
XXXVII.
XXXVII. To Salustius the Gover
XXXVII.—The Fanatics Who Judai
XXXVIII.
XXXVIII. Festal.
XXXVIII.—To the Jews.
You might also enjoy these cla
Zechariah
Zephaniah
anon XIII.
first instruction.
innocent, bishop, to presbyter
introduction by rev. w. r. w. 
letter from st. john chrysosto
on the holy martyr, s. babylas
second instruction.
to castus, valerius, diophantu
to innocent, bishop of rome, g
to my lady.
to olympias.
to the beloved brother john, i
§ 3. Literature.
§1. Introduction
§1. Letters to His Brother Cæs
§1. Preface.—It is useless to 
§1. The Life of Constantine.
§1. The eighth book very notab
§1. The eleventh book shows th
§1. The fifth book promises to
§1. The fourth book discusses 
§1. The ninth book declares th
§1. The second book declares t
§1. The seventh book shows fro
§1. The sixth book shows that 
§1. The tenth book discusses t
§1. This third book shows a th
§1. This twelfth book gives a 
§10. All his insulting epithet
§10. He explains the phrase “T
§11. After expounding the high
§11. The sophistry which he em
§12. He thus proceeds to a mag
§12. His charge of cowardice i
§13. He expounds the passage o
§13. Résumé of his dogmatic te
§14. He did wrong, when mentio
§14. He proceeds to discuss th
§15. He does wrong in making t
§15. Lastly he displays at len
§16. Examination of the meanin
§17. Discussion as to the exac
§18. He has no reason for dist
§19. His acknowledgment that t
§2. Gregory then makes an expl
§2. He also ingeniously shows 
§2. He convicts Eunomius of ha
§2. He then declares that the 
§2. He then discusses the “wil
§2. He then explains the phras
§2. He then ingeniously shows 
§2. He then once more excellen
§2. He then wonderfully displa
§2. Inherited Characteristics.
§2. Oration of Constantine.
§2. Oratorical Writings.
§2. Sources.
§2. The First Five Years of Re
§2. Then he again mentions S. 
§2. Then referring to the blas
§2. We have been justly provok
§20. He does wrong in assuming
§21. The blasphemy of these he
§22. He has no right to assert
§23. These doctrines of our Fa
§24. His elaborate account of 
§25. He who asserts that the F
§25. Marcellian illustration f
§26. It will not do to apply t
§27. He falsely imagines that 
§28. He falsely imagines that 
§29. He vainly thinks that the
§3. A remarkable and original 
§3. Gregory proceeds to discus
§3. He further proceeds notabl
§3. He further shows that the 
§3. He then again admirably di
§3. He then exposes the ignora
§3. He then gives a notable ex
§3. He then shows the eternity
§3. He then shows, from the in
§3. Letters and Edicts.
§3. Oration of Eusebius.
§3. Physical Characteristics.
§3. State of Affairs in 311.
§3. Then, thus passing over wh
§3. Thereafter he discusses th
§3. To Eusebius Bishop of Samo
§3. We see nothing remarkable 
§30. There is no Word of God t
§31. The observations made by 
§32. His dictum that ‘the mann
§33. He declares falsely that 
§34. The Passage where he atta
§35. Proof that the Anomoean t
§36. A passing repetition of t
§37. Defence of S. Basil’s sta
§38. Several ways of controver
§39. Answer to the question he
§4. After this he shows that t
§4. After this, fearing to ext
§4. Eunomius displays much fol
§4. He further shows the opera
§4. He next skilfully confutes
§4. He proceeds again to discu
§4. He says that all things th
§4. He shows the falsehood of 
§4. He then again charges Euno
§4. He thus shows the oneness 
§4. Laws.
§4. Mental Characteristics.
§4. Second Five Years.
§4. Then returning to the word
§4. Then, having shown that Eu
§40. His unsuccessful attempt 
§41. The thing that follows is
§42. Explanation of ‘Ungenerat
§5. 1005Eunomius again speaks 
§5. After much discourse conce
§5. He again shows Eunomius, c
§5. He discusses the incompreh
§5. He next marvellously overt
§5. His peculiar caricature of
§5. Moral Characteristics.
§5. Then, after showing that t
§5. Then, again discussing the
§5. Thereafter he shows that t
§5. Third Five Years.
§5. To Amphilochius the Younge
§5. Various.
§6. A notice of Aetius, Eunomi
§6. Fourth Five Years.
§6. He then exposes argument a
§6. He then shows the unity of
§6. Religious Characteristics.
§6. Thereafter he expounds the
§7. Eunomius himself proves th
§7. Fifth Five Years.
§7. General Characterization.
§7. Gregory further shows that
§7. He then clearly and skilfu
§7. Then he ends the book with
§7. To Theodore, Bishop of Tya
§8. Arians date the Son’s begi
§8. Facts show that the terms 
§8. He further very appositely
§8. He proceeds to show that t
§8. Sixth Five Years.
§8. Summary.
§9. Gregory again discusses th
§9. In charging Basil with not
§9. Last Years.
§9. Then, distinguishing betwe
§§11, 12. Marcellus and his di
§§13, 14. Such a doctrine prec
§§15–24. Since the Word is fro
§§1–5. The substantiality of t
§§26–36. That the Son is the C
§§6, 7. When the Word and Son 
§§9, 10. Unless Father and Son
ΤΟΥ ΑΓΙΟΥ ΒΑΧΙΛΕΙΟΥ ΠΕΡΙ ΤΟΥ Π
[38;5;244m - Completed in 1.796s[0m
[38;5;12m[1m [1.23][0m[0m
[?25l[0m[38;5;141m> [0mThe patristic data is a mess for OT - the [38;5;10mbook[0m column contains chapter titles from ANF/NPNF rather than biblical book names. Let me check more:[0m[0m
[?25l[0m[0mI will run the following command: [38;5;141msqlite3 ~/.kiro/mcp-servers/bible-tools/db/bible.db "
-- Check patristic for actual OT book names
SELECT book, COUNT(*) FROM patristic WHERE book IN ('Genesis','Gen','Exodus','Exod','Psalms','Ps','Isaiah','Isa','Daniel','Dan','Proverbs','Prov') GROUP BY book;
"[0m[38;5;244m (using tool: shell)[0m

Daniel|1389
Exodus|2253
Genesis|9266
Isaiah|5206
Proverbs|1363
Psalms|21625
[38;5;244m - Completed in 1.346s[0m
[38;5;12m[1m [1.24][0m[0m
[?25l[0m[?25l[0m[0mI will run the following command: [38;5;141msqlite3 ~/.kiro/mcp-servers/bible-tools/db/bible.db "
-- Sample WLC morph codes
SELECT morph_code, COUNT(*) FROM morphology WHERE version='WLC' GROUP BY morph_code ORDER BY COUNT(*) DESC LIMIT 15;
"[0m[38;5;244m (using tool: shell)[0m

HNp|26315
HNcmsc|11429
HR|10723
HNcmsa|10230
HTd/Ncmsa|7541
HC/Vqw3ms|7065
HTo|7054
HC|5769
HTr|4824
HTn|4335
HNcmpc|4155
HNcfsa|4060
HR/Ncmsc|3989
HVqp3ms|3898
HNcmpa|3832
[38;5;244m - Completed in 1.559s[0m
[38;5;12m[1m [1.25][0m[0m
[?25l[0m[?25l[0m[0mI will run the following command: [38;5;141msqlite3 ~/.kiro/mcp-servers/bible-tools/db/bible.db "
-- Sample LXX morph codes
SELECT morph_code, COUNT(*) FROM morphology WHERE version='LXX' GROUP BY morph_code ORDER BY COUNT(*) DESC LIMIT 15;
"[0m[38;5;244m (using tool: shell)[0m

C|74149
P|54907
N.NSM|23671
D|21103
N.GSM|20313
V.AAI3S|16660
N.ASF|14179
N.ASM|13719
N.GSF|12483
RP.GS|11506
RD.GSM|9191
X|8718
RA.NSM|8552
N.NSF|8037
N.ASN|7673
[38;5;244m - Completed in 1.630s[0m
[38;5;12m[1m [1.26][0m[0m
[?25l[0m[?25l[0m[0mI will run the following command: [38;5;141mprintf '%s|Analyzing morph codes\n' "$(date +%H:%M:%S)" >> /Users/murivirg/work/github/bible-expert/investigation/cdd60333/c4-docs/nodes[0m[38;5;244m (using tool: shell)[0m

[38;5;244m - Completed in 1.388s[0m
[38;5;12m[1m [1.27][0m[0m
[?25l[0m[?25l[0m[0mI will run the following command: [38;5;141mecho '{"from":"c4-docs","finding":"WLC morph codes are OSHM format (HNcmsa, HVqp3ms etc), LXX codes are dot-separated (N.NSM, V.AAI3S), neither matches RMAC (V-AAI-3S). explainEnding and verbTenseEs will silently fail for both."}' >> /Users/murivirg/work/github/bible-expert/investigation/cdd60333/shared_findings.jsonl[0m[38;5;244m (using tool: shell)[0m

[38;5;244m - Completed in 1.596s[0m
[38;5;12m[1m [1.28][0m[0m
[?25l[0m[38;5;141m> [0mNow let me check the [38;5;10mcandidates[0m list handling and how OT book names are mapped:[0m[0m
[?25l[0m[0mSearching for: [38;5;141mcandidates[0m in [38;5;141m/Users/murivirg/work/github/bible-expert/server.py[0m[38;5;244m (using tool: grep)[0m
[38;5;10m ✓ [0mSuccessfully found [38;5;244m11 matches[0m in [38;5;244m1 files[0m under /Users/murivirg/work/github/bible-expert/server.py
[38;5;244m - Completed in 1.726s[0m
[38;5;12m[1m [1.29][0m[0m
[?25l[0m[?25l[0m[0mSearching for symbols matching: [38;5;141m"get_all_db_names"[0m in [38;5;244m/Users/murivirg/work/github/bible-expert[0m[38;5;244m (using tool: code)[0m
⠋ Loading...⠙ Loading...[2K[1G[1A[?25l
  1. [38;5;12mFunction[0m [38;5;141mget_all_db_names[0m at [38;5;141mbooks.py[0m:[38;5;244m124:1
[0m  2. [38;5;12mFunction[0m [38;5;141mget_db[0m at [38;5;141mserver.py[0m:[38;5;244m27:1
[0m  3. [38;5;12mFunction[0m [38;5;141mget_db[0m at [38;5;141mingest/ingest_patristic_sources.py[0m:[38;5;244m20:1
[0m  4. [38;5;12mFunction[0m [38;5;141mget_db[0m at [38;5;141mingest/ingest_external.py[0m:[38;5;244m11:1
[0m  5. [38;5;12mFunction[0m [38;5;141mget_unmatched_lemmas[0m at [38;5;141mingest/generate_lemma_glosses.py[0m:[38;5;244m13:1
[0m[38;5;244m - Completed in 1.365s[0m
[38;5;12m[1m [1.30][0m[0m
[?25l[0m[?25l[0m[0mLooking up symbols: ["[38;5;141mget_all_db_names[0m"][0m in [38;5;244m/Users/murivirg/work/github/bible-expert/books.py[0m[38;5;244m (using tool: code)[0m
⠋ Loading...⠙ Loading...[2K[1G[1A[?25l
Found [38;5;141m1[0m of [38;5;141m1[0m symbols:
  1. [38;5;12mFunction[0m [38;5;141mget_all_db_names[0m at [38;5;141mbooks.py[0m:[38;5;244m124:1
[0m[38;5;244m - Completed in 1.432s[0m
[38;5;12m[1m [1.31][0m[0m
[?25l[0m[?25l[0m[0mReading file: [38;5;141m/Users/murivirg/work/github/bible-expert/books.py[0m, from line [38;5;141m1[0m to [38;5;141m125[0m[38;5;244m (using tool: read)[0m
[38;5;10m ✓ [0mSuccessfully read [38;5;244m11041 bytes[0m from /Users/murivirg/work/github/bible-expert/books.py
[38;5;244m - Completed in 1.250s[0m
[38;5;12m[1m [1.32][0m[0m
[?25l[0m[38;5;141m> [0mNow let me check the unified_html_generator's HTML template for how it handles morphology:[0m[0m
[?25l[0m[0mReading file: [38;5;141m/Users/murivirg/work/github/bible-expert/unified_html_generator.py[0m, from line [38;5;141m620[0m to end of file[38;5;244m (using tool: read)[0m
[38;5;10m ✓ [0mSuccessfully read [38;5;244m18221 bytes[0m from /Users/murivirg/work/github/bible-expert/unified_html_generator.py
[38;5;244m - Completed in 1.246s[0m
[38;5;12m[1m [1.33][0m[0m
[?25l[0m[?25l[0m[0mI will run the following command: [38;5;141mprintf '%s|Checking OT vs NT gaps\n' "$(date +%H:%M:%S)" >> /Users/murivirg/work/github/bible-expert/investigation/cdd60333/c4-docs/nodes[0m[38;5;244m (using tool: shell)[0m

[38;5;244m - Completed in 1.364s[0m
[38;5;12m[1m [1.34][0m[0m
[?25l[0m[?25l[0m[0mI will run the following command: [38;5;141mecho '{"from":"c4-docs","finding":"Patristic table has OT data (Psalms=21625, Genesis=9266, Isaiah=5206) under full names. commentaries table is NT-only (27 NT books, 0 OT). This means OT chapters get NO exegetical section in unified view."}' >> /Users/murivirg/work/github/bible-expert/investigation/cdd60333/shared_findings.jsonl[0m[38;5;244m (using tool: shell)[0m

[38;5;244m - Completed in 1.388s[0m
[38;5;12m[1m [1.35][0m[0m
[?25l[0m[38;5;141m> [0mNow let me check if the [38;5;10mopenWordStudy[0m function works for Hebrew Strong's numbers and how the external links handle H numbers:[0m[0m
[?25l[0m[0mI will run the following command: [38;5;141msqlite3 ~/.kiro/mcp-servers/bible-tools/db/bible.db "
-- Sample WLC morphology data with Strong's
SELECT word, lemma, morph_code, gloss, strongs FROM morphology WHERE version='WLC' AND book='Gen' AND chapter=1 LIMIT 10;
"[0m[38;5;244m (using tool: shell)[0m

בְּ/רֵאשִׁ֖ית|H7225|HR/Ncfsa||H7225
בָּרָ֣א|H1254|HVqp3ms||H1254
אֱלֹהִ֑ים|H430|HNcmpa||H430
אֵ֥ת|H853|HTo||H853
הַ/שָּׁמַ֖יִם|H8064|HTd/Ncmpa||H8064
וְ/אֵ֥ת|H853|HC/To||H853
הָ/אָֽרֶץ|H776|HTd/Ncbsa||H776
וְ/הָ/אָ֗רֶץ|H776|HC/Td/Ncbsa||H776
הָיְתָ֥ה|H1961|HVqp3fs||H1961
תֹ֨הוּ֙|H8414|HNcmsa||H8414
[38;5;244m - Completed in 1.232s[0m
[38;5;12m[1m [1.36][0m[0m
[?25l[0m[?25l[0m[0mI will run the following command: [38;5;141msqlite3 ~/.kiro/mcp-servers/bible-tools/db/bible.db "
-- Check Hebrew lexicon entries 
SELECT strongs, lemma, gloss FROM lexicon WHERE strongs LIKE 'H%' LIMIT 5;
"[0m[38;5;244m (using tool: shell)[0m

H1|אָב|chief, (fore-) father(-less), [idiom] patrimony, principal. Compare names in 'Abi-'.
H2|אַב|father.
H3|אֵב|greenness, fruit.
H4|אֵב|fruit.
H5|אֲבַגְתָא|Abagtha.
[38;5;244m - Completed in 1.375s[0m
[38;5;12m[1m [1.37][0m[0m
[?25l[0m[?25l[0m[0mI will run the following command: [38;5;141msqlite3 ~/.kiro/mcp-servers/bible-tools/db/bible.db "
-- Check WLC vs verses word count mismatches (books where morphology has words but no matching verse text)
SELECT m.book, m.chapter, COUNT(DISTINCT m.verse_num) as morph_verses,
  (SELECT COUNT(*) FROM verses v WHERE v.book=m.book AND v.chapter=m.chapter AND v.version='WLC') as wlc_verses
FROM morphology m WHERE m.version='WLC' 
GROUP BY m.book, m.chapter 
HAVING morph_verses > wlc_verses
LIMIT 10;
"[0m[38;5;244m (using tool: shell)[0m

[38;5;244m - Completed in 1.551s[0m
[38;5;12m[1m [1.38][0m[0m
[?25l[0m[?25l[0m[0mI will run the following command: [38;5;141msqlite3 ~/.kiro/mcp-servers/bible-tools/db/bible.db "
-- Reverse: verses exist but no morphology words
SELECT v.book, v.chapter, COUNT(*) as verses, 
  (SELECT COUNT(DISTINCT verse_num) FROM morphology m WHERE m.book=v.book AND m.chapter=v.chapter AND m.version='WLC') as morph_verses
FROM verses v WHERE v.version='WLC'
GROUP BY v.book, v.chapter
HAVING morph_verses < verses
LIMIT 15;
"[0m[38;5;244m (using tool: shell)[0m

[38;5;244m - Completed in 1.346s[0m
[38;5;12m[1m [1.39][0m[0m
[?25l[0m[38;5;141m> [0mGood — WLC morphology and verses are in sync. Now let me check for patristic name matching with candidates:[0m[0m
[?25l[0m[0mI will run the following command: [38;5;141msqlite3 ~/.kiro/mcp-servers/bible-tools/db/bible.db "
-- Patristic uses what book name format?
SELECT DISTINCT book FROM patristic WHERE book LIKE 'Gen%' OR book LIKE 'Ps%' OR book LIKE 'Isa%' OR book LIKE '1 Sam%' ORDER BY book;
"[0m[38;5;244m (using tool: shell)[0m

1 Sam
1 Samuel
GENERAL INDEX TO SOZOMEN'S ECC
GENERAL INDEXES.
GENERAL NOTE BY THE AMERICAN E
GENERAL NOTE.
GENERAL NOTES BY THE AMERICAN 
GENERAL NOTICE
General Introduction.
General Literature
of
Gregory’
General Note.
Genesis
Isaiah
Isaiah.
Psalm
Psalm C.4537
Psalm CI.4559
Psalm CII.4575
Psalm CIII.4648
Psalm CIV.4693
Psalm CIX.4915
Psalm CL.6005
Psalm CV.4777
Psalm CVI.4814
Psalm CVII.4871
Psalm CVIII.4896
Psalm CX.4955
Psalm CXI.4982
Psalm CXII.5006
Psalm CXIII.5030
Psalm CXIV.5037
Psalm CXIX.5128
Psalm CXL.5743
Psalm CXLI.5763
Psalm CXLII.5791
Psalm CXLIII.5811
Psalm CXLIV.5838
Psalm CXLIX.5975
Psalm CXLV.5861
Psalm CXLVI.5884
Psalm CXLVII.5901
Psalm CXLVIII.5963
Psalm CXV.5057
Psalm CXVI.5076
Psalm CXVII.5098
Psalm CXVIII.5100
Psalm CXX.5393
Psalm CXXI.5406
Psalm CXXII.5423
Psalm CXXIII.5448
Psalm CXXIV.5460
Psalm CXXIX.5546
Psalm CXXV.5472
Psalm CXXVI.5492
Psalm CXXVII.5513
Psalm CXXVIII.5533
Psalm CXXX. (CXXXI.).
Psalm CXXX.5566
Psalm CXXXI.5575
Psalm CXXXII.5585
Psalm CXXXIII.5627
Psalm CXXXIV.5645
Psalm CXXXIX.5718
Psalm CXXXV.5649
Psalm CXXXVI.5670
Psalm CXXXVII.5696
Psalm CXXXVIII.5700
Psalm I.
Psalm II.
Psalm III.35
Psalm IV.
Psalm IX.
Psalm L.1675
Psalm LI.1803
Psalm LII.1882
Psalm LIII. (LIV.).
Psalm LIII.1925
Psalm LIV.1947
Psalm LIX.2217
The First Part.
Psalm LV.1976
Psalm LVI.2074
Psalm LVII.2123
Psalm LVIII.2162
Psalm LX.2281
Psalm LXI.2336
Psalm LXII.2358
Psalm LXIII.2459
Psalm LXIV.2489
Psalm LXIX.2896
Psalm LXV.2533
Psalm LXVI.2581
Psalm LXVII.2645
Psalm LXVIII.2684
Psalm LXX.3027
Psalm LXXI.3072
Psalm LXXII.3168
Psalm LXXIII.3250
Psalm LXXIV.3306
Psalm LXXIX.3667
Psalm LXXV.3391
Psalm LXXVI.3432
Psalm LXXVII.3483
Psalm LXXVIII.3520
Psalm LXXX.3741
Psalm LXXXI.3778
Psalm LXXXII.3829
Psalm LXXXIII.3847
Psalm LXXXIV.3874
Psalm LXXXIX.4129
Psalm LXXXV.3914
Psalm LXXXVI.3940
Psalm LXXXVII.4029
Psalm V.
Psalm VI.
Psalm VII.
Psalm VIII.
Psalm X.382
Psalm XC.4232
Psalm XCI.4290
Psalm XCII.4327
Psalm XCIII.4340
Psalm XCIV.4358
Psalm XCIX.4507
Psalm XCV.4392
Psalm XCVI.4413
Psalm XCVII.4453
Psalm XCVIII.4494
Psalm XI.409
Psalm XII.458
Psalm XII.478
Psalm XIV.483
Psalm XIX.550
Psalm XL.1087
Psalm XLI.1176
Psalm XLII.1221
Psalm XLIII.1276
Psalm XLIV.1315
Psalm XLIX.1606
Psalm XLV.1363
Psalm XLVI.1472
Psalm XLVII.1512
Psalm XLVIII.1554
Psalm XV.496
Psalm XVI.504
Psalm XVII.513
Psalm XVIII.522
Psalm XX.567
Psalm XXI.584
Psalm XXII.594
Psalm XXIII.615
Psalm XXIV.620
Psalm XXIX.663
Psalm XXV.633
Psalm XXVI.642
Psalm XXVII.649
Psalm XXVIII.655
Psalm XXX.677
Psalm XXXI.682
Psalm XXXII.691
Psalm XXXIII.695
Psalm XXXIV.701
Psalm XXXIX.1018
Psalm XXXV.741
Psalm XXXVI.810
Psalm XXXVII.848
Psalm XXXVIII.944
Psalms
Psalms.
Pseud-Irenæus.
[38;5;244m - Completed in 1.620s[0m
[38;5;12m[1m [1.40][0m[0m
[?25l[0m[?25l[0m[0mI will run the following command: [38;5;141msqlite3 ~/.kiro/mcp-servers/bible-tools/db/bible.db "
-- Check actual verse-level patristic for Genesis
SELECT DISTINCT chapter FROM patristic WHERE book='Genesis' ORDER BY chapter LIMIT 20;
"[0m[38;5;244m (using tool: shell)[0m

0
1
2
3
4
5
6
7
8
9
10
11
12
13
14
15
16
17
18
19
[38;5;244m - Completed in 1.366s[0m
[38;5;12m[1m [1.41][0m[0m
[?25l[0m[?25l[0m[0mI will run the following command: [38;5;141msqlite3 ~/.kiro/mcp-servers/bible-tools/db/bible.db "
-- Check actual verse-level patristic for Psalms
SELECT DISTINCT chapter FROM patristic WHERE book='Psalms' ORDER BY chapter LIMIT 30;
"[0m[38;5;244m (using tool: shell)[0m

0
1
2
3
4
5
6
7
8
9
10
11
12
13
14
15
16
17
18
19
20
21
22
23
24
25
26
27
28
29
[38;5;244m - Completed in 1.368s[0m
[38;5;12m[1m [1.42][0m[0m
[?25l[0m[38;5;141m> [0mGood, patristic works for OT. Now let me check if the [38;5;10mcandidates[0m list includes "Psalms" alias "Ps" correctly (the WLC morphology uses "Ps"):[0m[0m
[?25l[0m[0mI will run the following command: [38;5;141msqlite3 ~/.kiro/mcp-servers/bible-tools/db/bible.db "
-- Check what book names are used in morphology vs verses vs patristic for Psalms
SELECT 'morphology' as tbl, DISTINCT book FROM morphology WHERE book LIKE '%salm%' OR book='Ps'
UNION ALL
SELECT 'verses' as tbl, DISTINCT book FROM verses WHERE book LIKE '%salm%' OR book='Ps'
UNION ALL 
SELECT 'patristic' as tbl, DISTINCT book FROM patristic WHERE book LIKE '%salm%' OR book='Ps';
" 2>&1 | head -20[0m[38;5;244m (using tool: shell)[0m

Error: in prepare, near "DISTINCT": syntax error
   patristic for Psalms SELECT 'morphology' as tbl, DISTINCT book FROM morpholog
                                      error here ---^
[38;5;244m - Completed in 1.415s[0m
[38;5;12m[1m [1.43][0m[0m
[?25l[0m[?25l[0m[0mI will run the following command: [38;5;141msqlite3 ~/.kiro/mcp-servers/bible-tools/db/bible.db "
SELECT 'morphology' as tbl, book FROM (SELECT DISTINCT book FROM morphology WHERE book LIKE '%salm%' OR book='Ps')
UNION ALL
SELECT 'verses', book FROM (SELECT DISTINCT book FROM verses WHERE book LIKE '%salm%' OR book='Ps')
UNION ALL 
SELECT 'patristic', book FROM (SELECT DISTINCT book FROM patristic WHERE book='Psalms' OR book='Ps');
"[0m[38;5;244m (using tool: shell)[0m

morphology|Ps
verses|Additional Psalm
verses|Ps
verses|Psalms
patristic|Psalms
[38;5;244m - Completed in 1.570s[0m
[38;5;12m[1m [1.44][0m[0m
[?25l[0m[?25l[0m[0mI will run the following command: [38;5;141mecho '{"from":"c4-docs","finding":"Book name mismatch: morphology uses Ps, patristic uses Psalms, verses has both Ps and Psalms. candidates list from get_all_db_names includes both so queries work. BUT openWordStudy external links hardcode greek URL patterns (biblehub greek, perseus greek) - fail for Hebrew H-numbers."}' >> /Users/murivirg/work/github/bible-expert/investigation/cdd60333/shared_findings.jsonl[0m[38;5;244m (using tool: shell)[0m

[38;5;244m - Completed in 1.374s[0m
[38;5;12m[1m [1.45][0m[0m
[?25l[0m[38;5;141m> [0mNow let me check directives again and then write the final findings:[0m[0m
[?25l[0m[0mI will run the following command: [38;5;141mcat /Users/murivirg/work/github/bible-expert/investigation/cdd60333/directives.jsonl 2>/dev/null[0m[38;5;244m (using tool: shell)[0m

{"from":"head","to":"all","directive":"Focus investigation: (1) unified_html_generator.py gaps vs study_html_generator.py for OT, (2) renderMorph/explainEnding JS functions for Hebrew OSHM codes vs RMAC, (3) LXX morphology code format mismatches, (4) openWordStudy Hebrew Strong's H-number links, (5) DB word count consistency for WLC. Report findings with file:line references."}
[38;5;244m - Completed in 1.444s[0m
[38;5;12m[1m [1.46][0m[0m
[?25l[0m[?25l[0m[0mI will run the following command: [38;5;141mprintf '%s|Writing findings\n' "$(date +%H:%M:%S)" >> /Users/murivirg/work/github/bible-expert/investigation/cdd60333/c4-docs/nodes[0m[38;5;244m (using tool: shell)[0m

[38;5;244m - Completed in 1.500s[0m
[38;5;12m[1m [1.47][0m[0m
[?25l[0m[?25l[0m[0mI'll create the following file: [38;5;141m/Users/murivirg/work/github/bible-expert/investigation/cdd60333/c4-docs/findings.md[0m[38;5;244m (using tool: write)[0m

[48;2;40;67;43m[39m+      1[0m:[39m[48;2;24;38;30m [38;2;143;161;179m#[38;2;192;197;206m [38;2;143;161;179mInvestigation Findings: OT Quality [38;2;143;161;179m&[38;2;143;161;179m Unified HTML Generator[K
[0m[48;2;40;67;43m[39m+      2[0m:[39m[48;2;24;38;30m [K
[0m[48;2;40;67;43m[39m+      3[0m:[39m[48;2;24;38;30m [38;2;143;161;179m##[38;2;192;197;206m [38;2;143;161;179m1. unified_html_generator.py vs study_html_generator.py — Feature Gaps[K
[0m[48;2;40;67;43m[39m+      4[0m:[39m[48;2;24;38;30m [K
[0m[48;2;40;67;43m[39m+      5[0m:[39m[48;2;24;38;30m [38;2;143;161;179m###[38;2;192;197;206m [38;2;143;161;179mWhat unified_html uses:[K
[0m[48;2;40;67;43m[39m+      6[0m:[39m[48;2;24;38;30m [38;2;191;97;106m-[38;2;191;97;106m [38;2;163;190;140m`[38;2;163;190;140mchapter_data["morphology"][38;2;163;190;140m`[38;2;191;97;106m — renders Greek line via JS ([38;2;163;190;140m`[38;2;163;190;140m_build_unified_body[38;2;163;190;140m`[38;2;191;97;106m line 760-770)[K
[0m[48;2;40;67;43m[39m+      7[0m:[39m[48;2;24;38;30m [38;2;191;97;106m-[38;2;191;97;106m [38;2;163;190;140m`[38;2;163;190;140mchapter_data["patristic"][38;2;163;190;140m`[38;2;191;97;106m, [38;2;163;190;140m`[38;2;163;190;140mchapter_data["apparatus"][38;2;163;190;140m`[38;2;191;97;106m, [38;2;163;190;140m`[38;2;163;190;140mchapter_data["greek_commentaries"][38;2;163;190;140m`[K
[0m[48;2;40;67;43m[39m+      8[0m:[39m[48;2;24;38;30m [38;2;191;97;106m-[38;2;191;97;106m [38;2;163;190;140m`[38;2;163;190;140mchapter_data["spanish"][38;2;163;190;140m`[38;2;191;97;106m, [38;2;163;190;140m`[38;2;163;190;140mchapter_data["translations"][38;2;163;190;140m`[38;2;191;97;106m, [38;2;163;190;140m`[38;2;163;190;140mchapter_data["xrefs"][38;2;163;190;140m`[K
[0m[48;2;40;67;43m[39m+      9[0m:[39m[48;2;24;38;30m [K
[0m[48;2;40;67;43m[39m+     10[0m:[39m[48;2;24;38;30m [38;2;143;161;179m###[38;2;192;197;206m [38;2;143;161;179mWhat unified_html does NOT use:[K
[0m[48;2;40;67;43m[39m+     11[0m:[39m[48;2;24;38;30m [38;2;191;97;106m-[38;2;191;97;106m [38;2;235;203;139m**[38;2;163;190;140m`[38;2;163;190;140mlxx_morphology[38;2;163;190;140m`[38;2;235;203;139m**[38;2;191;97;106m — key completely absent from unified_html_generator.py[K
[0m[48;2;40;67;43m[39m+     12[0m:[39m[48;2;24;38;30m [38;2;191;97;106m-[38;2;191;97;106m [38;2;235;203;139m**[38;2;163;190;140m`[38;2;163;190;140mlxx_spanish[38;2;163;190;140m`[38;2;235;203;139m**[38;2;191;97;106m — LXX literal translation not shown[K
[0m[48;2;40;67;43m[39m+     13[0m:[39m[48;2;24;38;30m [38;2;191;97;106m-[38;2;191;97;106m [38;2;235;203;139m**[38;2;163;190;140m`[38;2;163;190;140mparallel["WLC"][38;2;163;190;140m`[38;2;235;203;139m**[38;2;191;97;106m — Hebrew text line not rendered[K
[0m[48;2;40;67;43m[39m+     14[0m:[39m[48;2;24;38;30m [38;2;191;97;106m-[38;2;191;97;106m [38;2;235;203;139m**[38;2;163;190;140m`[38;2;163;190;140mparallel["LXX"][38;2;163;190;140m`[38;2;235;203;139m**[38;2;191;97;106m — LXX text line not rendered[K
[0m[48;2;40;67;43m[39m+     15[0m:[39m[48;2;24;38;30m [38;2;191;97;106m-[38;2;191;97;106m [38;2;235;203;139m**[38;2;163;190;140m`[38;2;163;190;140mcompounds[38;2;163;190;140m`[38;2;235;203;139m**[38;2;191;97;106m — word decomposition data ignored[K
[0m[48;2;40;67;43m[39m+     16[0m:[39m[48;2;24;38;30m [38;2;191;97;106m-[38;2;191;97;106m [38;2;235;203;139m**[38;2;163;190;140m`[38;2;163;190;140mrmac[38;2;163;190;140m`[38;2;235;203;139m**[38;2;191;97;106m — RMAC code descriptions not loaded[K
[0m[48;2;40;67;43m[39m+     17[0m:[39m[48;2;24;38;30m [K
[0m[48;2;40;67;43m[39m+     18[0m:[39m[48;2;24;38;30m [38;2;143;161;179m###[38;2;192;197;206m [38;2;143;161;179mKey difference:[K
[0m[48;2;40;67;43m[39m+     19[0m:[39m[48;2;24;38;30m [38;2;191;97;106m-[38;2;191;97;106m [38;2;163;190;140m`[38;2;163;190;140mstudy_html_generator.py[38;2;163;190;140m`[38;2;191;97;106m (line ~843-860): Renders WLC Hebrew line, LXX line with interactive morphology hover, and LXX-ES translation for OT chapters[K
[0m[48;2;40;67;43m[39m+     20[0m:[39m[48;2;24;38;30m [38;2;191;97;106m-[38;2;191;97;106m [38;2;163;190;140m`[38;2;163;190;140munified_html_generator.py[38;2;163;190;140m`[38;2;191;97;106m (line ~760): Only renders one "Greek line" using [38;2;163;190;140m`[38;2;163;190;140mD.morphology[38;2;163;190;140m`[38;2;191;97;106m — for OT this ends up being WLC Hebrew data rendered in a Greek-styled div[K
[0m[48;2;40;67;43m[39m+     21[0m:[39m[48;2;24;38;30m [K
[0m[48;2;40;67;43m[39m+     22[0m:[39m[48;2;24;38;30m [38;2;143;161;179m###[38;2;192;197;206m [38;2;143;161;179mVerdict:[K
[0m[48;2;40;67;43m[39m+     23[0m:[39m[48;2;24;38;30m [38;2;192;197;206mFor OT, the unified analysis shows Hebrew morphology words (from WLC fallback in [38;2;163;190;140m`[38;2;163;190;140mgather_chapter_data[38;2;163;190;140m`[38;2;192;197;206m line 96) but treats them as if they were Greek — no separate Hebrew/LXX lines, no LXX translation.[K
[0m[48;2;40;67;43m[39m+     24[0m:[39m[48;2;24;38;30m [K
[0m[48;2;40;67;43m[39m+     25[0m:[39m[48;2;24;38;30m [38;2;192;197;206m---[K
[0m[48;2;40;67;43m[39m+     26[0m:[39m[48;2;24;38;30m [K
[0m[48;2;40;67;43m[39m+     27[0m:[39m[48;2;24;38;30m [38;2;143;161;179m##[38;2;192;197;206m [38;2;143;161;179m2. study.html JS Template Bugs with OT Data[K
[0m[48;2;40;67;43m[39m+     28[0m:[39m[48;2;24;38;30m [K
[0m[48;2;40;67;43m[39m+     29[0m:[39m[48;2;24;38;30m [38;2;143;161;179m###[38;2;192;197;206m [38;2;143;161;179mBug A: [38;2;163;190;140m`[38;2;163;190;140mrenderMorph[38;2;163;190;140m`[38;2;143;161;179m called with WLC data (line ~1067-1073)[K
[0m[48;2;40;67;43m[39m+     30[0m:[39m[48;2;24;38;30m [38;2;192;197;206m```[38;2;208;135;112mjavascript[K
[0m[48;2;40;67;43m[39m+     31[0m:[39m[48;2;24;38;30m [38;2;192;197;206mfunction renderMorph(vnum, fallbackText) {[K
[0m[48;2;40;67;43m[39m+     32[0m:[39m[48;2;24;38;30m [38;2;192;197;206m  const words = D.morphology[vnum];  // For OT: these are WLC Hebrew words[K
[0m[48;2;40;67;43m[39m+     33[0m:[39m[48;2;24;38;30m [38;2;192;197;206m  ...[K
[0m[48;2;40;67;43m[39m+     34[0m:[39m[48;2;24;38;30m [38;2;192;197;206m}[K
[0m[48;2;40;67;43m[39m+     35[0m:[39m[48;2;24;38;30m [38;2;192;197;206m```[K
[0m[48;2;40;67;43m[39m+     36[0m:[39m[48;2;24;38;30m [38;2;192;197;206mFor OT, [38;2;163;190;140m`[38;2;163;190;140mD.morphology[38;2;163;190;140m`[38;2;192;197;206m contains WLC Hebrew words (because of the fallback at [38;2;163;190;140m`[38;2;163;190;140mgather_chapter_data[38;2;163;190;140m`[38;2;192;197;206m line 96). The hover tooltip shows the word correctly (just shows [38;2;163;190;140m`[38;2;163;190;140mw.g[38;2;163;190;140m`[38;2;192;197;206m gloss), but:[K
[0m[48;2;40;67;43m[39m+     37[0m:[39m[48;2;24;38;30m [K
[0m[48;2;40;67;43m[39m+     38[0m:[39m[48;2;24;38;30m [38;2;143;161;179m###[38;2;192;197;206m [38;2;143;161;179mBug B: [38;2;163;190;140m`[38;2;163;190;140mexplainEnding[38;2;163;190;140m`[38;2;143;161;179m fails silently for Hebrew codes (line ~968)[K
[0m[48;2;40;67;43m[39m+     39[0m:[39m[48;2;24;38;30m [38;2;192;197;206mThe [38;2;163;190;140m`[38;2;163;190;140mexplainEnding[38;2;163;190;140m`[38;2;192;197;206m function checks [38;2;163;190;140m`[38;2;163;190;140mrmac.startsWith('V-')[38;2;163;190;140m`[38;2;192;197;206m, [38;2;163;190;140m`[38;2;163;190;140mrmac.startsWith('N-')[38;2;163;190;140m`[38;2;192;197;206m, etc. — all RMAC patterns.[K
[0m[48;2;40;67;43m[39m+     40[0m:[39m[48;2;24;38;30m [K
[0m[48;2;40;67;43m[39m+     41[0m:[39m[48;2;24;38;30m [38;2;235;203;139m**[38;2;235;203;139mWLC codes[38;2;235;203;139m**[38;2;192;197;206m look like: [38;2;163;190;140m`[38;2;163;190;140mHVqp3ms[38;2;163;190;140m`[38;2;192;197;206m, [38;2;163;190;140m`[38;2;163;190;140mHNcmsa[38;2;163;190;140m`[38;2;192;197;206m, [38;2;163;190;140m`[38;2;163;190;140mHR/Ncfsa[38;2;163;190;140m`[38;2;192;197;206m, [38;2;163;190;140m`[38;2;163;190;140mHC/Vqw3ms[38;2;163;190;140m`[38;2;192;197;206m, [38;2;163;190;140m`[38;2;163;190;140mHTd/Ncmpa[38;2;163;190;140m`[K
[0m[48;2;40;67;43m[39m+     42[0m:[39m[48;2;24;38;30m [38;2;191;97;106m-[38;2;191;97;106m [38;2;191;97;106mThey start with [38;2;163;190;140m`[38;2;163;190;140mH[38;2;163;190;140m`[38;2;191;97;106m (Hebrew), NOT [38;2;163;190;140m`[38;2;163;190;140mV-[38;2;163;190;140m`[38;2;191;97;106m or [38;2;163;190;140m`[38;2;163;190;140mN-[38;2;163;190;140m`[K
[0m[48;2;40;67;43m[39m+     43[0m:[39m[48;2;24;38;30m [38;2;191;97;106m-[38;2;191;97;106m They use entirely different notation (OSHM = OpenScriptures Hebrew Morphology)[K
[0m[48;2;40;67;43m[39m+     44[0m:[39m[48;2;24;38;30m [38;2;191;97;106m-[38;2;191;97;106m Result: [38;2;163;190;140m`[38;2;163;190;140mexplainEnding[38;2;163;190;140m`[38;2;191;97;106m hits the final fallback at line ~1059: [38;2;163;190;140m`[38;2;163;190;140mif (form !== lemma) return 'Forma flexionada de...'[38;2;163;190;140m`[K
[0m[48;2;40;67;43m[39m+     45[0m:[39m[48;2;24;38;30m [38;2;191;97;106m-[38;2;191;97;106m [38;2;235;203;139m**[38;2;235;203;139mImpact[38;2;235;203;139m**[38;2;191;97;106m: No educational morphology breakdown shown for Hebrew words[K
[0m[48;2;40;67;43m[39m+     46[0m:[39m[48;2;24;38;30m [K
[0m[48;2;40;67;43m[39m+     47[0m:[39m[48;2;24;38;30m [38;2;143;161;179m###[38;2;192;197;206m [38;2;143;161;179mBug C: [38;2;163;190;140m`[38;2;163;190;140mverbTenseEs[38;2;163;190;140m`[38;2;143;161;179m fails silently for Hebrew codes (line ~860)[K
[0m[48;2;40;67;43m[39m+     48[0m:[39m[48;2;24;38;30m [38;2;192;197;206m```[38;2;208;135;112mjavascript[K
[0m[48;2;40;67;43m[39m+     49[0m:[39m[48;2;24;38;30m [38;2;192;197;206mfunction verbTenseEs(rmac) {[K
[0m[48;2;40;67;43m[39m+     50[0m:[39m[48;2;24;38;30m [38;2;192;197;206m  if (!rmac || !rmac.startsWith('V-')) return '';  // Hebrew codes: 'HVqp3ms' → empty[K
[0m[48;2;40;67;43m[39m+     51[0m:[39m[48;2;24;38;30m [38;2;192;197;206m```[K
[0m[48;2;40;67;43m[39m+     52[0m:[39m[48;2;24;38;30m [38;2;235;203;139m**[38;2;235;203;139mImpact[38;2;235;203;139m**[38;2;192;197;206m: No verb tense explanation for Hebrew words[K
[0m[48;2;40;67;43m[39m+     53[0m:[39m[48;2;24;38;30m [K
[0m[48;2;40;67;43m[39m+     54[0m:[39m[48;2;24;38;30m [38;2;143;161;179m###[38;2;192;197;206m [38;2;143;161;179mBug D: [38;2;163;190;140m`[38;2;163;190;140mcontextualMeaning[38;2;163;190;140m`[38;2;143;161;179m fails for Hebrew (line ~959)[K
[0m[48;2;40;67;43m[39m+     55[0m:[39m[48;2;24;38;30m [38;2;192;197;206m```[38;2;208;135;112mjavascript[K
[0m[48;2;40;67;43m[39m+     56[0m:[39m[48;2;24;38;30m [38;2;192;197;206mfunction contextualMeaning(w) {[K
[0m[48;2;40;67;43m[39m+     57[0m:[39m[48;2;24;38;30m [38;2;192;197;206m  if (!w.m || !w.m.startsWith('V-')) return '';  // Always empty for Hebrew[K
[0m[48;2;40;67;43m[39m+     58[0m:[39m[48;2;24;38;30m [38;2;192;197;206m```[K
[0m[48;2;40;67;43m[39m+     59[0m:[39m[48;2;24;38;30m [38;2;192;197;206mAll the contextual meaning lookups (like [38;2;163;190;140m`[38;2;163;190;140mλέγω_PPP → 'llamado'[38;2;163;190;140m`[38;2;192;197;206m) are Greek-only.[K
[0m[48;2;40;67;43m[39m+     60[0m:[39m[48;2;24;38;30m [K
[0m[48;2;40;67;43m[39m+     61[0m:[39m[48;2;24;38;30m [38;2;192;197;206m---[K
[0m[48;2;40;67;43m[39m+     62[0m:[39m[48;2;24;38;30m [K
[0m[48;2;40;67;43m[39m+     63[0m:[39m[48;2;24;38;30m [38;2;143;161;179m##[38;2;192;197;206m [38;2;143;161;179m3. NT vs OT Feature Comparison[K
[0m[48;2;40;67;43m[39m+     64[0m:[39m[48;2;24;38;30m [K
[0m[48;2;40;67;43m[39m+     65[0m:[39m[48;2;24;38;30m [38;2;192;197;206m|[38;2;192;197;206m Feature [38;2;192;197;206m|[38;2;192;197;206m NT (MorphGNT) [38;2;192;197;206m|[38;2;192;197;206m OT (WLC + LXX) [38;2;192;197;206m|[K
[0m[48;2;40;67;43m[39m+     66[0m:[39m[48;2;24;38;30m [38;2;192;197;206m|[38;2;192;197;206m---------[38;2;192;197;206m|[38;2;192;197;206m---------------[38;2;192;197;206m|[38;2;192;197;206m-----------------[38;2;192;197;206m|[K
[0m[48;2;40;67;43m[39m+     67[0m:[39m[48;2;24;38;30m [38;2;192;197;206m|[38;2;192;197;206m Word-by-word hover [38;2;192;197;206m|[38;2;192;197;206m ✅ Full (gloss, lemma, morph) [38;2;192;197;206m|[38;2;192;197;206m ✅ Works (gloss from lexicon) [38;2;192;197;206m|[K
[0m[48;2;40;67;43m[39m+     68[0m:[39m[48;2;24;38;30m [38;2;192;197;206m|[38;2;192;197;206m explainEnding decomposition [38;2;192;197;206m|[38;2;192;197;206m ✅ Full RMAC parsing [38;2;192;197;206m|[38;2;192;197;206m ❌ Falls to generic fallback [38;2;192;197;206m|[K
[0m[48;2;40;67;43m[39m+     69[0m:[39m[48;2;24;38;30m [38;2;192;197;206m|[38;2;192;197;206m verbTenseEs [38;2;192;197;206m|[38;2;192;197;206m ✅ Full tense/voice/mood [38;2;192;197;206m|[38;2;192;197;206m ❌ Silent failure (empty string) [38;2;192;197;206m|[K
[0m[48;2;40;67;43m[39m+     70[0m:[39m[48;2;24;38;30m [38;2;192;197;206m|[38;2;192;197;206m contextualMeaning [38;2;192;197;206m|[38;2;192;197;206m ✅ 50+ entries [38;2;192;197;206m|[38;2;192;197;206m ❌ None for Hebrew [38;2;192;197;206m|[K
[0m[48;2;40;67;43m[39m+     71[0m:[39m[48;2;24;38;30m [38;2;192;197;206m|[38;2;192;197;206m LXX parallel line [38;2;192;197;206m|[38;2;192;197;206m N/A [38;2;192;197;206m|[38;2;192;197;206m ✅ Rendered in study.html [38;2;192;197;206m|[K
[0m[48;2;40;67;43m[39m+     72[0m:[39m[48;2;24;38;30m [38;2;192;197;206m|[38;2;192;197;206m LXX-ES translation [38;2;192;197;206m|[38;2;192;197;206m N/A [38;2;192;197;206m|[38;2;192;197;206m ✅ Rendered in study.html [38;2;192;197;206m|[K
[0m[48;2;40;67;43m[39m+     73[0m:[39m[48;2;24;38;30m [38;2;192;197;206m|[38;2;192;197;206m Compound decomposition [38;2;192;197;206m|[38;2;192;197;206m ✅ Greek compounds [38;2;192;197;206m|[38;2;192;197;206m ❌ Not populated for Hebrew [38;2;192;197;206m|[K
[0m[48;2;40;67;43m[39m+     74[0m:[39m[48;2;24;38;30m [38;2;192;197;206m|[38;2;192;197;206m Exegetical commentary (commentaries table) [38;2;192;197;206m|[38;2;192;197;206m ✅ 27 books [38;2;192;197;206m|[38;2;192;197;206m ❌ Table is NT-only [38;2;192;197;206m|[K
[0m[48;2;40;67;43m[39m+     75[0m:[39m[48;2;24;38;30m [38;2;192;197;206m|[38;2;192;197;206m Patristic [38;2;192;197;206m|[38;2;192;197;206m ✅ Full [38;2;192;197;206m|[38;2;192;197;206m ✅ Full (Genesis=9266, Psalms=21625, Isaiah=5206) [38;2;192;197;206m|[K
[0m[48;2;40;67;43m[39m+     76[0m:[39m[48;2;24;38;30m [38;2;192;197;206m|[38;2;192;197;206m Cross-references [38;2;192;197;206m|[38;2;192;197;206m ✅ [38;2;192;197;206m|[38;2;192;197;206m ✅ [38;2;192;197;206m|[K
[0m[48;2;40;67;43m[39m+     77[0m:[39m[48;2;24;38;30m [38;2;192;197;206m|[38;2;192;197;206m Apparatus / TC [38;2;192;197;206m|[38;2;192;197;206m ✅ [38;2;192;197;206m|[38;2;192;197;206m ✅ (OT has variants) [38;2;192;197;206m|[K
[0m[48;2;40;67;43m[39m+     78[0m:[39m[48;2;24;38;30m [38;2;192;197;206m|[38;2;192;197;206m openWordStudy popup [38;2;192;197;206m|[38;2;192;197;206m ✅ Greek links work [38;2;192;197;206m|[38;2;192;197;206m ⚠️ Links broken for H-numbers [38;2;192;197;206m|[K
[0m[48;2;40;67;43m[39m+     79[0m:[39m[48;2;24;38;30m [38;2;192;197;206m|[38;2;192;197;206m Unified analysis WLC line [38;2;192;197;206m|[38;2;192;197;206m ❌ Not rendered [38;2;192;197;206m|[38;2;192;197;206m ❌ Not rendered [38;2;192;197;206m|[K
[0m[48;2;40;67;43m[39m+     80[0m:[39m[48;2;24;38;30m [38;2;192;197;206m|[38;2;192;197;206m Unified analysis LXX line [38;2;192;197;206m|[38;2;192;197;206m N/A [38;2;192;197;206m|[38;2;192;197;206m ❌ Not rendered [38;2;192;197;206m|[K
[0m[48;2;40;67;43m[39m+     81[0m:[39m[48;2;24;38;30m [38;2;192;197;206m|[38;2;192;197;206m Unified analysis LXX-ES [38;2;192;197;206m|[38;2;192;197;206m N/A [38;2;192;197;206m|[38;2;192;197;206m ❌ Not rendered [38;2;192;197;206m|[K
[0m[48;2;40;67;43m[39m+     82[0m:[39m[48;2;24;38;30m [K
[0m[48;2;40;67;43m[39m+     83[0m:[39m[48;2;24;38;30m [38;2;192;197;206m---[K
[0m[48;2;40;67;43m[39m+     84[0m:[39m[48;2;24;38;30m [K
[0m[48;2;40;67;43m[39m+     85[0m:[39m[48;2;24;38;30m [38;2;143;161;179m##[38;2;192;197;206m [38;2;143;161;179m4. [38;2;163;190;140m`[38;2;163;190;140mrenderMorph[38;2;163;190;140m`[38;2;143;161;179m and WLC Data (Hebrew OSHM Format)[K
[0m[48;2;40;67;43m[39m+     86[0m:[39m[48;2;24;38;30m [K
[0m[48;2;40;67;43m[39m+     87[0m:[39m[48;2;24;38;30m [38;2;235;203;139m**[38;2;235;203;139mWLC morph_code format[38;2;235;203;139m**[38;2;192;197;206m (confirmed from DB, 306K words):[K
[0m[48;2;40;67;43m[39m+     88[0m:[39m[48;2;24;38;30m [38;2;191;97;106m-[38;2;191;97;106m [38;2;163;190;140m`[38;2;163;190;140mHNcmsa[38;2;163;190;140m`[38;2;191;97;106m = Hebrew, Noun, common, masculine, singular, absolute[K
[0m[48;2;40;67;43m[39m+     89[0m:[39m[48;2;24;38;30m [38;2;191;97;106m-[38;2;191;97;106m [38;2;163;190;140m`[38;2;163;190;140mHVqp3ms[38;2;163;190;140m`[38;2;191;97;106m = Hebrew, Verb, qal, perfect, 3rd person, masculine, singular[K
[0m[48;2;40;67;43m[39m+     90[0m:[39m[48;2;24;38;30m [38;2;191;97;106m-[38;2;191;97;106m [38;2;163;190;140m`[38;2;163;190;140mHR[38;2;163;190;140m`[38;2;191;97;106m = Hebrew, Preposition[K
[0m[48;2;40;67;43m[39m+     91[0m:[39m[48;2;24;38;30m [38;2;191;97;106m-[38;2;191;97;106m [38;2;163;190;140m`[38;2;163;190;140mHTd/Ncmpa[38;2;163;190;140m`[38;2;191;97;106m = Hebrew, article + Noun, common, masculine, plural, absolute[K
[0m[48;2;40;67;43m[39m+     92[0m:[39m[48;2;24;38;30m [38;2;191;97;106m-[38;2;191;97;106m [38;2;163;190;140m`[38;2;163;190;140mHC/Vqw3ms[38;2;163;190;140m`[38;2;191;97;106m = Hebrew, conjunction + Verb, qal, wayyiqtol, 3rd masculine singular[K
[0m[48;2;40;67;43m[39m+     93[0m:[39m[48;2;24;38;30m [K
[0m[48;2;40;67;43m[39m+     94[0m:[39m[48;2;24;38;30m [38;2;235;203;139m**[38;2;235;203;139mExpected behavior[38;2;235;203;139m**[38;2;192;197;206m: The system should parse OSHM codes into human-readable Spanish explanations, analogous to how [38;2;163;190;140m`[38;2;163;190;140mexplainEnding[38;2;163;190;140m`[38;2;192;197;206m handles RMAC for Greek.[K
[0m[48;2;40;67;43m[39m+     95[0m:[39m[48;2;24;38;30m [K
[0m[48;2;40;67;43m[39m+     96[0m:[39m[48;2;24;38;30m [38;2;235;203;139m**[38;2;235;203;139mCurrent behavior[38;2;235;203;139m**[38;2;192;197;206m: All Hebrew morphology words get either:[K
[0m[48;2;40;67;43m[39m+     97[0m:[39m[48;2;24;38;30m [38;2;191;97;106m-[38;2;191;97;106m [38;2;191;97;106mEmpty string (from [38;2;163;190;140m`[38;2;163;190;140mverbTenseEs[38;2;163;190;140m`[38;2;191;97;106m, [38;2;163;190;140m`[38;2;163;190;140mcontextualMeaning[38;2;163;190;140m`[38;2;191;97;106m)[K
[0m[48;2;40;67;43m[39m+     98[0m:[39m[48;2;24;38;30m [38;2;191;97;106m-[38;2;191;97;106m Generic "Forma flexionada de X" (from [38;2;163;190;140m`[38;2;163;190;140mexplainEnding[38;2;163;190;140m`[38;2;191;97;106m fallback)[K
[0m[48;2;40;67;43m[39m+     99[0m:[39m[48;2;24;38;30m [K
[0m[48;2;40;67;43m[39m+    100[0m:[39m[48;2;24;38;30m [38;2;192;197;206m---[K
[0m[48;2;40;67;43m[39m+    101[0m:[39m[48;2;24;38;30m [K
[0m[48;2;40;67;43m[39m+    102[0m:[39m[48;2;24;38;30m [38;2;143;161;179m##[38;2;192;197;206m [38;2;143;161;179m5. [38;2;163;190;140m`[38;2;163;190;140mopenWordStudy[38;2;163;190;140m`[38;2;143;161;179m Hebrew Links Bug[K
[0m[48;2;40;67;43m[39m+    103[0m:[39m[48;2;24;38;30m [K
[0m[48;2;40;67;43m[39m+    104[0m:[39m[48;2;24;38;30m [38;2;163;190;140m`[38;2;163;190;140mopenWordStudy[38;2;163;190;140m`[38;2;192;197;206m (line ~1168-1230) generates external links:[K
[0m[48;2;40;67;43m[39m+    105[0m:[39m[48;2;24;38;30m [38;2;192;197;206m```[38;2;208;135;112mjavascript[K
[0m[48;2;40;67;43m[39m+    106[0m:[39m[48;2;24;38;30m [38;2;192;197;206m<li><a href="https://www.blueletterbible.org/lexicon/${w.s || ''}/kjv/tr/0-1/">Blue Letter Bible</a></li>[K
[0m[48;2;40;67;43m[39m+    107[0m:[39m[48;2;24;38;30m [38;2;192;197;206m<li><a href="https://biblehub.com/greek/${(w.s||'').replace('G','')}.htm">BibleHub</a></li>[K
[0m[48;2;40;67;43m[39m+    108[0m:[39m[48;2;24;38;30m [38;2;192;197;206m<li><a href="https://www.perseus.tufts.edu/hopper/morph?l=${encodeURIComponent(w.l)}&la=greek">Perseus</a></li>[K
[0m[48;2;40;67;43m[39m+    109[0m:[39m[48;2;24;38;30m [38;2;192;197;206m```[K
[0m[48;2;40;67;43m[39m+    110[0m:[39m[48;2;24;38;30m [K
[0m[48;2;40;67;43m[39m+    111[0m:[39m[48;2;24;38;30m [38;2;235;203;139m**[38;2;235;203;139mBugs for Hebrew (H-numbers)[38;2;235;203;139m**[38;2;192;197;206m:[K
[0m[48;2;40;67;43m[39m+    112[0m:[39m[48;2;24;38;30m [38;2;191;97;106m1[38;2;191;97;106m.[38;2;191;97;106m [38;2;191;97;106mBibleHub link: [38;2;163;190;140m`[38;2;163;190;140mbiblehub.com/greek/1254.htm[38;2;163;190;140m`[38;2;191;97;106m — wrong! Should be [38;2;163;190;140m`[38;2;163;190;140mbiblehub.com/hebrew/1254.htm[38;2;163;190;140m`[K
[0m[48;2;40;67;43m[39m+    113[0m:[39m[48;2;24;38;30m [38;2;191;97;106m2[38;2;191;97;106m.[38;2;191;97;106m Perseus link: [38;2;163;190;140m`[38;2;163;190;140m&la=greek[38;2;163;190;140m`[38;2;191;97;106m — wrong! Should be [38;2;163;190;140m`[38;2;163;190;140m&la=hebrew[38;2;163;190;140m`[38;2;191;97;106m (though Perseus doesn't have Hebrew morphology)[K
[0m[48;2;40;67;43m[39m+    114[0m:[39m[48;2;24;38;30m [38;2;191;97;106m3[38;2;191;97;106m.[38;2;191;97;106m Blue Letter Bible: Actually works for both G and H numbers ✅[K
[0m[48;2;40;67;43m[39m+    115[0m:[39m[48;2;24;38;30m [38;2;191;97;106m4[38;2;191;97;106m.[38;2;191;97;106m Logeion: Only has Greek, not Hebrew[K
[0m[48;2;40;67;43m[39m+    116[0m:[39m[48;2;24;38;30m [38;2;191;97;106m5[38;2;191;97;106m.[38;2;191;97;106m STEP Bible: Works for both ✅[K
[0m[48;2;40;67;43m[39m+    117[0m:[39m[48;2;24;38;30m [K
[0m[48;2;40;67;43m[39m+    118[0m:[39m[48;2;24;38;30m [38;2;192;197;206m---[K
[0m[48;2;40;67;43m[39m+    119[0m:[39m[48;2;24;38;30m [K
[0m[48;2;40;67;43m[39m+    120[0m:[39m[48;2;24;38;30m [38;2;143;161;179m##[38;2;192;197;206m [38;2;143;161;179m6. LXX Morphology Codes vs explainEnding/verbTenseEs[K
[0m[48;2;40;67;43m[39m+    121[0m:[39m[48;2;24;38;30m [K
[0m[48;2;40;67;43m[39m+    122[0m:[39m[48;2;24;38;30m [38;2;235;203;139m**[38;2;235;203;139mLXX morph_code format[38;2;235;203;139m**[38;2;192;197;206m (confirmed from DB, 623K words):[K
[0m[48;2;40;67;43m[39m+    123[0m:[39m[48;2;24;38;30m [38;2;191;97;106m-[38;2;191;97;106m [38;2;163;190;140m`[38;2;163;190;140mN.NSM[38;2;163;190;140m`[38;2;191;97;106m = Noun, Nominative, Singular, Masculine[K
[0m[48;2;40;67;43m[39m+    124[0m:[39m[48;2;24;38;30m [38;2;191;97;106m-[38;2;191;97;106m [38;2;163;190;140m`[38;2;163;190;140mV.AAI3S[38;2;163;190;140m`[38;2;191;97;106m = Verb, Aorist, Active, Indicative, 3rd Singular[K
[0m[48;2;40;67;43m[39m+    125[0m:[39m[48;2;24;38;30m [38;2;191;97;106m-[38;2;191;97;106m [38;2;163;190;140m`[38;2;163;190;140mC[38;2;163;190;140m`[38;2;191;97;106m = Conjunction[K
[0m[48;2;40;67;43m[39m+    126[0m:[39m[48;2;24;38;30m [38;2;191;97;106m-[38;2;191;97;106m [38;2;163;190;140m`[38;2;163;190;140mP[38;2;163;190;140m`[38;2;191;97;106m = Preposition[K
[0m[48;2;40;67;43m[39m+    127[0m:[39m[48;2;24;38;30m [38;2;191;97;106m-[38;2;191;97;106m [38;2;163;190;140m`[38;2;163;190;140mD[38;2;163;190;140m`[38;2;191;97;106m = Adverb (?)[K
[0m[48;2;40;67;43m[39m+    128[0m:[39m[48;2;24;38;30m [38;2;191;97;106m-[38;2;191;97;106m [38;2;163;190;140m`[38;2;163;190;140mRP.GS[38;2;163;190;140m`[38;2;191;97;106m = Relative Pronoun, Genitive, Singular[K
[0m[48;2;40;67;43m[39m+    129[0m:[39m[48;2;24;38;30m [38;2;191;97;106m-[38;2;191;97;106m [38;2;163;190;140m`[38;2;163;190;140mRD.GSM[38;2;163;190;140m`[38;2;191;97;106m = Relative/Demonstrative, Genitive, Singular, Masculine[K
[0m[48;2;40;67;43m[39m+    130[0m:[39m[48;2;24;38;30m [38;2;191;97;106m-[38;2;191;97;106m [38;2;163;190;140m`[38;2;163;190;140mRA.NSM[38;2;163;190;140m`[38;2;191;97;106m = Article, Nominative, Singular, Masculine[K
[0m[48;2;40;67;43m[39m+    131[0m:[39m[48;2;24;38;30m [38;2;191;97;106m-[38;2;191;97;106m [38;2;163;190;140m`[38;2;163;190;140mX[38;2;163;190;140m`[38;2;191;97;106m = Particle[K
[0m[48;2;40;67;43m[39m+    132[0m:[39m[48;2;24;38;30m [K
[0m[48;2;40;67;43m[39m+    133[0m:[39m[48;2;24;38;30m [38;2;235;203;139m**[38;2;235;203;139mKey difference from RMAC[38;2;235;203;139m**[38;2;192;197;206m: LXX uses dot separator ([38;2;163;190;140m`[38;2;163;190;140mV.AAI3S[38;2;163;190;140m`[38;2;192;197;206m) while RMAC uses hyphen ([38;2;163;190;140m`[38;2;163;190;140mV-AAI-3S[38;2;163;190;140m`[38;2;192;197;206m).[K
[0m[48;2;40;67;43m[39m+    134[0m:[39m[48;2;24;38;30m [K
[0m[48;2;40;67;43m[39m+    135[0m:[39m[48;2;24;38;30m [38;2;235;203;139m**[38;2;235;203;139mImpact on study.html[38;2;235;203;139m**[38;2;192;197;206m: The [38;2;163;190;140m`[38;2;163;190;140mrenderLxxMorph[38;2;163;190;140m`[38;2;192;197;206m function (line 1110) is only used for hover display — it shows [38;2;163;190;140m`[38;2;163;190;140mw.g[38;2;163;190;140m`[38;2;192;197;206m (gloss) + lemma. It does NOT call [38;2;163;190;140m`[38;2;163;190;140mexplainEnding[38;2;163;190;140m`[38;2;192;197;206m or [38;2;163;190;140m`[38;2;163;190;140mverbTenseEs[38;2;163;190;140m`[38;2;192;197;206m. The [38;2;163;190;140m`[38;2;163;190;140mopenLxxStudy[38;2;163;190;140m`[38;2;192;197;206m popup (line 1131) shows raw morph code without human-readable explanation.[K
[0m[48;2;40;67;43m[39m+    136[0m:[39m[48;2;24;38;30m [K
[0m[48;2;40;67;43m[39m+    137[0m:[39m[48;2;24;38;30m [38;2;235;203;139m**[38;2;235;203;139mImpact on unified_html[38;2;235;203;139m**[38;2;192;197;206m: LXX morphology is completely absent — [38;2;163;190;140m`[38;2;163;190;140mlxx_morphology[38;2;163;190;140m`[38;2;192;197;206m key is never used.[K
[0m[48;2;40;67;43m[39m+    138[0m:[39m[48;2;24;38;30m [K
[0m[48;2;40;67;43m[39m+    139[0m:[39m[48;2;24;38;30m [38;2;192;197;206m---[K
[0m[48;2;40;67;43m[39m+    140[0m:[39m[48;2;24;38;30m [K
[0m[48;2;40;67;43m[39m+    141[0m:[39m[48;2;24;38;30m [38;2;143;161;179m##[38;2;192;197;206m [38;2;143;161;179m7. [38;2;163;190;140m`[38;2;163;190;140mgather_chapter_data[38;2;163;190;140m`[38;2;143;161;179m Candidates Handling for OT[K
[0m[48;2;40;67;43m[39m+    142[0m:[39m[48;2;24;38;30m [K
[0m[48;2;40;67;43m[39m+    143[0m:[39m[48;2;24;38;30m [38;2;235;203;139m**[38;2;235;203;139mFunction[38;2;235;203;139m**[38;2;192;197;206m: [38;2;163;190;140m`[38;2;163;190;140mget_all_db_names(book)[38;2;163;190;140m`[38;2;192;197;206m in [38;2;163;190;140m`[38;2;163;190;140mbooks.py:124-130[38;2;163;190;140m`[K
[0m[48;2;40;67;43m[39m+    144[0m:[39m[48;2;24;38;30m [38;2;191;97;106m-[38;2;191;97;106m [38;2;191;97;106mReturns [38;2;163;190;140m`[38;2;163;190;140m[canonical_name] + [all aliases][38;2;163;190;140m`[K
[0m[48;2;40;67;43m[39m+    145[0m:[39m[48;2;24;38;30m [38;2;191;97;106m-[38;2;191;97;106m For Psalms: [38;2;163;190;140m`[38;2;163;190;140m["Psalms", "Ps", "Pss", "Sal", "Salmos", ...][38;2;163;190;140m`[K
[0m[48;2;40;67;43m[39m+    146[0m:[39m[48;2;24;38;30m [K
[0m[48;2;40;67;43m[39m+    147[0m:[39m[48;2;24;38;30m [38;2;235;203;139m**[38;2;235;203;139mDB name inconsistency[38;2;235;203;139m**[38;2;192;197;206m (confirmed):[K
[0m[48;2;40;67;43m[39m+    148[0m:[39m[48;2;24;38;30m [38;2;191;97;106m-[38;2;191;97;106m [38;2;163;190;140m`[38;2;163;190;140mmorphology[38;2;163;190;140m`[38;2;191;97;106m table: uses abbreviations ([38;2;163;190;140m`[38;2;163;190;140mPs[38;2;163;190;140m`[38;2;191;97;106m, [38;2;163;190;140m`[38;2;163;190;140mGen[38;2;163;190;140m`[38;2;191;97;106m, [38;2;163;190;140m`[38;2;163;190;140mExod[38;2;163;190;140m`[38;2;191;97;106m, [38;2;163;190;140m`[38;2;163;190;140mIsa[38;2;163;190;140m`[38;2;191;97;106m)[K
[0m[48;2;40;67;43m[39m+    149[0m:[39m[48;2;24;38;30m [38;2;191;97;106m-[38;2;191;97;106m [38;2;163;190;140m`[38;2;163;190;140mverses[38;2;163;190;140m`[38;2;191;97;106m table: mixed ([38;2;163;190;140m`[38;2;163;190;140mPs[38;2;163;190;140m`[38;2;191;97;106m and [38;2;163;190;140m`[38;2;163;190;140mPsalms[38;2;163;190;140m`[38;2;191;97;106m)[K
[0m[48;2;40;67;43m[39m+    150[0m:[39m[48;2;24;38;30m [38;2;191;97;106m-[38;2;191;97;106m [38;2;163;190;140m`[38;2;163;190;140mpatristic[38;2;163;190;140m`[38;2;191;97;106m table: uses full English names ([38;2;163;190;140m`[38;2;163;190;140mPsalms[38;2;163;190;140m`[38;2;191;97;106m, [38;2;163;190;140m`[38;2;163;190;140mGenesis[38;2;163;190;140m`[38;2;191;97;106m, [38;2;163;190;140m`[38;2;163;190;140mIsaiah[38;2;163;190;140m`[38;2;191;97;106m)[K
[0m[48;2;40;67;43m[39m+    151[0m:[39m[48;2;24;38;30m [38;2;191;97;106m-[38;2;191;97;106m [38;2;163;190;140m`[38;2;163;190;140mcross_refs[38;2;163;190;140m`[38;2;191;97;106m table: uses [38;2;163;190;140m`[38;2;163;190;140msource_book[38;2;163;190;140m`[38;2;191;97;106m field[K
[0m[48;2;40;67;43m[39m+    152[0m:[39m[48;2;24;38;30m [K
[0m[48;2;40;67;43m[39m+    153[0m:[39m[48;2;24;38;30m [38;2;235;203;139m**[38;2;235;203;139mVerdict[38;2;235;203;139m**[38;2;192;197;206m: The [38;2;163;190;140m`[38;2;163;190;140mcandidates[38;2;163;190;140m`[38;2;192;197;206m loop correctly handles this by trying all variants. Each query ([38;2;163;190;140m`[38;2;163;190;140mfor b in candidates: rows = db.execute(..., (b, chapter,...))[38;2;163;190;140m`[38;2;192;197;206m) will find data regardless of which name format that particular table uses.[K
[0m[48;2;40;67;43m[39m+    154[0m:[39m[48;2;24;38;30m [K
[0m[48;2;40;67;43m[39m+    155[0m:[39m[48;2;24;38;30m [38;2;192;197;206m---[K
[0m[48;2;40;67;43m[39m+    156[0m:[39m[48;2;24;38;30m [K
[0m[48;2;40;67;43m[39m+    157[0m:[39m[48;2;24;38;30m [38;2;143;161;179m##[38;2;192;197;206m [38;2;143;161;179m8. DB Word Count Consistency (WLC)[K
[0m[48;2;40;67;43m[39m+    158[0m:[39m[48;2;24;38;30m [K
[0m[48;2;40;67;43m[39m+    159[0m:[39m[48;2;24;38;30m [38;2;235;203;139m**[38;2;235;203;139mConfirmed[38;2;235;203;139m**[38;2;192;197;206m: Zero mismatches. Every chapter with WLC morphology words has corresponding WLC verses, and vice versa. The sub-verse merging (9a, 13a → parent verse) works correctly.[K
[0m[48;2;40;67;43m[39m+    160[0m:[39m[48;2;24;38;30m [K
[0m[48;2;40;67;43m[39m+    161[0m:[39m[48;2;24;38;30m [38;2;192;197;206m---[K
[0m[48;2;40;67;43m[39m+    162[0m:[39m[48;2;24;38;30m [K
[0m[48;2;40;67;43m[39m+    163[0m:[39m[48;2;24;38;30m [38;2;143;161;179m##[38;2;192;197;206m [38;2;143;161;179m9. Exegetical/Greek Commentaries for OT[K
[0m[48;2;40;67;43m[39m+    164[0m:[39m[48;2;24;38;30m [K
[0m[48;2;40;67;43m[39m+    165[0m:[39m[48;2;24;38;30m [38;2;235;203;139m**[38;2;163;190;140m`[38;2;163;190;140mcommentaries[38;2;163;190;140m`[38;2;235;203;139m table[38;2;235;203;139m**[38;2;192;197;206m: NT-ONLY (27 books: Matthew through Revelation). Zero OT entries.[K
[0m[48;2;40;67;43m[39m+    166[0m:[39m[48;2;24;38;30m [38;2;191;97;106m-[38;2;191;97;106m [38;2;191;97;106mSource: Robertson's Word Pictures, Vincent's Word Studies, etc. — all NT commentary.[K
[0m[48;2;40;67;43m[39m+    167[0m:[39m[48;2;24;38;30m [K
[0m[48;2;40;67;43m[39m+    168[0m:[39m[48;2;24;38;30m [38;2;235;203;139m**[38;2;163;190;140m`[38;2;163;190;140mgreek_commentaries[38;2;163;190;140m`[38;2;235;203;139m in chapter_data[38;2;235;203;139m**[38;2;192;197;206m: Only populated when [38;2;163;190;140m`[38;2;163;190;140mdata["morphology"][38;2;163;190;140m`[38;2;192;197;206m exists (line 298). For OT, morphology exists (WLC), so the code attempts the query... but the [38;2;163;190;140m`[38;2;163;190;140mcommentaries[38;2;163;190;140m`[38;2;192;197;206m table has no OT data.[K
[0m[48;2;40;67;43m[39m+    169[0m:[39m[48;2;24;38;30m [K
[0m[48;2;40;67;43m[39m+    170[0m:[39m[48;2;24;38;30m [38;2;235;203;139m**[38;2;235;203;139mResult[38;2;235;203;139m**[38;2;192;197;206m: OT chapters get [38;2;163;190;140m`[38;2;163;190;140mdata["greek_commentaries"] = {}[38;2;163;190;140m`[38;2;192;197;206m — the exegetical section never appears in study.html (because [38;2;163;190;140m`[38;2;163;190;140mcommCount[38;2;163;190;140m`[38;2;192;197;206m = 0) and never appears in unified_html (because [38;2;163;190;140m`[38;2;163;190;140mcommentaries[38;2;163;190;140m`[38;2;192;197;206m list is empty).[K
[0m[48;2;40;67;43m[39m+    171[0m:[39m[48;2;24;38;30m [K
[0m[48;2;40;67;43m[39m+    172[0m:[39m[48;2;24;38;30m [38;2;235;203;139m**[38;2;235;203;139mPatristic fills some of this gap[38;2;235;203;139m**[38;2;192;197;206m: Genesis has 9,266 patristic entries, Psalms has 21,625. But these are Father citations, not word-level exegesis.[K
[0m[48;2;40;67;43m[39m+    173[0m:[39m[48;2;24;38;30m [K
[0m[48;2;40;67;43m[39m+    174[0m:[39m[48;2;24;38;30m [38;2;192;197;206m---[K
[0m[48;2;40;67;43m[39m+    175[0m:[39m[48;2;24;38;30m [K
[0m[48;2;40;67;43m[39m+    176[0m:[39m[48;2;24;38;30m [38;2;143;161;179m##[38;2;192;197;206m [38;2;143;161;179m10. Improvements to Make Unified Analysis Equivalent for OT[K
[0m[48;2;40;67;43m[39m+    177[0m:[39m[48;2;24;38;30m [K
[0m[48;2;40;67;43m[39m+    178[0m:[39m[48;2;24;38;30m [38;2;143;161;179m###[38;2;192;197;206m [38;2;143;161;179mPriority 1 — Critical Rendering (unified_html_generator.py)[K
[0m[48;2;40;67;43m[39m+    179[0m:[39m[48;2;24;38;30m [38;2;191;97;106m1[38;2;191;97;106m.[38;2;191;97;106m [38;2;235;203;139m**[38;2;235;203;139mRender WLC Hebrew line[38;2;235;203;139m**[38;2;191;97;106m with interactive morphology (RTL direction, Hebrew font)[K
[0m[48;2;40;67;43m[39m+    180[0m:[39m[48;2;24;38;30m [38;2;191;97;106m2[38;2;191;97;106m.[38;2;191;97;106m [38;2;235;203;139m**[38;2;235;203;139mRender LXX line[38;2;235;203;139m**[38;2;191;97;106m with interactive morphology hover (using [38;2;163;190;140m`[38;2;163;190;140mlxx_morphology[38;2;163;190;140m`[38;2;191;97;106m data)[K
[0m[48;2;40;67;43m[39m+    181[0m:[39m[48;2;24;38;30m [38;2;191;97;106m3[38;2;191;97;106m.[38;2;191;97;106m [38;2;235;203;139m**[38;2;235;203;139mShow LXX-ES translation[38;2;235;203;139m**[38;2;191;97;106m below LXX line[K
[0m[48;2;40;67;43m[39m+    182[0m:[39m[48;2;24;38;30m [38;2;191;97;106m4[38;2;191;97;106m.[38;2;191;97;106m [38;2;235;203;139m**[38;2;235;203;139mUse separate color styling[38;2;235;203;139m**[38;2;191;97;106m for Hebrew vs Greek (current: all green Greek styling)[K
[0m[48;2;40;67;43m[39m+    183[0m:[39m[48;2;24;38;30m [K
[0m[48;2;40;67;43m[39m+    184[0m:[39m[48;2;24;38;30m [38;2;143;161;179m###[38;2;192;197;206m [38;2;143;161;179mPriority 2 — Morphology Intelligence (study_html_generator.py JS)[K
[0m[48;2;40;67;43m[39m+    185[0m:[39m[48;2;24;38;30m [38;2;191;97;106m5[38;2;191;97;106m.[38;2;191;97;106m [38;2;235;203;139m**[38;2;235;203;139mAdd [38;2;163;190;140m`[38;2;163;190;140mexplainHebrewMorph(code)[38;2;163;190;140m`[38;2;235;203;139m function[38;2;235;203;139m**[38;2;191;97;106m that parses OSHM codes:[K
[0m[48;2;40;67;43m[39m+    186[0m:[39m[48;2;24;38;30m [38;2;191;97;106m   [38;2;191;97;106m-[38;2;191;97;106m [38;2;163;190;140m`[38;2;163;190;140mH[38;2;163;190;140m`[38;2;191;97;106m prefix = Hebrew[K
[0m[48;2;40;67;43m[39m+    187[0m:[39m[48;2;24;38;30m [38;2;191;97;106m   [38;2;191;97;106m-[38;2;191;97;106m Part of speech: N(oun), V(erb), P(reposition), C(onjunction), R(elative), T(article), A(djective)[K
[0m[48;2;40;67;43m[39m+    188[0m:[39m[48;2;24;38;30m [38;2;191;97;106m   [38;2;191;97;106m-[38;2;191;97;106m Verb stems: q(al), n(iphal), p(iel), pu(al), h(ithpael), hi(phil), ho(phal)[K
[0m[48;2;40;67;43m[39m+    189[0m:[39m[48;2;24;38;30m [38;2;191;97;106m   [38;2;191;97;106m-[38;2;191;97;106m Verb forms: p(erfect), i(mperfect), w(ayyiqtol/wayyiqtol), v(oluntative), c(ohortative), j(ussive), a(imperative), r(participle active), s(participle passive)[K
[0m[48;2;40;67;43m[39m+    190[0m:[39m[48;2;24;38;30m [38;2;191;97;106m   [38;2;191;97;106m-[38;2;191;97;106m Person/gender/number[K
[0m[48;2;40;67;43m[39m+    191[0m:[39m[48;2;24;38;30m [38;2;191;97;106m6[38;2;191;97;106m.[38;2;191;97;106m [38;2;235;203;139m**[38;2;235;203;139mAdd [38;2;163;190;140m`[38;2;163;190;140mexplainLxxMorph(code)[38;2;163;190;140m`[38;2;235;203;139m function[38;2;235;203;139m**[38;2;191;97;106m that parses dot-format LXX codes (similar to RMAC but with [38;2;163;190;140m`[38;2;163;190;140m.[38;2;163;190;140m`[38;2;191;97;106m instead of [38;2;163;190;140m`[38;2;163;190;140m-[38;2;163;190;140m`[38;2;191;97;106m)[K
[0m[48;2;40;67;43m[39m+    192[0m:[39m[48;2;24;38;30m [38;2;191;97;106m7[38;2;191;97;106m.[38;2;191;97;106m [38;2;235;203;139m**[38;2;235;203;139mAdd Hebrew [38;2;163;190;140m`[38;2;163;190;140mcontextualMeaning[38;2;163;190;140m`[38;2;235;203;139m entries[38;2;235;203;139m**[38;2;191;97;106m for common verb forms[K
[0m[48;2;40;67;43m[39m+    193[0m:[39m[48;2;24;38;30m [K
[0m[48;2;40;67;43m[39m+    194[0m:[39m[48;2;24;38;30m [38;2;143;161;179m###[38;2;192;197;206m [38;2;143;161;179mPriority 3 — External Links Fix[K
[0m[48;2;40;67;43m[39m+    195[0m:[39m[48;2;24;38;30m [38;2;191;97;106m8[38;2;191;97;106m.[38;2;191;97;106m [38;2;235;203;139m**[38;2;235;203;139mFix [38;2;163;190;140m`[38;2;163;190;140mopenWordStudy[38;2;163;190;140m`[38;2;235;203;139m links[38;2;235;203;139m**[38;2;191;97;106m for H-numbers:[K
[0m[48;2;40;67;43m[39m+    196[0m:[39m[48;2;24;38;30m [38;2;191;97;106m   [38;2;191;97;106m-[38;2;191;97;106m BibleHub: [38;2;163;190;140m`[38;2;163;190;140mbiblehub.com/hebrew/${num}.htm[38;2;163;190;140m`[K
[0m[48;2;40;67;43m[39m+    197[0m:[39m[48;2;24;38;30m [38;2;191;97;106m   [38;2;191;97;106m-[38;2;191;97;106m Replace Perseus/Logeion with Hebrew tools: Gesenius, BDB, HALOT online[K
[0m[48;2;40;67;43m[39m+    198[0m:[39m[48;2;24;38;30m [38;2;191;97;106m   [38;2;191;97;106m-[38;2;191;97;106m Add link to Pealim (modern Hebrew verb conjugations for reference)[K
[0m[48;2;40;67;43m[39m+    199[0m:[39m[48;2;24;38;30m [38;2;191;97;106m9[38;2;191;97;106m.[38;2;191;97;106m [38;2;235;203;139m**[38;2;235;203;139mFix [38;2;163;190;140m`[38;2;163;190;140mopenLxxStudy[38;2;163;190;140m`[38;2;235;203;139m**[38;2;191;97;106m to include morphology explanation (currently just shows raw code)[K
[0m[48;2;40;67;43m[39m+    200[0m:[39m[48;2;24;38;30m [K
[0m[48;2;40;67;43m[39m+    201[0m:[39m[48;2;24;38;30m [38;2;143;161;179m###[38;2;192;197;206m [38;2;143;161;179mPriority 4 — Content Gap[K
[0m[48;2;40;67;43m[39m+    202[0m:[39m[48;2;24;38;30m [38;2;191;97;106m10[38;2;191;97;106m.[38;2;191;97;106m [38;2;235;203;139m**[38;2;235;203;139mAdd OT commentary sources[38;2;235;203;139m**[38;2;191;97;106m to [38;2;163;190;140m`[38;2;163;190;140mcommentaries[38;2;163;190;140m`[38;2;191;97;106m table:[K
[0m[48;2;40;67;43m[39m+    203[0m:[39m[48;2;24;38;30m [38;2;191;97;106m    [38;2;191;97;106m-[38;2;191;97;106m Keil [38;2;191;97;106m&[38;2;191;97;106m Delitzsch (public domain)[K
[0m[48;2;40;67;43m[39m+    204[0m:[39m[48;2;24;38;30m [38;2;191;97;106m    [38;2;191;97;106m-[38;2;191;97;106m Matthew Henry (public domain)[K
[0m[48;2;40;67;43m[39m+    205[0m:[39m[48;2;24;38;30m [38;2;191;97;106m    [38;2;191;97;106m-[38;2;191;97;106m Cambridge Bible Commentary (public domain, older editions)[K
[0m[48;2;40;67;43m[39m+    206[0m:[39m[48;2;24;38;30m [38;2;191;97;106m    [38;2;191;97;106m-[38;2;191;97;106m This would enable the exegetical section for OT in both study.html and unified_analysis.html[K
[0m[48;2;40;67;43m[39m+    207[0m:[39m[48;2;24;38;30m [K
[0m[48;2;40;67;43m[39m+    208[0m:[39m[48;2;24;38;30m [38;2;143;161;179m###[38;2;192;197;206m [38;2;143;161;179mPriority 5 — Unified Analysis Parity[K
[0m[48;2;40;67;43m[39m+    209[0m:[39m[48;2;24;38;30m [38;2;191;97;106m11[38;2;191;97;106m.[38;2;191;97;106m [38;2;235;203;139m**[38;2;235;203;139mWord decomposition for Hebrew[38;2;235;203;139m**[38;2;191;97;106m: Slash-separated morphemes ([38;2;163;190;140m`[38;2;163;190;140mבְּ/רֵאשִׁ֖ית[38;2;163;190;140m`[38;2;191;97;106m = preposition + noun) could be visualized like Greek compound decomposition[K
[0m[48;2;40;67;43m[39m+    210[0m:[39m[48;2;24;38;30m [38;2;191;97;106m12[38;2;191;97;106m.[38;2;191;97;106m [38;2;235;203;139m**[38;2;235;203;139mAdd verb root system display[38;2;235;203;139m**[38;2;191;97;106m: Show 3-letter root (שׁרשׁ) with binyan pattern for Hebrew verbs[K
[0m[K
Creating: [38;5;141m/Users/murivirg/work/github/bible-expert/investigation/cdd60333/c4-docs/findings.md[0m
[38;5;244m - Completed in 1.347s[0m
[38;5;12m[1m [1.48][0m[0m
[?25l[0m[?25l[0m[0mI will run the following command: [38;5;141mprintf '%s|Findings complete\n' "$(date +%H:%M:%S)" >> /Users/murivirg/work/github/bible-expert/investigation/cdd60333/c4-docs/nodes && echo '{"from":"c4-docs","finding":"COMPLETE: Full findings written. Key issues: (1) unified_html missing WLC/LXX/LXX-ES lines entirely, (2) explainEnding/verbTenseEs/contextualMeaning all silently fail for OSHM Hebrew codes (start with H not V-), (3) LXX codes use dots not hyphens so wont match RMAC either, (4) openWordStudy hardcodes /greek/ in BibleHub URL for H-numbers, (5) commentaries table is NT-only so no exeg section for OT, (6) DB word counts are consistent, (7) candidates/book name resolution works fine across tables."}' >> /Users/murivirg/work/github/bible-expert/investigation/cdd60333/shared_findings.jsonl[0m[38;5;244m (using tool: shell)[0m

[38;5;244m - Completed in 1.346s[0m
[38;5;12m[1m [1.49][0m[0m
[?25l[0m[38;5;141m> [0mInvestigation complete. Full findings written to [38;5;10m/Users/murivirg/work/github/bible-expert/investigation/cdd60333/c4-docs/findings.md[0m.[0m[0m
[0m[0m
[1mSummary of key findings:[22m[0m[0m
[0m[0m
1. [1munified_html_generator.py[22m is missing WLC Hebrew line, LXX line, and LXX-ES translation entirely — it only renders a single "Greek line" using whatever is in [38;5;10mD.morphology[0m[0m[0m
2. [1m[38;5;10mexplainEnding[0m/[38;5;10mverbTenseEs[0m/[38;5;10mcontextualMeaning[0m[22m all silently fail for Hebrew because they check [38;5;10mrmac.startsWith('V-')[0m etc., but OSHM codes start with [38;5;10mH[0m (e.g., [38;5;10mHVqp3ms[0m)[0m[0m
3. [1mLXX codes[22m use dot format ([38;5;10mV.AAI3S[0m) not RMAC hyphens ([38;5;10mV-AAI-3S[0m), so they also fail morphology explanation[0m[0m
4. [1m[38;5;10mopenWordStudy[0m external links[22m hardcode [38;5;10m/greek/[0m in BibleHub URL — broken for H-numbers (should be [38;5;10m/hebrew/[0m)[0m[0m
5. [1m[38;5;10mcommentaries[0m table[22m is NT-only (27 books), causing zero exegetical content for OT chapters[0m[0m
6. [1mDB word counts[22m are fully consistent (zero mismatches between WLC morphology and verses)[0m[0m
7. [1mBook name candidates[22m work correctly across all tables despite naming ]9;Response completeinconsistencies[0m[0m[38;5;12m[1m✓ Created checkpoint 1

[0m[0m
[38;5;8m
 ▸ Credits: 10.39 • Time: 5m 48s

[0m[1G[0m[0m[?25h